date,platform,product_category,model_name,condition,median_price_usd,target_price_30d,predicted_price_usd,absolute_error,percentage_error
2026-01-04,Amazon,Watch,Apple Watch Series 6 (44mm),New,252.65,259.08,253.75002429571134,5.329975704288643,2.057270227068335
2026-01-09,Amazon,Watch,Apple Watch Series 6 (44mm),New,254.84500000000003,257.64,255.96426393165706,1.6757360683429283,0.6504176635394071
2026-01-14,Amazon,Watch,Apple Watch Series 6 (44mm),New,258.79,255.01,255.72515311149652,0.7151531114965337,0.2804412028926449
2026-01-22,Amazon,Watch,Apple Watch Series 6 (44mm),New,260.55,260.76,261.0568955570602,0.29689555706022475,0.11385778380895259
2026-01-23,Amazon,Watch,Apple Watch Series 6 (44mm),New,260.53,257.205,260.68309313439175,3.47809313439177,1.3522649771162187
2026-01-24,Amazon,Watch,Apple Watch Series 6 (44mm),New,258.23,261.38,256.7572383684272,4.622761631572814,1.7685980685487852
2026-02-08,Amazon,Watch,Apple Watch Series 6 (44mm),New,257.64,256.835,257.7638312347204,0.9288312347204055,0.36164511640563224
2026-02-13,Amazon,Watch,Apple Watch Series 6 (44mm),New,255.01,255.07,260.926777949889,5.856777949889022,2.2961453522127346
2026-03-09,Amazon,Watch,Apple Watch Series 6 (44mm),New,259.56,256.77,262.8668427226779,6.096842722677934,2.37443732627563
2026-04-04,Amazon,Watch,Apple Watch Series 6 (44mm),New,261.28,258.03,253.4401388201302,4.589861179869786,1.7788091229197327
2026-04-10,Amazon,Watch,Apple Watch Series 6 (44mm),New,260.76,257.63,260.7830345794793,3.1530345794793107,1.223861576477627
2026-04-21,Amazon,Watch,Apple Watch Series 6 (44mm),New,261.435,256.315,260.22230063332165,3.907300633321654,1.5244135666354501
2026-04-29,Amazon,Watch,Apple Watch Series 6 (44mm),New,255.07,261.06,262.87065393926594,1.8106539392659329,0.6935776983321584
2026-05-04,Amazon,Watch,Apple Watch Series 6 (44mm),New,258.03,253.76,256.8438374867146,3.0838374867146285,1.2152575215615655
2026-05-06,Amazon,Watch,Apple Watch Series 6 (44mm),New,258.47,259.91999999999996,260.915609128729,0.9956091287290292,0.3830444478027968
2026-05-14,Amazon,Watch,Apple Watch Series 6 (44mm),New,257.83,259.45,260.0127546324057,0.5627546324056993,0.21690292249207915
2026-05-19,Amazon,Watch,Apple Watch Series 6 (44mm),New,253.05,258.86,255.424987142977,3.4350128570230254,1.3269770752619274
2026-05-21,Amazon,Watch,Apple Watch Series 6 (44mm),New,256.315,254.38,257.41066689319973,3.0306668931997365,1.1913935424167532
2026-05-22,Amazon,Watch,Apple Watch Series 6 (44mm),New,252.59,261.85,259.2784528995767,2.571547100423345,0.9820687799974585
2026-05-25,Amazon,Watch,Apple Watch Series 6 (44mm),New,253.27,259.24,260.15465181680645,0.9146518168064404,0.3528204817182689
2026-06-11,Amazon,Watch,Apple Watch Series 6 (44mm),New,260.09,210.64,239.2138887561635,28.573888756163512,13.565271912345004
2026-06-18,Amazon,Watch,Apple Watch Series 6 (44mm),New,258.86,199.18,257.4689734935994,58.28897349359937,29.26447107822039
2026-06-20,Amazon,Watch,Apple Watch Series 6 (44mm),New,254.38,253.97,260.6768945964932,6.706894596493186,2.6408215917207487
2026-06-21,Amazon,Watch,Apple Watch Series 6 (44mm),New,261.85,261.85,258.29408841663854,3.5559115833614783,1.3579956400082023
2026-06-22,Amazon,Watch,Apple Watch Series 6 (44mm),New,255.48,257.75,260.583288281554,2.833288281554019,1.099238906519503
2026-01-02,Amazon,Watch,Apple Watch Series 6 (44mm),Renewed/Refurbished,183.29,198.48,195.62192242382275,2.8580775761772372,1.4399826562763187
2026-05-10,Amazon,Watch,Apple Watch Series 6 (44mm),Renewed/Refurbished,190.66,184.1,198.22353708622893,14.123537086228936,7.671665989260693
2026-01-04,Amazon,Watch,Apple Watch Series 7 (45mm),New,255.76,252.72,260.83302429132203,8.113024291322034,3.2102818500008046
2026-01-05,Amazon,Watch,Apple Watch Series 7 (45mm),New,258.71,254.92,257.63337361352575,2.7133736135257607,1.064402013779131
2026-01-21,Amazon,Watch,Apple Watch Series 7 (45mm),New,253.64,257.3,261.35080608840906,4.050806088409047,1.574351375207558
2026-01-26,Amazon,Watch,Apple Watch Series 7 (45mm),New,260.29,260.79,258.9063312781099,1.8836687218901034,0.7222933095172757
2026-01-28,Amazon,Watch,Apple Watch Series 7 (45mm),New,261.67,259.17,259.53046961996324,0.3604696199632258,0.13908616736629462
2026-02-01,Amazon,Watch,Apple Watch Series 7 (45mm),New,258.92,256.88,261.0796261752083,4.199626175208323,1.6348591463750868
2026-02-02,Amazon,Watch,Apple Watch Series 7 (45mm),New,259.39,259.23,258.9692691501869,0.2607308498131147,0.10057896455391531
2026-02-04,Amazon,Watch,Apple Watch Series 7 (45mm),New,254.92,261.82,258.7120925276456,3.107907472354384,1.1870397495815386
2026-02-06,Amazon,Watch,Apple Watch Series 7 (45mm),New,253.76,257.37,259.50895497677703,2.138954976777029,0.8310817021319614
2026-02-20,Amazon,Watch,Apple Watch Series 7 (45mm),New,257.3,262.06,264.62218095868684,2.562180958686838,0.9777077610802252
2026-02-25,Amazon,Watch,Apple Watch Series 7 (45mm),New,260.79,259.19,260.0163653733851,0.8263653733851015,0.3188261018500334
2026-02-28,Amazon,Watch,Apple Watch Series 7 (45mm),New,258.11,255.17,258.77071688461257,3.6007168846125808,1.4111051003693933
2026-03-03,Amazon,Watch,Apple Watch Series 7 (45mm),New,256.88,253.43,258.97057989921905,5.54057989921904,2.186236790916245
2026-03-08,Amazon,Watch,Apple Watch Series 7 (45mm),New,257.37,257.43,252.74218645271452,4.6878135472854865,1.8210051459757939
2026-03-12,Amazon,Watch,Apple Watch Series 7 (45mm),New,257.8,260.5,257.02408631773,3.4759136822700043,1.3343238703531686
2026-03-14,Amazon,Watch,Apple Watch Series 7 (45mm),New,255.25,262.52,255.13657533247329,7.383424667526697,2.812518919521064
2026-03-23,Amazon,Watch,Apple Watch Series 7 (45mm),New,258.96,260.48,255.5546109208264,4.925389079173613,1.8908895420660365
2026-03-30,Amazon,Watch,Apple Watch Series 7 (45mm),New,255.17,257.705,258.92997978205295,1.2249797820529693,0.4753418761968023
2026-04-04,Amazon,Watch,Apple Watch Series 7 (45mm),New,254.61,255.06,257.5074870033398,2.447487003339802,0.9595730429466799
2026-04-07,Amazon,Watch,Apple Watch Series 7 (45mm),New,257.43,260.8,255.8874195155409,4.912580484459113,1.8836581612189849
2026-04-13,Amazon,Watch,Apple Watch Series 7 (45mm),New,262.52,260.94,262.1426460198434,1.202646019843428,0.46088986734246484
2026-04-22,Amazon,Watch,Apple Watch Series 7 (45mm),New,260.48,253.48,260.951169387159,7.471169387158994,2.94743939843735
2026-05-03,Amazon,Watch,Apple Watch Series 7 (45mm),New,258.48,252.29,261.6553644745003,9.365364474500296,3.7121425639146604
2026-05-04,Amazon,Watch,Apple Watch Series 7 (45mm),New,255.06,259.64,257.4308882892558,2.209111710744196,0.8508364314990741
2026-05-05,Amazon,Watch,Apple Watch Series 7 (45mm),New,257.96000000000004,257.025,268.21129094039844,11.186290940398464,4.352219021650993
2026-05-10,Amazon,Watch,Apple Watch Series 7 (45mm),New,254.08499999999998,261.92,253.59864903635457,8.321350963645443,3.177058248184729
2026-05-14,Amazon,Watch,Apple Watch Series 7 (45mm),New,258.48,260.15,259.6220314366228,0.5279685633771578,0.2029477468295821
2026-05-22,Amazon,Watch,Apple Watch Series 7 (45mm),New,253.48,259.73,256.9474034541761,2.7825965458239352,1.0713419881507469
2026-05-26,Amazon,Watch,Apple Watch Series 7 (45mm),New,258.64,262.26,260.87870288452694,1.3812971154730462,0.5266899700575941
2026-06-03,Amazon,Watch,Apple Watch Series 7 (45mm),New,259.64,256.75,254.4855688130814,2.264431186918614,0.8819595664726833
2026-06-04,Amazon,Watch,Apple Watch Series 7 (45mm),New,257.025,253.06,260.9659544883046,7.905954488304587,3.1241422936475884
2026-06-11,Amazon,Watch,Apple Watch Series 7 (45mm),New,254.0,192.01,238.98608195980637,46.97608195980638,24.465435112653704
2026-06-13,Amazon,Watch,Apple Watch Series 7 (45mm),New,260.15,201.92,241.73525132974044,39.81525132974045,19.7183296997526
2026-06-14,Amazon,Watch,Apple Watch Series 7 (45mm),New,256.16,220.36,235.58236072027603,15.222360720276015,6.907950953111279
2026-06-20,Amazon,Watch,Apple Watch Series 7 (45mm),New,254.1,255.35,256.26964633001216,0.9196463300121707,0.3601512943067048
2026-06-21,Amazon,Watch,Apple Watch Series 7 (45mm),New,259.73,261.84,256.65950969449597,5.180490305504009,1.978494617134131
2026-07-01,Amazon,Watch,Apple Watch Series 7 (45mm),New,253.9,254.33,263.89872725511464,9.568727255114624,3.76232739162294
2026-04-04,Amazon,Watch,Apple Watch Series 7 (45mm),Renewed/Refurbished,190.71,186.77,201.80272921607536,15.032729216075353,8.0487922129225
2026-06-01,Amazon,Watch,Apple Watch Series 7 (45mm),Renewed/Refurbished,188.69,185.13,195.51661200195417,10.386612001954177,5.610442392888337
2026-06-19,Amazon,Watch,Apple Watch Series 7 (45mm),Renewed/Refurbished,218.54,187.82,186.33717810581652,1.4828218941834734,0.7894909456838853
2026-01-03,Amazon,Watch,Apple Watch Series 8 (45mm),New,254.45,260.62,254.8906105643511,5.729389435648898,2.198369056729682
2026-01-08,Amazon,Watch,Apple Watch Series 8 (45mm),New,253.43,255.93,256.1927653966812,0.26276539668117493,0.10267080712740785
2026-01-17,Amazon,Watch,Apple Watch Series 8 (45mm),New,254.1,262.13,259.9327312178445,2.197268782155504,0.8382362881606471
2026-01-19,Amazon,Watch,Apple Watch Series 8 (45mm),New,257.56,256.645,256.9189449435727,0.27394494357270105,0.10674080678474199
2026-02-02,Amazon,Watch,Apple Watch Series 8 (45mm),New,260.62,261.69,253.52096303184487,8.169036968155126,3.1216465925924286
2026-02-05,Amazon,Watch,Apple Watch Series 8 (45mm),New,258.145,257.04999999999995,257.49084500023,0.4408450002300697,0.1715016534643337
2026-02-08,Amazon,Watch,Apple Watch Series 8 (45mm),New,256.02,262.3,259.0970551530243,3.202944846975697,1.221099827287723
2026-02-11,Amazon,Watch,Apple Watch Series 8 (45mm),New,255.94,258.79,258.8348154166877,0.04481541668769751,0.01731729073290989
2026-02-17,Amazon,Watch,Apple Watch Series 8 (45mm),New,254.05,254.14,255.16968386101667,1.0296838610166787,0.40516402810131374
2026-02-19,Amazon,Watch,Apple Watch Series 8 (45mm),New,255.78,255.73,256.575887964029,0.8458879640290036,0.330773848992689
2026-02-26,Amazon,Watch,Apple Watch Series 8 (45mm),New,255.56,255.6,254.8224806034362,0.7775193965638039,0.304193817121989
2026-03-01,Amazon,Watch,Apple Watch Series 8 (45mm),New,261.27,259.905,255.3122038140458,4.592796185954171,1.7671057447737333
2026-03-04,Amazon,Watch,Apple Watch Series 8 (45mm),New,261.69,258.65,256.80861215870937,1.8413878412906115,0.711922614069442
2026-03-07,Amazon,Watch,Apple Watch Series 8 (45mm),New,257.04999999999995,254.24,255.50374150177606,1.2637415017760532,0.49706635532412413
2026-03-13,Amazon,Watch,Apple Watch Series 8 (45mm),New,258.79,257.81,256.64866412176394,1.1613358782360592,0.45046192088594667
2026-03-17,Amazon,Watch,Apple Watch Series 8 (45mm),New,256.09,254.41,256.2911161057783,1.8811161057783181,0.7394033669188782
2026-03-21,Amazon,Watch,Apple Watch Series 8 (45mm),New,255.73,259.94,253.93588264233483,6.004117357665166,2.309808939626516
2026-03-23,Amazon,Watch,Apple Watch Series 8 (45mm),New,257.2,254.21,256.51353165395886,2.3035316539588564,0.9061530443172402
2026-03-25,Amazon,Watch,Apple Watch Series 8 (45mm),New,254.02,256.71500000000003,256.5962565775827,0.11874342241731028,0.04625496072193298
2026-03-30,Amazon,Watch,Apple Watch Series 8 (45mm),New,253.24,254.265,252.57988309830125,1.6851169016987342,0.6627404092968888
2026-04-01,Amazon,Watch,Apple Watch Series 8 (45mm),New,262.32,258.55,258.38029975626847,0.16970024373154047,0.06563536791009107
2026-04-04,Amazon,Watch,Apple Watch Series 8 (45mm),New,261.14,255.755,258.34795257546403,2.5929525754640395,1.0138423786295634
2026-04-06,Amazon,Watch,Apple Watch Series 8 (45mm),New,254.24,254.75,259.0353621808348,4.285362180834795,1.6821833879626282
2026-04-07,Amazon,Watch,Apple Watch Series 8 (45mm),New,255.47,253.26,255.96260068703998,2.7026006870399897,1.0671249652688897
2026-04-12,Amazon,Watch,Apple Watch Series 8 (45mm),New,257.81,257.935,257.7557032981259,0.17929670187407964,0.0695123584911236
2026-04-16,Amazon,Watch,Apple Watch Series 8 (45mm),New,254.41,254.98,258.77984867274694,3.799848672746947,1.4902536170471987
2026-04-20,Amazon,Watch,Apple Watch Series 8 (45mm),New,259.94,255.26,253.6534839421647,1.6065160578352788,0.629364592115991
2026-04-22,Amazon,Watch,Apple Watch Series 8 (45mm),New,254.21,256.25,256.3831220410983,0.13312204109831782,0.05195006481885574
2026-04-24,Amazon,Watch,Apple Watch Series 8 (45mm),New,256.71500000000003,255.05,259.230904677242,4.180904677241983,1.639249040283075
2026-05-01,Amazon,Watch,Apple Watch Series 8 (45mm),New,258.55,262.4,255.04078500507268,7.359214994927299,2.8045788852619284
2026-05-04,Amazon,Watch,Apple Watch Series 8 (45mm),New,255.755,261.71,255.05450578589,6.655494214109979,2.543079826567567
2026-05-12,Amazon,Watch,Apple Watch Series 8 (45mm),New,257.935,253.43,256.0133371281701,2.5833371281701147,1.0193493778045672
2026-05-14,Amazon,Watch,Apple Watch Series 8 (45mm),New,253.5,259.975,256.53336736415787,3.4416326358421543,1.3238321514923181
2026-05-15,Amazon,Watch,Apple Watch Series 8 (45mm),New,255.33,257.94,256.24881639876537,1.691183601234627,0.6556499966017784
2026-05-20,Amazon,Watch,Apple Watch Series 8 (45mm),New,255.26,261.355,256.8386082320705,4.51639176792952,1.7280678647546515
2026-05-24,Amazon,Watch,Apple Watch Series 8 (45mm),New,255.05,253.07,257.8975588674403,4.8275588674403025,1.907598240581777
2026-06-14,Amazon,Watch,Apple Watch Series 8 (45mm),New,257.94,199.62,234.1743107669522,34.5543107669522,17.310044467965234
2026-06-23,Amazon,Watch,Apple Watch Series 8 (45mm),New,253.07,258.66999999999996,255.8747264619069,2.7952735380930562,1.08063306069241
2026-06-28,Amazon,Watch,Apple Watch Series 8 (45mm),New,262.29,256.275,256.57729315373996,0.30229315373998134,0.11795655203979373
2026-01-11,Amazon,Watch,Apple Watch Series 8 (45mm),Renewed/Refurbished,208.36,209.71,207.93490178030186,1.775098219698151,0.8464537788842454
2026-03-15,Amazon,Watch,Apple Watch Series 8 (45mm),Renewed/Refurbished,188.575,207.78,209.40587408205738,1.6258740820573792,0.7824978737401959
2026-04-14,Amazon,Watch,Apple Watch Series 8 (45mm),Renewed/Refurbished,207.78,191.8,206.11534628532104,14.315346285321027,7.463684194640785
2026-04-18,Amazon,Watch,Apple Watch Series 8 (45mm),Renewed/Refurbished,186.95499999999998,197.81,202.9124161348069,5.1024161348069015,2.5794530786142773
2026-05-12,Amazon,Watch,Apple Watch Series 8 (45mm),Renewed/Refurbished,191.54,208.01,204.2051358170985,3.804864182901497,1.8291736853523854
2026-05-15,Amazon,Watch,Apple Watch Series 8 (45mm),Renewed/Refurbished,221.8,211.62,196.6342901848783,14.985709815121709,7.081424163652636
2026-05-20,Amazon,Watch,Apple Watch Series 8 (45mm),Renewed/Refurbished,187.23,211.425,186.27443637984527,25.150563620154742,11.895737788887189
2026-06-05,Amazon,Watch,Apple Watch Series 8 (45mm),Renewed/Refurbished,211.41,190.28,190.04065299233594,0.23934700766406536,0.12578673936518045
2026-06-11,Amazon,Watch,Apple Watch Series 8 (45mm),Renewed/Refurbished,208.01,158.83,183.72181376804906,24.891813768049047,15.671984995308849
2026-06-15,Amazon,Watch,Apple Watch Series 8 (45mm),Renewed/Refurbished,184.01,165.8,200.9182063690697,35.118206369069696,21.181065361320684
2026-06-22,Amazon,Watch,Apple Watch Series 8 (45mm),Renewed/Refurbished,211.35,190.37,203.32258456205864,12.952584562058632,6.803900069369455
2026-06-23,Amazon,Watch,Apple Watch Series 8 (45mm),Renewed/Refurbished,204.54,200.97,213.78641258496305,12.816412584963047,6.377276501449493
2026-01-09,Amazon,Watch,Apple Watch Series 9 (45mm),New,254.36,257.34,260.79176831899866,3.4517683189986883,1.3413259963467352
2026-01-10,Amazon,Watch,Apple Watch Series 9 (45mm),New,261.62,256.3,254.24231201130596,2.057687988694056,0.802843538312156
2026-01-11,Amazon,Watch,Apple Watch Series 9 (45mm),New,252.78,258.5,255.09852486223275,3.4014751377672496,1.3158511171246614
2026-01-13,Amazon,Watch,Apple Watch Series 9 (45mm),New,255.425,253.75,256.62340669871185,2.8734066987118467,1.1323770241228952
2026-01-17,Amazon,Watch,Apple Watch Series 9 (45mm),New,255.05,258.59,258.4787861351267,0.1112138648732639,0.04300779800969253
2026-01-18,Amazon,Watch,Apple Watch Series 9 (45mm),New,260.69,252.98,256.8663986334424,3.886398633442383,1.5362473845530804
2026-01-23,Amazon,Watch,Apple Watch Series 9 (45mm),New,256.98,261.35,256.6976372508932,4.652362749106828,1.7801273193444913
2026-01-24,Amazon,Watch,Apple Watch Series 9 (45mm),New,255.79,261.84,255.28094051654517,6.559059483454803,2.5049875815210827
2026-01-25,Amazon,Watch,Apple Watch Series 9 (45mm),New,255.4,258.36,257.4077192283314,0.9522807716685975,0.36858676717316824
2026-01-26,Amazon,Watch,Apple Watch Series 9 (45mm),New,258.65,259.27,255.93200692355072,3.3379930764492656,1.287458277644643
2026-02-05,Amazon,Watch,Apple Watch Series 9 (45mm),New,254.64,253.63,255.28280635549777,1.6528063554977734,0.651660432716072
2026-02-06,Amazon,Watch,Apple Watch Series 9 (45mm),New,256.63,259.09,256.3092521207334,2.7807478792665847,1.0732748771726368
2026-02-08,Amazon,Watch,Apple Watch Series 9 (45mm),New,257.34,256.08,258.7584772049405,2.6784772049405206,1.0459532977743364
2026-02-09,Amazon,Watch,Apple Watch Series 9 (45mm),New,256.3,258.055,256.694891716178,1.3601082838220009,0.5270613953699795
2026-02-12,Amazon,Watch,Apple Watch Series 9 (45mm),New,253.75,254.05,256.7810066371146,2.7310066371146036,1.0749878516491256
2026-02-15,Amazon,Watch,Apple Watch Series 9 (45mm),New,253.0,258.05,254.37412612704725,3.6758738729527636,1.4244812528396682
2026-02-17,Amazon,Watch,Apple Watch Series 9 (45mm),New,252.98,252.35,256.29138564304674,3.9413856430467433,1.5618726542685728
2026-02-18,Amazon,Watch,Apple Watch Series 9 (45mm),New,257.32,260.81,255.0199209075206,5.790079092479402,2.2200372272840005
2026-02-20,Amazon,Watch,Apple Watch Series 9 (45mm),New,253.81,259.96,256.8401313865949,3.1198686134050604,1.2001341027100556
2026-02-22,Amazon,Watch,Apple Watch Series 9 (45mm),New,261.35,261.69000000000005,253.73310505865845,7.956894941341602,3.0405804353783488
2026-02-23,Amazon,Watch,Apple Watch Series 9 (45mm),New,261.84,257.535,260.98523142227845,3.4502314222784207,1.3397136009778943
2026-02-24,Amazon,Watch,Apple Watch Series 9 (45mm),New,258.36,260.82,258.5715519723077,2.248448027692291,0.8620688703674146
2026-02-26,Amazon,Watch,Apple Watch Series 9 (45mm),New,257.64,252.41,259.47736331314627,7.067363313146274,2.799953770906966
2026-03-03,Amazon,Watch,Apple Watch Series 9 (45mm),New,258.59,253.82,260.26434500953525,6.444345009535255,2.538942955454753
2026-03-08,Amazon,Watch,Apple Watch Series 9 (45mm),New,259.09,256.06,254.20756517441748,1.8524348255825203,0.7234377980092636
2026-03-09,Amazon,Watch,Apple Watch Series 9 (45mm),New,254.88,257.225,257.23906574958573,0.014065749585711274,0.00546826692028818
2026-03-14,Amazon,Watch,Apple Watch Series 9 (45mm),New,254.05,253.2,259.03748292223054,5.837482922230549,2.3054829866629345
2026-03-17,Amazon,Watch,Apple Watch Series 9 (45mm),New,258.05,253.16,255.89207651870868,2.7320765187086806,1.0791896503036345
2026-03-22,Amazon,Watch,Apple Watch Series 9 (45mm),New,259.96,257.6,256.19498547454043,1.4050145254595918,0.5454248934237546
2026-03-23,Amazon,Watch,Apple Watch Series 9 (45mm),New,255.85,259.49,259.3311036364942,0.1588963635057894,0.061234099004119386
2026-03-28,Amazon,Watch,Apple Watch Series 9 (45mm),New,252.41,254.88,256.52725454582895,1.6472545458289574,0.6462863095688001
2026-03-30,Amazon,Watch,Apple Watch Series 9 (45mm),New,257.24,261.2,261.61537318447364,0.41537318447365124,0.15902495577092313
2026-04-01,Amazon,Watch,Apple Watch Series 9 (45mm),New,257.42,254.11,260.96707507312635,6.857075073126339,2.698467228021856
2026-04-04,Amazon,Watch,Apple Watch Series 9 (45mm),New,253.13,256.99,257.13961663270254,0.14961663270253212,0.058218853925262506
2026-04-05,Amazon,Watch,Apple Watch Series 9 (45mm),New,257.52,258.31,254.48224631437392,3.827753685626078,1.4818449481731555
2026-04-07,Amazon,Watch,Apple Watch Series 9 (45mm),New,256.06,257.92499999999995,256.4124197156331,1.512580284366834,0.5864419053472266
2026-04-08,Amazon,Watch,Apple Watch Series 9 (45mm),New,257.225,259.57,257.26503457642195,2.3049654235780395,0.8879937679924643
2026-04-14,Amazon,Watch,Apple Watch Series 9 (45mm),New,257.21000000000004,259.54,254.8881762887844,4.651823711215627,1.7923340183461614
2026-04-22,Amazon,Watch,Apple Watch Series 9 (45mm),New,259.49,255.06,258.39634292110384,3.336342921103835,1.3080619936892632
2026-04-26,Amazon,Watch,Apple Watch Series 9 (45mm),New,259.17,258.29999999999995,259.08588365794066,0.7858836579407011,0.3042522872399153
2026-04-27,Amazon,Watch,Apple Watch Series 9 (45mm),New,254.88,257.975,258.72747259180477,0.7524725918047466,0.29168430731844036
2026-04-29,Amazon,Watch,Apple Watch Series 9 (45mm),New,261.2,256.63,259.39917794739034,2.7691779473903466,1.0790546496474873
2026-05-01,Amazon,Watch,Apple Watch Series 9 (45mm),New,254.11,254.71,259.18446178626976,4.474461786269757,1.7566886994109994
2026-05-03,Amazon,Watch,Apple Watch Series 9 (45mm),New,258.5,259.84,254.52526956149654,5.314730438503432,2.0453857906802004
2026-05-04,Amazon,Watch,Apple Watch Series 9 (45mm),New,256.99,256.18,259.89537010839024,3.715370108390232,1.4502967087166179
2026-05-07,Amazon,Watch,Apple Watch Series 9 (45mm),New,257.92499999999995,260.72,255.1147221244679,5.605277875532124,2.149922474506031
2026-05-08,Amazon,Watch,Apple Watch Series 9 (45mm),New,259.57,253.1,260.6850662156388,7.585066215638818,2.9968653558430733
2026-05-11,Amazon,Watch,Apple Watch Series 9 (45mm),New,260.2,256.8,259.8890175378454,3.0890175378453932,1.2028884493167418
2026-05-14,Amazon,Watch,Apple Watch Series 9 (45mm),New,259.54,255.38,259.27821666066365,3.8982166606636497,1.5264377244356058
2026-05-18,Amazon,Watch,Apple Watch Series 9 (45mm),New,260.81,261.34,262.2657964757029,0.9257964757029526,0.3542498185134127
2026-05-20,Amazon,Watch,Apple Watch Series 9 (45mm),New,254.39,255.08,256.6971344132064,1.6171344132064007,0.6339714651114946
2026-05-22,Amazon,Watch,Apple Watch Series 9 (45mm),New,255.06,262.1,255.0108924267061,7.089107573293916,2.704733908162501
2026-05-25,Amazon,Watch,Apple Watch Series 9 (45mm),New,260.16,260.45,259.90999945870146,0.5400005412985251,0.20733366914898263
2026-05-26,Amazon,Watch,Apple Watch Series 9 (45mm),New,258.29999999999995,260.93,258.3144820515,2.615517948499985,1.0023829948645173
2026-05-29,Amazon,Watch,Apple Watch Series 9 (45mm),New,256.63,259.85,258.73948880369255,1.1105111963074705,0.42736624833845316
2026-05-31,Amazon,Watch,Apple Watch Series 9 (45mm),New,254.71,258.21,260.03793372795633,1.8279337279563492,0.7079252267365127
2026-06-03,Amazon,Watch,Apple Watch Series 9 (45mm),New,256.18,258.7,257.55710221649156,1.142897783508431,0.44178499555795564
2026-06-05,Amazon,Watch,Apple Watch Series 9 (45mm),New,261.05,257.35,257.5497223308903,0.19972233089026759,0.07760727837197108
2026-06-06,Amazon,Watch,Apple Watch Series 9 (45mm),New,260.72,259.78,256.6075385439003,3.1724614560996542,1.2212108153436194
2026-06-08,Amazon,Watch,Apple Watch Series 9 (45mm),New,254.155,259.97,243.22364683403225,16.746353165967776,6.441648330948868
2026-06-10,Amazon,Watch,Apple Watch Series 9 (45mm),New,256.8,211.19,238.0481240540742,26.85812405407421,12.717516953489374
2026-06-11,Amazon,Watch,Apple Watch Series 9 (45mm),New,254.84,213.3,234.96819339344546,21.66819339344545,10.158552927072408
2026-06-13,Amazon,Watch,Apple Watch Series 9 (45mm),New,255.38,207.08,235.39601632178204,28.31601632178203,13.673950319577955
2026-06-17,Amazon,Watch,Apple Watch Series 9 (45mm),New,261.34,211.48,253.23579939963167,41.755799399631684,19.744561849646153
2026-06-20,Amazon,Watch,Apple Watch Series 9 (45mm),New,257.195,258.73,254.93776680718054,3.792233192819481,1.4657106608508794
2026-06-21,Amazon,Watch,Apple Watch Series 9 (45mm),New,262.1,256.18,256.1604372964182,0.019562703581812002,0.007636311804907487
2026-06-25,Amazon,Watch,Apple Watch Series 9 (45mm),New,260.93,258.11,259.43502695727165,1.325026957271632,0.5133574666892533
2026-06-30,Amazon,Watch,Apple Watch Series 9 (45mm),New,258.21,257.54499999999996,259.1484345817734,1.603434581773456,0.6225842403360408
2026-01-26,Amazon,Watch,Apple Watch Series 9 (45mm),Renewed/Refurbished,182.79,215.23,192.59593198645314,22.63406801354685,10.516223581074597
2026-01-28,Amazon,Watch,Apple Watch Series 9 (45mm),Renewed/Refurbished,199.38,196.515,188.68201935875652,7.832980641243466,3.985945419557523
2026-02-10,Amazon,Watch,Apple Watch Series 9 (45mm),Renewed/Refurbished,205.95,201.93,212.03117549344086,10.101175493440849,5.002315403080695
2026-03-10,Amazon,Watch,Apple Watch Series 9 (45mm),Renewed/Refurbished,194.11,184.68,203.5281248902296,18.8481248902296,10.205828942077972
2026-03-14,Amazon,Watch,Apple Watch Series 9 (45mm),Renewed/Refurbished,192.07,193.56,199.63474906507554,6.074749065075537,3.1384320443663656
2026-03-22,Amazon,Watch,Apple Watch Series 9 (45mm),Renewed/Refurbished,190.9,204.92,209.91102085278817,4.991020852788182,2.4355947944506062
2026-03-31,Amazon,Watch,Apple Watch Series 9 (45mm),Renewed/Refurbished,192.87,188.01,189.04293672017923,1.0329367201792365,0.5494052019462989
2026-04-30,Amazon,Watch,Apple Watch Series 9 (45mm),Renewed/Refurbished,188.01,190.55,189.97068931632361,0.5793106836763968,0.3040203010634462
2026-05-30,Amazon,Watch,Apple Watch Series 9 (45mm),Renewed/Refurbished,190.55,192.46,193.63695094395337,1.1769509439533579,0.611530158969842
2026-06-05,Amazon,Watch,Apple Watch Series 9 (45mm),Renewed/Refurbished,209.05,211.55,181.05643863827925,30.493561361720765,14.414351860893767
2026-06-14,Amazon,Watch,Apple Watch Series 9 (45mm),Renewed/Refurbished,186.7,145.04,162.65314591081722,17.613145910817224,12.143647208230298
2026-06-20,Amazon,Watch,Apple Watch Series 9 (45mm),Renewed/Refurbished,201.29,196.28,189.7313487693989,6.548651230601109,3.3363823265748467
2026-06-23,Amazon,Watch,Apple Watch Series 9 (45mm),Renewed/Refurbished,194.62,197.885,190.10387194841087,7.781128051589121,3.932146474765203
2026-01-03,Amazon,Watch,Apple Watch Series X (45mm),New,331.95,326.06,332.1816210167983,6.121621016798315,1.8774523145428188
2026-01-04,Amazon,Watch,Apple Watch Series X (45mm),New,330.81,328.22,329.34477363749363,1.124773637493604,0.3426889395812577
2026-01-06,Amazon,Watch,Apple Watch Series X (45mm),New,328.9,323.81,329.7304632063533,5.920463206353304,1.8283756543507934
2026-01-08,Amazon,Watch,Apple Watch Series X (45mm),New,327.73,327.43,329.11507423123726,1.6850742312372518,0.514636481457793
2026-01-10,Amazon,Watch,Apple Watch Series X (45mm),New,328.52,330.36,325.51695409296326,4.843045907036753,1.465990406537339
2026-01-13,Amazon,Watch,Apple Watch Series X (45mm),New,328.37,326.92,328.78218399388015,1.8621839938801372,0.5696145827358795
2026-01-15,Amazon,Watch,Apple Watch Series X (45mm),New,333.81,327.86,330.12935177351596,2.2693517735159503,0.6921709795388123
2026-01-16,Amazon,Watch,Apple Watch Series X (45mm),New,330.005,333.07,329.4855563709454,3.58444362905459,1.076183273502444
2026-01-17,Amazon,Watch,Apple Watch Series X (45mm),New,326.4,331.12,326.51734137812474,4.602658621875264,1.3900273682880115
2026-01-19,Amazon,Watch,Apple Watch Series X (45mm),New,327.04999999999995,328.15,327.84592462334496,0.30407537665502105,0.09266353090203293
2026-01-20,Amazon,Watch,Apple Watch Series X (45mm),New,327.29,325.77,329.2352681563525,3.465268156352522,1.0637161667288337
2026-01-22,Amazon,Watch,Apple Watch Series X (45mm),New,323.27,325.93,326.7562805559185,0.8262805559185153,0.2535147289045241
2026-01-23,Amazon,Watch,Apple Watch Series X (45mm),New,326.75,327.69,330.67239590788154,2.982395907881539,0.9101272263058192
2026-01-26,Amazon,Watch,Apple Watch Series X (45mm),New,334.67,333.8,329.88857069062533,3.9114293093746824,1.1717882892075142
2026-01-27,Amazon,Watch,Apple Watch Series X (45mm),New,328.23,331.69,330.29425109170296,1.395748908297037,0.4207992126072649
2026-01-30,Amazon,Watch,Apple Watch Series X (45mm),New,334.63,325.865,329.5863483540034,3.7213483540033963,1.141990810305923
2026-02-02,Amazon,Watch,Apple Watch Series X (45mm),New,326.06,326.42,331.8021443080225,5.382144308022475,1.6488402389628316
2026-02-03,Amazon,Watch,Apple Watch Series X (45mm),New,328.22,327.35,328.46255216187285,1.1125521618728271,0.3398662477082105
2026-02-06,Amazon,Watch,Apple Watch Series X (45mm),New,323.94,325.62,328.919287237022,3.2992872370219857,1.0132323681045345
2026-02-07,Amazon,Watch,Apple Watch Series X (45mm),New,327.43,325.86,331.28963436785403,5.429634367854021,1.6662475811250295
2026-02-12,Amazon,Watch,Apple Watch Series X (45mm),New,326.92,328.04,328.03059243694787,0.00940756305215018,0.00286780973422454
2026-02-14,Amazon,Watch,Apple Watch Series X (45mm),New,327.86,330.71,326.0315487136447,4.678451286355255,1.4146688295954932
2026-02-15,Amazon,Watch,Apple Watch Series X (45mm),New,333.07,323.18,322.6819914306049,0.49800856939509686,0.1540963455025363
2026-02-16,Amazon,Watch,Apple Watch Series X (45mm),New,331.12,330.07000000000005,329.06752858537004,1.0024714146300084,0.3037147922046864
2026-02-17,Amazon,Watch,Apple Watch Series X (45mm),New,327.27,332.51,326.87083279409035,5.639167205909644,1.695939131427519
2026-02-18,Amazon,Watch,Apple Watch Series X (45mm),New,328.15,326.13,330.9591773177388,4.829177317738811,1.4807522514760405
2026-02-19,Amazon,Watch,Apple Watch Series X (45mm),New,325.77,329.36,327.4775230859502,1.8824769140497892,0.5715560219971427
2026-02-20,Amazon,Watch,Apple Watch Series X (45mm),New,328.88,333.88,327.1498066604003,6.73019333959968,2.015752168323853
2026-02-21,Amazon,Watch,Apple Watch Series X (45mm),New,325.93,331.37,326.55204769953866,4.817952300461343,1.453949452413116
2026-02-22,Amazon,Watch,Apple Watch Series X (45mm),New,327.69,333.13,324.1379634191856,8.992036580814386,2.699257521332328
2026-02-25,Amazon,Watch,Apple Watch Series X (45mm),New,333.8,328.635,331.04113882313186,2.4061388231318688,0.7321614627571223
2026-02-26,Amazon,Watch,Apple Watch Series X (45mm),New,331.69,322.58,326.49412626950664,3.914126269506653,1.213381570310203
2026-03-05,Amazon,Watch,Apple Watch Series X (45mm),New,327.35,334.18,324.56547616672856,9.614523833271448,2.8770494443926773
2026-03-08,Amazon,Watch,Apple Watch Series X (45mm),New,325.62,328.485,326.41326870332125,2.071731296678763,0.6306928160125311
2026-03-09,Amazon,Watch,Apple Watch Series X (45mm),New,325.86,323.36,327.9038186754029,4.543818675402861,1.4051888531057832
2026-03-10,Amazon,Watch,Apple Watch Series X (45mm),New,334.2,324.87,328.06065816789487,3.190658167894867,0.9821338282681894
2026-03-12,Amazon,Watch,Apple Watch Series X (45mm),New,330.005,326.705,322.1292633916028,4.575736608397165,1.400571343688393
2026-03-13,Amazon,Watch,Apple Watch Series X (45mm),New,328.56,330.68,322.44376826624176,8.236231733758245,2.4906954559568906
2026-03-14,Amazon,Watch,Apple Watch Series X (45mm),New,328.04,334.53999999999996,325.1394028632738,9.400597136726162,2.810006915981994
2026-03-15,Amazon,Watch,Apple Watch Series X (45mm),New,328.8,332.6,328.30339412056304,4.2966058794369815,1.2918237761385993
2026-03-16,Amazon,Watch,Apple Watch Series X (45mm),New,330.71,325.85,321.46102490016864,4.388975099831384,1.3469311339055958
2026-03-17,Amazon,Watch,Apple Watch Series X (45mm),New,323.18,328.025,326.72922295516827,1.2957770448317092,0.3950238685562714
2026-03-18,Amazon,Watch,Apple Watch Series X (45mm),New,330.07000000000005,331.81,324.25586770259434,7.554132297405658,2.2766439520827153
2026-03-19,Amazon,Watch,Apple Watch Series X (45mm),New,332.51,330.935,328.86668915616247,2.068310843837537,0.6249900566085597
2026-03-21,Amazon,Watch,Apple Watch Series X (45mm),New,329.36,322.61,327.6859575935182,5.075957593518183,1.5734036742562791
2026-03-22,Amazon,Watch,Apple Watch Series X (45mm),New,333.88,323.315,329.3429201454272,6.027920145427174,1.8644109136375282
2026-03-23,Amazon,Watch,Apple Watch Series X (45mm),New,331.37,324.19,330.0033689677813,5.813368967781287,1.793198114618368
2026-03-26,Amazon,Watch,Apple Watch Series X (45mm),New,333.18,327.135,331.9562031397719,4.82120313977191,1.4737656135148822
2026-03-27,Amazon,Watch,Apple Watch Series X (45mm),New,328.635,328.42,332.4713191318238,4.051319131823789,1.2335786894293248
2026-03-28,Amazon,Watch,Apple Watch Series X (45mm),New,322.58,330.55,320.3147890143838,10.23521098561622,3.096418389234978
2026-04-01,Amazon,Watch,Apple Watch Series X (45mm),New,334.76,334.62,335.0202313423184,0.4002313423184205,0.11960771690826026
2026-04-02,Amazon,Watch,Apple Watch Series X (45mm),New,325.83,331.81,329.9547390979381,1.8552609020619002,0.5591335107627559
2026-04-04,Amazon,Watch,Apple Watch Series X (45mm),New,334.18,327.975,333.31441203675945,5.339412036759427,1.627993608280944
2026-04-06,Amazon,Watch,Apple Watch Series X (45mm),New,331.31,327.33000000000004,328.3444755882267,1.0144755882266736,0.30992441518549274
2026-04-07,Amazon,Watch,Apple Watch Series X (45mm),New,328.485,328.35,324.8572792876374,3.4927207123625976,1.063718809917039
2026-04-08,Amazon,Watch,Apple Watch Series X (45mm),New,323.36,329.02,324.95095503198667,4.069044968013316,1.2367166032500505
2026-04-09,Amazon,Watch,Apple Watch Series X (45mm),New,324.87,332.61,328.2997220568098,4.310277943190215,1.2958954761402888
2026-04-10,Amazon,Watch,Apple Watch Series X (45mm),New,332.255,326.165,328.5675747017517,2.402574701751689,0.7366132790923885
2026-04-12,Amazon,Watch,Apple Watch Series X (45mm),New,330.68,326.89,332.6071598850789,5.7171598850789,1.7489552709103673
2026-04-14,Amazon,Watch,Apple Watch Series X (45mm),New,332.6,324.25,327.8282893077534,3.57828930775338,1.1035587687751365
2026-04-15,Amazon,Watch,Apple Watch Series X (45mm),New,325.85,328.54,331.0026283369217,2.462628336921682,0.7495672785419376
2026-04-16,Amazon,Watch,Apple Watch Series X (45mm),New,328.025,331.33,330.5592343318874,0.7707656681125741,0.2326277934725422
2026-04-17,Amazon,Watch,Apple Watch Series X (45mm),New,331.81,326.6,330.7072774344255,4.107277434425498,1.257586477166411
2026-04-18,Amazon,Watch,Apple Watch Series X (45mm),New,330.935,326.55,327.48523413956906,0.9352341395690473,0.2863984503350321
2026-04-21,Amazon,Watch,Apple Watch Series X (45mm),New,323.315,332.91499999999996,327.6149284517463,5.300071548253641,1.5920194488844421
2026-04-22,Amazon,Watch,Apple Watch Series X (45mm),New,324.19,331.74,332.31669428282834,0.5766942828283277,0.17383923639848303
2026-04-24,Amazon,Watch,Apple Watch Series X (45mm),New,330.62,327.78,326.26166920474463,1.5183307952553378,0.4632164242038373
2026-04-25,Amazon,Watch,Apple Watch Series X (45mm),New,327.135,334.7,327.6259698179868,7.074030182013189,2.113543526146755
2026-04-26,Amazon,Watch,Apple Watch Series X (45mm),New,328.42,330.49,324.40822606031855,6.0817739396814545,1.8402293381589319
2026-05-01,Amazon,Watch,Apple Watch Series X (45mm),New,334.62,326.805,329.6585052577822,2.853505257782217,0.8731522644335971
2026-05-04,Amazon,Watch,Apple Watch Series X (45mm),New,327.975,330.055,326.3264745468234,3.7285254531765872,1.1296679199456416
2026-05-05,Amazon,Watch,Apple Watch Series X (45mm),New,323.56,330.8,326.3192188348875,4.480781165112489,1.3545287681718527
2026-05-06,Amazon,Watch,Apple Watch Series X (45mm),New,327.33000000000004,333.23,328.29332350368713,4.936676496312884,1.48146220217654
2026-05-07,Amazon,Watch,Apple Watch Series X (45mm),New,328.35,331.3,327.0923703396214,4.207629660378586,1.2700361184360358
2026-05-08,Amazon,Watch,Apple Watch Series X (45mm),New,329.02,330.57,330.7971202423262,0.22712024232617978,0.06870564247396309
2026-05-09,Amazon,Watch,Apple Watch Series X (45mm),New,332.61,323.9,328.9339778730709,5.03397787307091,1.5541765585276044
2026-05-10,Amazon,Watch,Apple Watch Series X (45mm),New,326.165,324.14,327.3058200467985,3.165820046798501,0.9766829292276489
2026-05-12,Amazon,Watch,Apple Watch Series X (45mm),New,326.89,326.865,327.0994002653486,0.23440026534859726,0.07171164405751526
2026-05-15,Amazon,Watch,Apple Watch Series X (45mm),New,328.54,325.37,325.77617213632476,0.4061721363247557,0.12483392332567714
2026-05-16,Amazon,Watch,Apple Watch Series X (45mm),New,331.33,323.37,326.7783695584712,3.408369558471179,1.0540153874729192
2026-05-17,Amazon,Watch,Apple Watch Series X (45mm),New,326.6,326.5,328.3566953192224,1.8566953192224105,0.5686662539731732
2026-05-18,Amazon,Watch,Apple Watch Series X (45mm),New,326.55,322.6,329.98637681306866,7.386376813068637,2.289639433685256
2026-05-19,Amazon,Watch,Apple Watch Series X (45mm),New,330.81,323.78,325.52591786448824,1.7459178644882627,0.5392296820335607
2026-05-22,Amazon,Watch,Apple Watch Series X (45mm),New,331.74,334.29499999999996,328.13493172959306,6.160068270406896,1.8427042792763568
2026-05-24,Amazon,Watch,Apple Watch Series X (45mm),New,327.78,326.525,327.8127230124286,1.2877230124286143,0.394371950824168
2026-05-25,Amazon,Watch,Apple Watch Series X (45mm),New,334.7,333.24,330.9243157557202,2.315684244279794,0.6948998452406054
2026-05-26,Amazon,Watch,Apple Watch Series X (45mm),New,330.49,323.78,330.01690973921905,6.236909739219072,1.9262801097100108
2026-05-30,Amazon,Watch,Apple Watch Series X (45mm),New,329.95,322.71,334.0833062908477,11.373306290847722,3.5243117011706246
2026-05-31,Amazon,Watch,Apple Watch Series X (45mm),New,326.805,332.995,331.13213502434866,1.8628649756513482,0.5594273114164922
2026-06-03,Amazon,Watch,Apple Watch Series X (45mm),New,330.055,326.86,329.0707034449527,2.210703444952685,0.6763456663258536
2026-06-04,Amazon,Watch,Apple Watch Series X (45mm),New,330.8,325.395,330.36129937413347,4.966299374133484,1.5262371499664977
2026-06-05,Amazon,Watch,Apple Watch Series X (45mm),New,333.23,325.09000000000003,330.11373218192506,5.023732181925027,1.5453358091374778
2026-06-06,Amazon,Watch,Apple Watch Series X (45mm),New,331.3,325.27,329.7606465076879,4.490646507687927,1.3805904349272689
2026-06-07,Amazon,Watch,Apple Watch Series X (45mm),New,330.57,332.08,331.0833188200327,0.996681179967311,0.30013285351942637
2026-06-09,Amazon,Watch,Apple Watch Series X (45mm),New,324.14,327.19,301.5217274778814,25.66827252211857,7.845066329080526
2026-06-12,Amazon,Watch,Apple Watch Series X (45mm),New,325.52,259.435,302.60560511394823,43.17060511394823,16.640239410236948
2026-06-14,Amazon,Watch,Apple Watch Series X (45mm),New,325.37,254.55,299.31967553549987,44.76967553549986,17.587772750147263
2026-06-15,Amazon,Watch,Apple Watch Series X (45mm),New,323.37,271.43,328.4750088710835,57.045008871083496,21.016471602653905
2026-06-17,Amazon,Watch,Apple Watch Series X (45mm),New,322.6,261.555,320.33376490851833,58.778764908518326,22.472812566580004
2026-06-18,Amazon,Watch,Apple Watch Series X (45mm),New,323.78,255.85,325.2541951460673,69.40419514606728,27.126908401824224
2026-06-21,Amazon,Watch,Apple Watch Series X (45mm),New,334.29499999999996,333.14,330.1471571641441,2.9928428358558676,0.8983739076231817
2026-06-22,Amazon,Watch,Apple Watch Series X (45mm),New,329.12,328.7,329.27877218038617,0.5787721803861814,0.17607915436147897
2026-06-23,Amazon,Watch,Apple Watch Series X (45mm),New,326.525,327.115,327.29045072877705,0.1754507287770366,0.05363579437721798
2026-06-25,Amazon,Watch,Apple Watch Series X (45mm),New,323.78,329.0,325.16330975073805,3.836690249261949,1.16616724901579
2026-06-26,Amazon,Watch,Apple Watch Series X (45mm),New,327.8,333.41,331.7179583263065,1.6920416736935522,0.5074957780791074
2026-06-28,Amazon,Watch,Apple Watch Series X (45mm),New,328.46,325.76,326.867629580365,1.1076295803650282,0.3400139920079286
2026-06-29,Amazon,Watch,Apple Watch Series X (45mm),New,322.71,328.64,326.759628447325,1.8803715526750011,0.5721675854050028
2026-06-30,Amazon,Watch,Apple Watch Series X (45mm),New,332.995,326.39,318.4429754968657,7.947024503134287,2.4348247504930565
2026-01-02,Amazon,Watch,Apple Watch Series X (45mm),Renewed/Refurbished,265.35,243.19,252.62829574170485,9.438295741704849,3.881037765411756
2026-01-25,Amazon,Watch,Apple Watch Series X (45mm),Renewed/Refurbished,250.71,255.05,247.07640794984326,7.973592050156753,3.1262858459740257
2026-02-01,Amazon,Watch,Apple Watch Series X (45mm),Renewed/Refurbished,243.19,233.01,243.4599605649472,10.449960564947219,4.484769136495094
2026-02-05,Amazon,Watch,Apple Watch Series X (45mm),Renewed/Refurbished,284.29,260.09,250.366522870876,9.723477129123978,3.738504798002222
2026-02-09,Amazon,Watch,Apple Watch Series X (45mm),Renewed/Refurbished,257.365,234.46,253.0893391392139,18.629339139213897,7.9456364152579955
2026-02-20,Amazon,Watch,Apple Watch Series X (45mm),Renewed/Refurbished,247.8,238.08,248.19077050704897,10.110770507048954,4.246795407866664
2026-03-03,Amazon,Watch,Apple Watch Series X (45mm),Renewed/Refurbished,233.01,260.75,248.88184236936257,11.868157630637427,4.55154655058003
2026-03-05,Amazon,Watch,Apple Watch Series X (45mm),Renewed/Refurbished,245.075,230.83,247.26589865032543,16.435898650325413,7.120347723573804
2026-03-07,Amazon,Watch,Apple Watch Series X (45mm),Renewed/Refurbished,260.09,266.45,245.90611424895138,20.543885751048606,7.710221711784052
2026-03-09,Amazon,Watch,Apple Watch Series X (45mm),Renewed/Refurbished,271.14,254.18,240.6035427676626,13.576457232337418,5.341276745746092
2026-03-12,Amazon,Watch,Apple Watch Series X (45mm),Renewed/Refurbished,261.88,241.82999999999998,240.83716333613484,0.9928366638651482,0.4105514881797744
2026-03-14,Amazon,Watch,Apple Watch Series X (45mm),Renewed/Refurbished,273.63,258.24,252.9476512288531,5.292348771146919,2.0493915625568926
2026-03-19,Amazon,Watch,Apple Watch Series X (45mm),Renewed/Refurbished,264.64,258.28,248.35449072698162,9.92550927301835,3.8429260000845398
2026-03-23,Amazon,Watch,Apple Watch Series X (45mm),Renewed/Refurbished,240.74,268.51,250.51066708279797,17.999332917202025,6.7034125050098785
2026-03-24,Amazon,Watch,Apple Watch Series X (45mm),Renewed/Refurbished,282.22,238.2,249.02530102899703,10.825301028997046,4.544626796388348
2026-04-04,Amazon,Watch,Apple Watch Series X (45mm),Renewed/Refurbished,230.83,255.69,252.43749303511083,3.2525069648891645,1.272050907305395
2026-04-06,Amazon,Watch,Apple Watch Series X (45mm),Renewed/Refurbished,266.45,250.44,243.72906322267778,6.7109367773222175,2.6796585119478586
2026-04-11,Amazon,Watch,Apple Watch Series X (45mm),Renewed/Refurbished,241.82999999999998,252.27,245.5401611214774,6.7298388785225995,2.667712719912237
2026-04-13,Amazon,Watch,Apple Watch Series X (45mm),Renewed/Refurbished,258.24,248.87,259.5500969033661,10.68009690336612,4.291436052302857
2026-04-15,Amazon,Watch,Apple Watch Series X (45mm),Renewed/Refurbished,242.82,251.52,250.2432063708983,1.276793629101718,0.507631054827337
2026-04-27,Amazon,Watch,Apple Watch Series X (45mm),Renewed/Refurbished,249.44,226.92,257.7291791388569,30.809179138856933,13.577110496587755
2026-05-04,Amazon,Watch,Apple Watch Series X (45mm),Renewed/Refurbished,255.69,237.54,249.1562578206703,11.616257820670313,4.890232306420103
2026-05-07,Amazon,Watch,Apple Watch Series X (45mm),Renewed/Refurbished,238.28,245.37,247.22257082060923,1.8525708206092304,0.7550111344537761
2026-05-09,Amazon,Watch,Apple Watch Series X (45mm),Renewed/Refurbished,246.12,267.15999999999997,242.84244416540776,24.317555834592213,9.102244286042902
2026-05-14,Amazon,Watch,Apple Watch Series X (45mm),Renewed/Refurbished,236.11,235.27,252.4984055327177,17.228405532717687,7.322822940756445
2026-05-15,Amazon,Watch,Apple Watch Series X (45mm),Renewed/Refurbished,251.52,236.36,244.2537859144535,7.893785914453474,3.3397300365770324
2026-05-16,Amazon,Watch,Apple Watch Series X (45mm),Renewed/Refurbished,249.67,248.49,251.1337122974361,2.643712297436082,1.0639109410584258
2026-05-24,Amazon,Watch,Apple Watch Series X (45mm),Renewed/Refurbished,234.19,251.1,244.44727570820686,6.652724291793135,2.64943221497138
2026-06-04,Amazon,Watch,Apple Watch Series X (45mm),Renewed/Refurbished,243.0,234.62,249.05261725952698,14.432617259526978,6.151486343673591
2026-06-18,Amazon,Watch,Apple Watch Series X (45mm),Renewed/Refurbished,254.615,211.03,233.94966856171078,22.91966856171078,10.86085796413343
2026-06-23,Amazon,Watch,Apple Watch Series X (45mm),Renewed/Refurbished,251.1,278.8,244.72297353399978,34.077026466000234,12.222749808464933
2026-07-01,Amazon,Watch,Apple Watch Series X (45mm),Renewed/Refurbished,261.92,241.09,243.56628609739244,2.476286097392432,1.0271210325573155
2026-01-02,Amazon,Watch,Apple Watch Ultra,New,501.9,499.81,486.5228702478388,13.287129752161206,2.6584361561715864
2026-01-04,Amazon,Watch,Apple Watch Ultra,New,497.255,497.615,490.19049640610956,7.424503593890449,1.4920176429348893
2026-01-08,Amazon,Watch,Apple Watch Ultra,New,507.91,505.06,492.14739957486904,12.912600425130961,2.556646819215729
2026-01-10,Amazon,Watch,Apple Watch Ultra,New,507.19,494.06,499.6415973586775,5.58159735867747,1.1297407923485954
2026-01-13,Amazon,Watch,Apple Watch Ultra,New,504.01,503.52,491.7653585083733,11.754641491626671,2.334493464336406
2026-01-24,Amazon,Watch,Apple Watch Ultra,New,494.4,503.21,497.1484086191084,6.061591380891571,1.2045848414959104
2026-01-27,Amazon,Watch,Apple Watch Ultra,New,502.03,497.01,490.89449963600276,6.115500363997228,1.2304582129126633
2026-02-01,Amazon,Watch,Apple Watch Ultra,New,499.81,498.3,492.4445901537159,5.85540984628409,1.1750772318450913
2026-02-03,Amazon,Watch,Apple Watch Ultra,New,497.615,496.55,492.71276546715274,3.837234532847276,0.7727790822368897
2026-02-04,Amazon,Watch,Apple Watch Ultra,New,490.25,494.595,484.4593729783277,10.135627021672349,2.049278100601977
2026-02-07,Amazon,Watch,Apple Watch Ultra,New,505.06,500.23,494.5510774107728,5.678922589227227,1.1352622971887387
2026-02-10,Amazon,Watch,Apple Watch Ultra,New,494.4,498.07,490.09670274175517,7.973297258244827,1.600838688988461
2026-02-15,Amazon,Watch,Apple Watch Ultra,New,501.08,505.1,487.9777223790652,17.122277620934824,3.389878760826534
2026-02-23,Amazon,Watch,Apple Watch Ultra,New,503.21,494.67,489.581283017356,5.08871698264403,1.0287094391501466
2026-02-24,Amazon,Watch,Apple Watch Ultra,New,507.75,502.68,490.92924000036595,11.750759999634056,2.3376223441621025
2026-02-27,Amazon,Watch,Apple Watch Ultra,New,502.39,508.45,488.24746058754397,20.20253941245602,3.9733581300926386
2026-03-08,Amazon,Watch,Apple Watch Ultra,New,498.29,505.71,488.3234960001612,17.386503999838794,3.438038401423502
2026-03-12,Amazon,Watch,Apple Watch Ultra,New,498.07,508.83,490.9188259755622,17.9111740244378,3.520070362289527
2026-03-15,Amazon,Watch,Apple Watch Ultra,New,503.24,503.29,487.4335991468228,15.856400853177206,3.150549554566394
2026-03-16,Amazon,Watch,Apple Watch Ultra,New,506.21,502.595,493.3602395038665,9.234760496133504,1.837415910650425
2026-03-25,Amazon,Watch,Apple Watch Ultra,New,494.67,499.23,482.7617066350274,16.468293364972624,3.2987387306397093
2026-04-07,Amazon,Watch,Apple Watch Ultra,New,505.71,502.345,492.81264193711775,9.532358062882281,1.8975719998969396
2026-04-11,Amazon,Watch,Apple Watch Ultra,New,508.83,490.11,496.96051058593315,6.8505105859331366,1.3977496043608855
2026-04-14,Amazon,Watch,Apple Watch Ultra,New,503.29,496.1,492.1502703668249,3.9497296331751386,0.7961559429903524
2026-04-17,Amazon,Watch,Apple Watch Ultra,New,492.14,507.21,494.55723414306294,12.652765856937037,2.494581308912884
2026-04-19,Amazon,Watch,Apple Watch Ultra,New,495.18,490.56,492.0791308565525,1.519130856552522,0.30967279365470524
2026-05-05,Amazon,Watch,Apple Watch Ultra,New,489.74,494.94,490.2294450357273,4.710554964272717,0.9517426282524583
2026-05-07,Amazon,Watch,Apple Watch Ultra,New,502.345,502.315,495.56967984768954,6.745320152310455,1.342846650470413
2026-05-14,Amazon,Watch,Apple Watch Ultra,New,496.1,505.97,488.3087575707292,17.66124242927083,3.4905710673104786
2026-05-17,Amazon,Watch,Apple Watch Ultra,New,507.21,498.95,490.66771348628146,8.282286513718532,1.659943183428907
2026-05-18,Amazon,Watch,Apple Watch Ultra,New,493.92,495.27,490.9052658865555,4.364734113444456,0.8812837671259023
2026-05-25,Amazon,Watch,Apple Watch Ultra,New,493.85,505.56,482.30539355841,23.25460644159,4.599771825617138
2026-05-26,Amazon,Watch,Apple Watch Ultra,New,497.31,508.16,489.92269049734017,18.237309502659855,3.5888911962098264
2026-05-27,Amazon,Watch,Apple Watch Ultra,New,508.65,496.64,494.03544765595467,2.6045523440453167,0.5244346697900525
2026-05-30,Amazon,Watch,Apple Watch Ultra,New,491.06,497.65,496.9242008865117,0.7257991134882786,0.14584529558691423
2026-06-04,Amazon,Watch,Apple Watch Ultra,New,494.94,494.765,485.80395940174475,8.961040598255238,1.811171080867733
2026-06-07,Amazon,Watch,Apple Watch Ultra,New,490.7,501.87,485.1842688020562,16.685731197943824,3.32471181739172
2026-06-08,Amazon,Watch,Apple Watch Ultra,New,495.25,496.26,466.9671273286098,29.29287267139017,5.902726931727355
2026-06-09,Amazon,Watch,Apple Watch Ultra,New,504.83,499.25,458.30313381809214,40.946866181907865,8.201675750006583
2026-06-12,Amazon,Watch,Apple Watch Ultra,New,490.09,403.57,463.0151507910326,59.44515079103263,14.729824018393991
2026-06-13,Amazon,Watch,Apple Watch Ultra,New,505.97,417.47,460.038313914319,42.56831391431899,10.196736032366156
2026-06-14,Amazon,Watch,Apple Watch Ultra,New,500.25,417.51,460.78231184682454,43.27231184682455,10.36437734349466
2026-06-16,Amazon,Watch,Apple Watch Ultra,New,498.95,403.25,481.8482561779747,78.59825617797469,19.49119806025411
2026-06-17,Amazon,Watch,Apple Watch Ultra,New,495.27,411.71500000000003,483.83507675104033,72.1200767510403,17.516990333371457
2026-06-24,Amazon,Watch,Apple Watch Ultra,New,505.56,502.44,487.3715379494238,15.068462050576215,2.9990570118971847
2026-06-26,Amazon,Watch,Apple Watch Ultra,New,496.64,491.7,487.2827986550602,4.41720134493977,0.8983529275858795
2026-01-09,Amazon,Watch,Apple Watch Ultra,Renewed/Refurbished,383.2,365.23,376.794712573524,11.564712573523991,3.1664191258998415
2026-01-27,Amazon,Watch,Apple Watch Ultra,Renewed/Refurbished,399.64,355.48,386.7964513772665,31.316451377266503,8.809623994955132
2026-02-06,Amazon,Watch,Apple Watch Ultra,Renewed/Refurbished,406.22,390.66,372.2397493862415,18.420250613758526,4.715161678635776
2026-02-22,Amazon,Watch,Apple Watch Ultra,Renewed/Refurbished,352.78,347.79,370.2752622414158,22.485262241415796,6.465183657211476
2026-03-03,Amazon,Watch,Apple Watch Ultra,Renewed/Refurbished,370.85,347.77,369.8393693053014,22.069369305301393,6.3459669624468455
2026-03-08,Amazon,Watch,Apple Watch Ultra,Renewed/Refurbished,390.66,357.1,367.3800312646721,10.280031264672061,2.8787542046127306
2026-03-15,Amazon,Watch,Apple Watch Ultra,Renewed/Refurbished,354.13,366.83,368.98031238062487,2.1503123806248823,0.5861877110991146
2026-05-28,Amazon,Watch,Apple Watch Ultra,Renewed/Refurbished,363.79,370.37,358.4001867874483,11.969813212551685,3.2318527992417545
2026-06-26,Amazon,Watch,Apple Watch Ultra,Renewed/Refurbished,415.47,366.92,370.56944440386883,3.649444403868813,0.9946158301179583
2026-01-05,Amazon,Watch,Apple Watch Ultra 2,New,606.43,587.06,597.0247080191455,9.964708019145519,1.6973917519751847
2026-01-07,Amazon,Watch,Apple Watch Ultra 2,New,599.735,590.2,597.5281573043388,7.328157304338788,1.24163966525564
2026-01-08,Amazon,Watch,Apple Watch Ultra 2,New,595.565,598.665,598.3662479016673,0.29875209833267036,0.04990305067653369
2026-01-09,Amazon,Watch,Apple Watch Ultra 2,New,599.24,598.495,595.7868216434618,2.7081783565381556,0.45249807542889336
2026-01-13,Amazon,Watch,Apple Watch Ultra 2,New,596.17,592.73,598.4193352057953,5.68933520579526,0.9598527501215157
2026-01-14,Amazon,Watch,Apple Watch Ultra 2,New,605.02,603.7,598.1335665002531,5.56643349974695,0.9220529235956516
2026-01-15,Amazon,Watch,Apple Watch Ultra 2,New,607.08,593.52,596.0835227036243,2.5635227036243577,0.4319185037781975
2026-01-16,Amazon,Watch,Apple Watch Ultra 2,New,593.68,601.09,599.165055986016,1.9249440139840317,0.3202422289480829
2026-01-17,Amazon,Watch,Apple Watch Ultra 2,New,590.45,606.635,597.805551609232,8.829448390767993,1.4554795537296716
2026-01-18,Amazon,Watch,Apple Watch Ultra 2,New,596.68,600.075,596.4658582282406,3.6091417717594823,0.601448447570634
2026-01-21,Amazon,Watch,Apple Watch Ultra 2,New,601.9449999999999,588.38,597.4827050121359,9.102705012135857,1.5470792705625374
2026-01-24,Amazon,Watch,Apple Watch Ultra 2,New,610.2049999999999,599.285,604.2250654471023,4.94006544710237,0.8243265636721043
2026-01-25,Amazon,Watch,Apple Watch Ultra 2,New,609.84,598.0,606.7242817553222,8.724281755322181,1.458909992528793
2026-01-29,Amazon,Watch,Apple Watch Ultra 2,New,593.24,588.89,597.2309873349529,8.340987334952956,1.4163914033101184
2026-01-30,Amazon,Watch,Apple Watch Ultra 2,New,596.895,592.34,596.2150707857897,3.875070785789717,0.654197046593125
2026-02-02,Amazon,Watch,Apple Watch Ultra 2,New,596.15,590.83,597.1141229292739,6.284122929273849,1.0636093172780408
2026-02-04,Amazon,Watch,Apple Watch Ultra 2,New,587.06,600.915,594.8656515558902,6.049348444109796,1.006689539137781
2026-02-06,Amazon,Watch,Apple Watch Ultra 2,New,590.2,597.57,595.3323556729325,2.237644327067528,0.3744572731341145
2026-02-07,Amazon,Watch,Apple Watch Ultra 2,New,598.665,600.1800000000001,592.5056770723561,7.674322927643971,1.2786702202079325
2026-02-08,Amazon,Watch,Apple Watch Ultra 2,New,598.495,595.9949999999999,596.8623889836765,0.8673889836766193,0.14553628531726265
2026-02-10,Amazon,Watch,Apple Watch Ultra 2,New,597.56,597.59,597.135845435077,0.45415456492298745,0.07599768485466414
2026-02-15,Amazon,Watch,Apple Watch Ultra 2,New,601.09,602.38,596.5007652086174,5.879234791382601,0.9760009946184469
2026-02-16,Amazon,Watch,Apple Watch Ultra 2,New,606.635,588.62,593.5540442278705,4.934044227870459,0.838239310229088
2026-02-20,Amazon,Watch,Apple Watch Ultra 2,New,588.38,593.505,596.4011275019534,2.8961275019534014,0.48797019434602934
2026-02-21,Amazon,Watch,Apple Watch Ultra 2,New,604.4,588.57,595.5477965772783,6.977796577278241,1.185550839709506
2026-03-01,Amazon,Watch,Apple Watch Ultra 2,New,592.34,600.535,596.0630293248496,4.471970675150374,0.7446644533874585
2026-03-05,Amazon,Watch,Apple Watch Ultra 2,New,605.47,600.3399999999999,597.0101330721114,3.3298669278884745,0.5546635119912842
2026-03-06,Amazon,Watch,Apple Watch Ultra 2,New,600.915,601.0699999999999,595.5451034523699,5.524896547630078,0.9191768924800904
2026-03-08,Amazon,Watch,Apple Watch Ultra 2,New,597.57,597.81,597.0141344815935,0.7958655184064582,0.13313017821823964
2026-03-10,Amazon,Watch,Apple Watch Ultra 2,New,595.9949999999999,601.0699999999999,596.796474848778,4.273525151221975,0.7109862663619837
2026-03-13,Amazon,Watch,Apple Watch Ultra 2,New,606.09,607.98,596.7472468807794,11.23275311922066,1.8475530641173492
2026-03-18,Amazon,Watch,Apple Watch Ultra 2,New,588.62,599.51,595.531561770556,3.9784382294440093,0.663614990482896
2026-03-23,Amazon,Watch,Apple Watch Ultra 2,New,588.57,594.46,599.5537205906222,5.093720590622183,0.8568651533529897
2026-03-27,Amazon,Watch,Apple Watch Ultra 2,New,600.4,610.03,598.7773227386053,11.252677261394638,1.844610471844768
2026-03-28,Amazon,Watch,Apple Watch Ultra 2,New,595.4,606.32,597.1114497437301,9.208550256269973,1.5187607626781192
2026-03-29,Amazon,Watch,Apple Watch Ultra 2,New,600.36,605.29,598.9888791277137,6.301120872286219,1.0410085863447636
2026-03-31,Amazon,Watch,Apple Watch Ultra 2,New,600.535,597.085,595.5640347688415,1.5209652311585842,0.25473177707672845
2026-04-01,Amazon,Watch,Apple Watch Ultra 2,New,587.1,595.7850000000001,597.7905165885456,2.005516588545561,0.3366175027141604
2026-04-02,Amazon,Watch,Apple Watch Ultra 2,New,594.18,606.5,596.5402913901373,9.959708609862673,1.6421613536459478
2026-04-05,Amazon,Watch,Apple Watch Ultra 2,New,601.0699999999999,597.92,595.8400647226572,2.07993527734277,0.34786180046540843
2026-04-06,Amazon,Watch,Apple Watch Ultra 2,New,601.255,602.14,596.6436960331619,5.496303966838127,0.9127950255485646
2026-04-07,Amazon,Watch,Apple Watch Ultra 2,New,597.81,587.82,598.2177715491742,10.397771549174195,1.768869985569425
2026-04-09,Amazon,Watch,Apple Watch Ultra 2,New,601.0699999999999,608.82,598.3681333307061,10.451866669293963,1.7167416755845673
2026-04-17,Amazon,Watch,Apple Watch Ultra 2,New,599.51,603.09,599.2296296762886,3.860370323711436,0.6400985464377515
2026-04-18,Amazon,Watch,Apple Watch Ultra 2,New,594.5,587.08,595.5739579783691,8.493957978369053,1.446814399803954
2026-04-22,Amazon,Watch,Apple Watch Ultra 2,New,594.46,593.95,597.4801263333921,3.5301263333921042,0.5943473917656543
2026-04-24,Amazon,Watch,Apple Watch Ultra 2,New,606.87,593.06,596.1520435288417,3.092043528841714,0.5213711140258513
2026-04-25,Amazon,Watch,Apple Watch Ultra 2,New,589.35,600.92,596.7656635208804,4.154336479119593,0.6913293748118873
2026-04-26,Amazon,Watch,Apple Watch Ultra 2,New,610.03,599.4,604.3567739487042,4.956773948704267,0.8269559473981093
2026-04-29,Amazon,Watch,Apple Watch Ultra 2,New,590.95,604.27,597.4571423877386,6.812857612261382,1.1274525646253137
2026-04-30,Amazon,Watch,Apple Watch Ultra 2,New,597.085,609.27,597.8685638639043,11.40143613609564,1.8713273484818949
2026-05-01,Amazon,Watch,Apple Watch Ultra 2,New,595.7850000000001,598.89,598.2589668590387,0.6310331409613354,0.1053671193309849
2026-05-02,Amazon,Watch,Apple Watch Ultra 2,New,606.5,599.66,595.5013048835178,4.158695116482136,0.6935088410903072
2026-05-03,Amazon,Watch,Apple Watch Ultra 2,New,605.65,596.54,597.6061416312465,1.0661416312465235,0.1787208957063271
2026-05-06,Amazon,Watch,Apple Watch Ultra 2,New,602.14,602.75,596.8488987201576,5.901101279842351,0.9790296606955372
2026-05-07,Amazon,Watch,Apple Watch Ultra 2,New,587.82,608.95,596.5263285065937,12.423671493406346,2.0401792418764013
2026-05-08,Amazon,Watch,Apple Watch Ultra 2,New,597.26,606.91,597.2525039959841,9.657496004015911,1.591256694405416
2026-05-15,Amazon,Watch,Apple Watch Ultra 2,New,596.82,588.675,594.7895143981168,6.114514398116853,1.038691026137827
2026-05-17,Amazon,Watch,Apple Watch Ultra 2,New,603.09,602.985,601.9146427964039,1.0703572035961315,0.1775097562287837
2026-05-26,Amazon,Watch,Apple Watch Ultra 2,New,599.4,602.93,596.2771064598714,6.6528935401285025,1.103427187256979
2026-05-29,Amazon,Watch,Apple Watch Ultra 2,New,604.27,603.4,597.2666828935219,6.133317106478103,1.0164595801256386
2026-05-31,Amazon,Watch,Apple Watch Ultra 2,New,598.89,595.85,596.2755375215862,0.4255375215861932,0.071416887066576
2026-06-02,Amazon,Watch,Apple Watch Ultra 2,New,596.54,601.03,595.2083575943361,5.821642405663852,0.9686109521427968
2026-06-05,Amazon,Watch,Apple Watch Ultra 2,New,602.75,598.49,601.2086972641428,2.7186972641427474,0.4542594302566037
2026-06-07,Amazon,Watch,Apple Watch Ultra 2,New,606.91,607.82,596.2089366725532,11.6110633274468,1.9102799064602678
2026-06-09,Amazon,Watch,Apple Watch Ultra 2,New,607.59,599.8,567.7744457412632,32.02555425873675,5.339372167178518
2026-06-10,Amazon,Watch,Apple Watch Ultra 2,New,599.35,488.07500000000005,570.1471523217726,82.07215232177259,16.81547965410492
2026-06-14,Amazon,Watch,Apple Watch Ultra 2,New,588.675,486.02,568.0882349772228,82.0682349772228,16.88577321452261
2026-06-15,Amazon,Watch,Apple Watch Ultra 2,New,588.3,445.91,591.8085796335499,145.8985796335499,32.71928856351055
2026-06-16,Amazon,Watch,Apple Watch Ultra 2,New,602.985,509.23,594.5157912859328,85.28579128593276,16.74799035522902
2026-06-26,Amazon,Watch,Apple Watch Ultra 2,New,606.575,610.38,593.6501113065406,16.72988869345943,2.740897259651271
2026-06-28,Amazon,Watch,Apple Watch Ultra 2,New,603.4,597.065,600.0120016483764,2.9470016483763857,0.4935813769650516
2026-06-30,Amazon,Watch,Apple Watch Ultra 2,New,595.85,601.05,590.9338247141578,10.116175285842132,1.6830838176261762
2026-03-22,Amazon,Watch,Apple Watch Ultra 2,Renewed/Refurbished,453.21,448.05,450.8231513226952,2.7731513226951847,0.6189379137808693
2026-03-26,Amazon,Watch,Apple Watch Ultra 2,Renewed/Refurbished,503.27,418.99,465.0888632225471,46.098863222547095,11.002377914161936
2026-04-12,Amazon,Watch,Apple Watch Ultra 2,Renewed/Refurbished,500.78,483.6,446.18455994479655,37.415440055203476,7.736856917949436
2026-04-27,Amazon,Watch,Apple Watch Ultra 2,Renewed/Refurbished,472.19,450.18,443.41913880484753,6.760861195152472,1.5018128737732621
2026-04-30,Amazon,Watch,Apple Watch Ultra 2,Renewed/Refurbished,462.85,455.35,440.9723040168243,14.377695983175727,3.1575043336281383
2026-05-01,Amazon,Watch,Apple Watch Ultra 2,Renewed/Refurbished,472.79,467.245,446.09326567267817,21.151734327321833,4.526904370795157
2026-05-04,Amazon,Watch,Apple Watch Ultra 2,Renewed/Refurbished,436.81,446.89,450.9487788952086,4.058778895208604,0.9082277283467083
2026-05-30,Amazon,Watch,Apple Watch Ultra 2,Renewed/Refurbished,455.35,507.5,451.39860472295,56.10139527705002,11.054462123556654
2026-06-17,Amazon,Watch,Apple Watch Ultra 2,Renewed/Refurbished,468.96,410.42,430.6750150073859,20.255015007385907,4.935192000240219
2026-06-29,Amazon,Watch,Apple Watch Ultra 2,Renewed/Refurbished,507.5,446.89,454.2040657588965,7.314065758896504,1.6366590791685884
2026-01-16,Amazon,Mac,MacBook Air M1 256GB,New,600.585,608.85,601.0851574315896,7.764842568410472,1.2753293205897136
2026-01-26,Amazon,Mac,MacBook Air M1 256GB,New,592.58,610.91,603.1830111632862,7.726988836713758,1.2648326000087997
2026-02-01,Amazon,Mac,MacBook Air M1 256GB,New,593.78,590.98,597.1164136627492,6.136413662749192,1.0383454030168857
2026-02-08,Amazon,Mac,MacBook Air M1 256GB,New,592.71,603.37,599.716341464761,3.6536585352390603,0.6055419618540961
2026-02-10,Amazon,Mac,MacBook Air M1 256GB,New,591.44,607.655,600.3860011369702,7.268998863029765,1.1962378097818278
2026-02-17,Amazon,Mac,MacBook Air M1 256GB,New,606.37,596.57,602.8099701653834,6.239970165383397,1.0459745152091786
2026-03-03,Amazon,Mac,MacBook Air M1 256GB,New,590.98,599.31,614.9381365810061,15.628136581006174,2.607688271680128
2026-03-09,Amazon,Mac,MacBook Air M1 256GB,New,607.12,590.33,596.7720577411322,6.442057741132203,1.091263825509834
2026-04-01,Amazon,Mac,MacBook Air M1 256GB,New,593.0899999999999,602.07,601.1770164340967,0.8929835659033643,0.14831889413247035
2026-04-08,Amazon,Mac,MacBook Air M1 256GB,New,590.33,609.61,605.6988851754464,3.9111148245535787,0.6415765529688783
2026-04-14,Amazon,Mac,MacBook Air M1 256GB,New,610.27,589.84,601.3815662588861,11.541566258886064,1.956728309183179
2026-04-26,Amazon,Mac,MacBook Air M1 256GB,New,602.13,589.25,604.269157324324,15.019157324324055,2.548859961701155
2026-04-28,Amazon,Mac,MacBook Air M1 256GB,New,600.33,609.98,593.5049725719867,16.475027428013277,2.700912723042276
2026-05-09,Amazon,Mac,MacBook Air M1 256GB,New,607.77,592.03,605.7476474734746,13.717647473474585,2.3170527631158193
2026-05-12,Amazon,Mac,MacBook Air M1 256GB,New,603.05,611.04,601.4017676826523,9.638232317347615,1.577348834339424
2026-05-13,Amazon,Mac,MacBook Air M1 256GB,New,603.54,604.32,606.5574746177028,2.2374746177027873,0.370246660329426
2026-05-14,Amazon,Mac,MacBook Air M1 256GB,New,589.84,604.29,608.4038348740073,4.1138348740073525,0.6807716285239459
2026-05-19,Amazon,Mac,MacBook Air M1 256GB,New,609.07,598.04,609.7962485606807,11.756248560680774,1.965796361561229
2026-05-27,Amazon,Mac,MacBook Air M1 256GB,New,589.12,596.53,597.058332478223,0.5283324782229784,0.08856762915913338
2026-05-28,Amazon,Mac,MacBook Air M1 256GB,New,609.98,593.89,606.8459007253831,12.955900725383117,2.1815320556640314
2026-05-29,Amazon,Mac,MacBook Air M1 256GB,New,610.87,594.415,597.0966582205339,2.6816582205339046,0.4511424207891633
2026-05-30,Amazon,Mac,MacBook Air M1 256GB,New,601.19,600.315,600.474368777421,0.15936877742092292,0.026547525452624524
2026-06-06,Amazon,Mac,MacBook Air M1 256GB,New,597.17,590.1949999999999,596.8466953449173,6.651695344917357,1.1270334965422204
2026-06-08,Amazon,Mac,MacBook Air M1 256GB,New,592.03,595.84,587.876471738336,7.96352826166401,1.336521257663804
2026-06-11,Amazon,Mac,MacBook Air M1 256GB,New,611.04,482.37,579.1146436712312,96.74464367123119,20.05610706951742
2026-06-12,Amazon,Mac,MacBook Air M1 256GB,New,604.32,497.28,563.8019573053863,66.52195730538631,13.377163229043257
2026-06-14,Amazon,Mac,MacBook Air M1 256GB,New,602.72,489.44,560.8705273365239,71.43052733652388,14.59433788340223
2026-06-18,Amazon,Mac,MacBook Air M1 256GB,New,598.04,486.08,588.2684772250988,102.18847722509878,21.022975070996296
2026-06-20,Amazon,Mac,MacBook Air M1 256GB,New,595.55,603.08,600.8244405486648,2.255559451335216,0.3740066742944909
2026-06-23,Amazon,Mac,MacBook Air M1 256GB,New,599.69,599.53,597.2020166097977,2.3279833902022347,0.3883014011312586
2026-06-27,Amazon,Mac,MacBook Air M1 256GB,New,593.89,600.37,602.3038876189898,1.9338876189898428,0.3221159649865654
2026-06-29,Amazon,Mac,MacBook Air M1 256GB,New,600.315,599.07,594.6194267213712,4.4505732786288945,0.742913729385363
2026-03-22,Amazon,Mac,MacBook Air M1 256GB,Renewed/Refurbished,447.34,474.78,460.87046536606476,13.909534633935209,2.9296799852426827
2026-04-19,Amazon,Mac,MacBook Air M1 256GB,Renewed/Refurbished,457.27,437.46,465.61546330723684,28.155463307236857,6.4361229157492925
2026-04-29,Amazon,Mac,MacBook Air M1 256GB,Renewed/Refurbished,458.6,428.34,470.75591086997434,42.41591086997437,9.90239316196815
2026-05-10,Amazon,Mac,MacBook Air M1 256GB,Renewed/Refurbished,484.43,493.4,480.61073962200084,12.789260377999142,2.592067364815392
2026-01-09,Amazon,Mac,MacBook Air M2 256GB,New,893.0699999999999,916.07,907.486069749102,8.583930250898106,0.9370386816398426
2026-01-14,Amazon,Mac,MacBook Air M2 256GB,New,892.56,898.5799999999999,902.8142403973691,4.234240397369149,0.4712146272306472
2026-01-16,Amazon,Mac,MacBook Air M2 256GB,New,906.7950000000001,898.97,903.1833837573358,4.213383757335805,0.46869014064271386
2026-01-22,Amazon,Mac,MacBook Air M2 256GB,New,913.72,895.09,899.5092667206516,4.419266720651535,0.49372316980991127
2026-01-28,Amazon,Mac,MacBook Air M2 256GB,New,882.57,886.99,899.6922677957443,12.70226779574432,1.43206437454135
2026-01-31,Amazon,Mac,MacBook Air M2 256GB,New,903.73,888.29,888.1713484259951,0.1186515740048435,0.01335730155746924
2026-02-05,Amazon,Mac,MacBook Air M2 256GB,New,892.005,909.15,907.9997644882448,1.150235511755227,0.1265176826437031
2026-02-08,Amazon,Mac,MacBook Air M2 256GB,New,916.07,913.96,896.3552471012962,17.60475289870385,1.9262060592043253
2026-02-18,Amazon,Mac,MacBook Air M2 256GB,New,892.11,900.155,895.8912604111722,4.263739588827775,0.4736672671737396
2026-02-28,Amazon,Mac,MacBook Air M2 256GB,New,889.01,881.4,896.0956687786269,14.695668778626896,1.667309822853063
2026-03-02,Amazon,Mac,MacBook Air M2 256GB,New,888.29,913.28,889.9326605200347,23.347339479965285,2.5564273256794503
2026-03-07,Amazon,Mac,MacBook Air M2 256GB,New,909.15,898.35,895.7390409484747,2.610959051525356,0.29063940018092677
2026-03-18,Amazon,Mac,MacBook Air M2 256GB,New,898.825,908.5,894.8073578150186,13.692642184981423,1.5071703010436348
2026-03-21,Amazon,Mac,MacBook Air M2 256GB,New,916.08,884.16,902.9466853368999,18.78668533689995,2.1248060686866572
2026-04-01,Amazon,Mac,MacBook Air M2 256GB,New,913.28,909.19,904.1021583511898,5.08784164881024,0.5596015847963836
2026-04-13,Amazon,Mac,MacBook Air M2 256GB,New,916.86,882.8,901.4670466516664,18.667046651666396,2.1145272600437695
2026-04-18,Amazon,Mac,MacBook Air M2 256GB,New,890.14,912.175,910.4897066776413,1.6852933223586888,0.184755482485125
2026-04-22,Amazon,Mac,MacBook Air M2 256GB,New,899.1800000000001,886.25,896.4165819180705,10.166581918070506,1.1471460556356001
2026-04-25,Amazon,Mac,MacBook Air M2 256GB,New,897.26,909.02,898.0115783405729,11.008421659427086,1.211020842162668
2026-04-30,Amazon,Mac,MacBook Air M2 256GB,New,907.09,906.545,913.7232070886281,7.178207088628142,0.7918202724220135
2026-05-18,Amazon,Mac,MacBook Air M2 256GB,New,912.175,881.98,896.1031137663573,14.123113766357278,1.6012963747882354
2026-05-25,Amazon,Mac,MacBook Air M2 256GB,New,909.02,912.43,904.5496517622921,7.880348237707835,0.8636660607068856
2026-05-30,Amazon,Mac,MacBook Air M2 256GB,New,906.545,900.88,920.4497664864812,19.56976648648117,2.172294477231282
2026-06-01,Amazon,Mac,MacBook Air M2 256GB,New,892.61,916.82,882.0439712205695,34.77602877943059,3.7931141095777345
2026-06-06,Amazon,Mac,MacBook Air M2 256GB,New,896.07,906.17,868.1797974187702,37.99020258122971,4.192392440847712
2026-06-11,Amazon,Mac,MacBook Air M2 256GB,New,901.38,731.2,837.7397011911767,106.53970119117662,14.57052806225063
2026-06-16,Amazon,Mac,MacBook Air M2 256GB,New,887.88,664.8199999999999,864.3303665933664,199.51036659336648,30.00968180761206
2026-06-18,Amazon,Mac,MacBook Air M2 256GB,New,905.45,626.23,877.6869507805795,251.45695078057952,40.154088877980854
2026-06-19,Amazon,Mac,MacBook Air M2 256GB,New,901.44,794.335,873.4553326854365,79.12033268543644,9.960574906737891
2026-06-20,Amazon,Mac,MacBook Air M2 256GB,New,891.79,809.345,869.1136970861116,59.768697086111615,7.384823170108127
2026-06-22,Amazon,Mac,MacBook Air M2 256GB,New,886.03,801.35,873.059270719675,71.70927071967503,8.948558148084485
2026-06-28,Amazon,Mac,MacBook Air M2 256GB,New,916.32,796.865,884.2384358038414,87.3734358038414,10.964647186642832
2026-06-30,Amazon,Mac,MacBook Air M2 256GB,New,916.0,798.04,887.7401535183479,89.70015351834797,11.240057330252617
2026-02-22,Amazon,Mac,MacBook Air M2 256GB,Renewed/Refurbished,748.54,693.325,691.1167319057311,2.2082680942689876,0.31850403407766736
2026-02-27,Amazon,Mac,MacBook Air M2 256GB,Renewed/Refurbished,639.38,726.26,685.6947598205593,40.56524017944071,5.585498331099153
2026-03-04,Amazon,Mac,MacBook Air M2 256GB,Renewed/Refurbished,752.68,717.34,688.799610949589,28.540389050411022,3.9786417947432207
2026-03-25,Amazon,Mac,MacBook Air M2 256GB,Renewed/Refurbished,717.82,711.94,703.7203119614327,8.21968803856737,1.154547860573555
2026-04-11,Amazon,Mac,MacBook Air M2 256GB,Renewed/Refurbished,671.27,727.76,687.4445722556311,40.31542774436889,5.539659742823031
2026-04-22,Amazon,Mac,MacBook Air M2 256GB,Renewed/Refurbished,661.92,657.12,680.2952603235628,23.17526032356284,3.526792720288964
2026-05-08,Amazon,Mac,MacBook Air M2 256GB,Renewed/Refurbished,750.9,716.9,714.9130292245976,1.9869707754023693,0.2771614974755711
2026-05-18,Amazon,Mac,MacBook Air M2 256GB,Renewed/Refurbished,729.21,692.43,694.3464827255995,1.9164827255995078,0.27677638542517047
2026-05-22,Amazon,Mac,MacBook Air M2 256GB,Renewed/Refurbished,657.12,691.24,665.8976828124294,25.342317187570643,3.6662110392295935
2026-01-02,Amazon,Mac,MacBook Air M3 256GB,New,990.85,1003.19,987.8052043625129,15.384795637487173,1.5335874198793022
2026-01-03,Amazon,Mac,MacBook Air M3 256GB,New,993.39,983.01,996.414444066548,13.404444066547967,1.363612177551395
2026-01-04,Amazon,Mac,MacBook Air M3 256GB,New,1001.97,1002.87,985.1243359942723,17.74566400572769,1.769487970098586
2026-01-15,Amazon,Mac,MacBook Air M3 256GB,New,987.13,1002.03,996.0384627680205,5.991537231979464,0.5979399051904098
2026-01-16,Amazon,Mac,MacBook Air M3 256GB,New,999.855,982.67,1009.7700090956282,27.100009095628252,2.757793470404943
2026-01-17,Amazon,Mac,MacBook Air M3 256GB,New,1013.72,1001.27,1002.9164921038289,1.6464921038289049,0.16444037111157878
2026-01-19,Amazon,Mac,MacBook Air M3 256GB,New,1016.71,1008.4449999999999,991.6151699348159,16.82983006518407,1.6688892369126795
2026-01-22,Amazon,Mac,MacBook Air M3 256GB,New,996.81,1003.54,1008.5090420831239,4.969042083123895,0.4951513724539027
2026-01-23,Amazon,Mac,MacBook Air M3 256GB,New,996.93,993.685,1003.8344040152364,10.149404015236428,1.0213904824201259
2026-01-25,Amazon,Mac,MacBook Air M3 256GB,New,1003.21,996.47,1013.7943027868848,17.3243027868848,1.7385674216870353
2026-01-27,Amazon,Mac,MacBook Air M3 256GB,New,1006.68,982.37,985.9857728711968,3.615772871196782,0.36806629591668943
2026-01-29,Amazon,Mac,MacBook Air M3 256GB,New,991.0,994.44,1011.5418718507938,17.101871850793714,1.7197489894607731
2026-01-30,Amazon,Mac,MacBook Air M3 256GB,New,985.42,994.96,997.1119661271027,2.151966127102696,0.2162866976665088
2026-02-01,Amazon,Mac,MacBook Air M3 256GB,New,1003.19,999.02,1005.9045595597861,6.884559559786112,0.6891313046571752
2026-02-02,Amazon,Mac,MacBook Air M3 256GB,New,983.01,1001.91,984.1648838543764,17.74511614562357,1.7711287586333673
2026-02-03,Amazon,Mac,MacBook Air M3 256GB,New,1002.87,989.04,986.5607760134485,2.4792239865514603,0.25066973899452605
2026-02-07,Amazon,Mac,MacBook Air M3 256GB,New,997.645,901.01,945.0237468519077,44.01374685190774,4.884934335013789
2026-02-08,Amazon,Mac,MacBook Air M3 256GB,New,990.85,884.56,951.9146234791875,67.35462347918758,7.6144776475521825
2026-02-09,Amazon,Mac,MacBook Air M3 256GB,New,1013.92,896.21,927.5445824232928,31.334582423292773,3.496343761316295
2026-02-13,Amazon,Mac,MacBook Air M3 256GB,New,989.82,899.33,926.0042595638381,26.674259563838064,2.9660146513335555
2026-02-14,Amazon,Mac,MacBook Air M3 256GB,New,1002.03,907.2,937.3175876512422,30.11758765124216,3.319839908646623
2026-02-15,Amazon,Mac,MacBook Air M3 256GB,New,982.67,911.08,911.8586101108704,0.7786101108703178,0.08546012544126946
2026-02-18,Amazon,Mac,MacBook Air M3 256GB,New,1008.4449999999999,888.85,909.6825429283679,20.832542928367843,2.3437636190997178
2026-02-21,Amazon,Mac,MacBook Air M3 256GB,New,1003.54,905.02,933.4129284868789,28.392928486878873,3.137270832343912
2026-02-24,Amazon,Mac,MacBook Air M3 256GB,New,996.47,904.93,923.6632622569614,18.73326225696144,2.0701338509013336
2026-03-05,Amazon,Mac,MacBook Air M3 256GB,New,989.04,885.12,912.6166725461404,27.496672546140417,3.106547422512249
2026-03-07,Amazon,Mac,MacBook Air M3 256GB,New,984.95,898.815,901.6432561005086,2.828256100508497,0.31466498673347654
2026-03-09,Amazon,Mac,MacBook Air M3 256GB,New,901.01,903.52,886.7464597914147,16.773540208585246,1.8564658456464989
2026-03-11,Amazon,Mac,MacBook Air M3 256GB,New,896.21,910.91,879.1609508508287,31.749049149171242,3.4854210788300977
2026-03-12,Amazon,Mac,MacBook Air M3 256GB,New,889.59,903.1600000000001,881.243724400375,21.916275599625124,2.426621595246149
2026-03-13,Amazon,Mac,MacBook Air M3 256GB,New,913.85,900.4300000000001,875.9877067793003,24.442293220699753,2.7145134236642217
2026-03-19,Amazon,Mac,MacBook Air M3 256GB,New,900.1600000000001,900.545,920.4043491428563,19.85934914285633,2.205258942402249
2026-03-20,Amazon,Mac,MacBook Air M3 256GB,New,888.85,889.27,872.36839574812,16.90160425188003,1.9006155894025472
2026-03-22,Amazon,Mac,MacBook Air M3 256GB,New,892.435,911.99,886.9205033904577,25.069496609542284,2.7488784536609265
2026-03-23,Amazon,Mac,MacBook Air M3 256GB,New,905.02,903.14,875.7281898557196,27.411810144280366,3.0351673211551216
2026-03-25,Amazon,Mac,MacBook Air M3 256GB,New,907.65,900.3199999999999,887.7370353128633,12.58296468713661,1.3976102593674038
2026-03-26,Amazon,Mac,MacBook Air M3 256GB,New,904.93,907.34,883.3230640948445,24.016935905155492,2.6469609964462593
2026-03-27,Amazon,Mac,MacBook Air M3 256GB,New,897.71,914.93,877.1827664170239,37.74723358297604,4.125696346493834
2026-03-29,Amazon,Mac,MacBook Air M3 256GB,New,892.2950000000001,895.07,882.3437722658521,12.726227734147983,1.4218136831921506
2026-04-04,Amazon,Mac,MacBook Air M3 256GB,New,885.12,885.75,879.0622157469104,6.687784253089603,0.7550419704306637
2026-04-10,Amazon,Mac,MacBook Air M3 256GB,New,910.91,891.0699999999999,899.7089918789852,8.63899187898528,0.9695076569725477
2026-04-11,Amazon,Mac,MacBook Air M3 256GB,New,903.1600000000001,905.46,901.9438886403464,3.516111359653678,0.3883232124725198
2026-04-12,Amazon,Mac,MacBook Air M3 256GB,New,900.4300000000001,912.7750000000001,887.6041275055743,25.170872494425794,2.75762071643349
2026-04-18,Amazon,Mac,MacBook Air M3 256GB,New,900.545,900.52,901.8007964202585,1.2807964202585254,0.14222853687408668
2026-04-20,Amazon,Mac,MacBook Air M3 256GB,New,904.48,898.21,907.4823905991672,9.272390599167124,1.0323187894999082
2026-04-21,Amazon,Mac,MacBook Air M3 256GB,New,911.99,884.54,904.8597249183481,20.31972491834813,2.2972081441594647
2026-04-22,Amazon,Mac,MacBook Air M3 256GB,New,903.14,909.61,896.5762741420182,13.033725857981835,1.4328916632382929
2026-04-24,Amazon,Mac,MacBook Air M3 256GB,New,900.3199999999999,887.19,880.8639763492577,6.3260236507424,0.713040459286331
2026-04-25,Amazon,Mac,MacBook Air M3 256GB,New,907.34,903.9,901.7382545806188,2.161745419381191,0.23915758594769232
2026-04-26,Amazon,Mac,MacBook Air M3 256GB,New,914.93,892.02,899.6450762972343,7.625076297234273,0.8548100151604531
2026-04-28,Amazon,Mac,MacBook Air M3 256GB,New,895.07,892.88,893.1000373781967,0.22003737819670732,0.024643555483010855
2026-05-01,Amazon,Mac,MacBook Air M3 256GB,New,895.11,881.16,889.6112198489014,8.451219848901474,0.9591016216012386
2026-05-04,Amazon,Mac,MacBook Air M3 256GB,New,885.75,909.55,888.0126724924003,21.537327507599684,2.367910231169225
2026-05-09,Amazon,Mac,MacBook Air M3 256GB,New,900.7,903.46,889.9497854225043,13.51021457749573,1.495386024560659
2026-05-10,Amazon,Mac,MacBook Air M3 256GB,New,891.0699999999999,908.39,888.7309538378561,19.65904616214391,2.1641636480084445
2026-05-11,Amazon,Mac,MacBook Air M3 256GB,New,905.46,902.485,893.9501688088113,8.534831191188687,0.9457033846755001
2026-05-12,Amazon,Mac,MacBook Air M3 256GB,New,912.7750000000001,885.51,894.2063555010384,8.696355501038397,0.9820730992352878
2026-05-16,Amazon,Mac,MacBook Air M3 256GB,New,902.46,892.525,892.0746634402225,0.4503365597774973,0.05045646449987365
2026-05-18,Amazon,Mac,MacBook Air M3 256GB,New,900.52,896.14,886.9066009378831,9.23339906211686,1.030352295636492
2026-05-21,Amazon,Mac,MacBook Air M3 256GB,New,884.54,888.35,883.5510000823626,4.7989999176373885,0.540214996075577
2026-05-22,Amazon,Mac,MacBook Air M3 256GB,New,909.61,896.335,886.2003397744679,10.134660225532116,1.130677729368162
2026-05-25,Amazon,Mac,MacBook Air M3 256GB,New,903.9,893.85,879.6761389030944,14.173861096905625,1.5857091342960927
2026-05-26,Amazon,Mac,MacBook Air M3 256GB,New,892.02,900.21,890.0809771968957,10.129022803104363,1.1251844350878533
2026-06-02,Amazon,Mac,MacBook Air M3 256GB,New,884.36,911.73,876.8941687155312,34.83583128446878,3.8208495151490887
2026-06-05,Amazon,Mac,MacBook Air M3 256GB,New,889.455,908.58,905.308495030096,3.271504969904072,0.3600679048519747
2026-06-06,Amazon,Mac,MacBook Air M3 256GB,New,885.88,894.1,891.501571727892,2.5984282721079808,0.29061942423755516
2026-06-11,Amazon,Mac,MacBook Air M3 256GB,New,885.51,703.67,857.504462781075,153.834462781075,21.861733878249037
2026-06-14,Amazon,Mac,MacBook Air M3 256GB,New,902.76,691.53,857.8511013047225,166.32110130472256,24.05117656569094
2026-06-15,Amazon,Mac,MacBook Air M3 256GB,New,892.525,734.4,894.1866053077811,159.7866053077811,21.75743536325995
2026-06-16,Amazon,Mac,MacBook Air M3 256GB,New,886.04,694.585,884.6151583594292,190.03015835942915,27.358805381548574
2026-06-17,Amazon,Mac,MacBook Air M3 256GB,New,896.14,751.13,885.0566049010138,133.92660490101377,17.83001676154777
2026-06-18,Amazon,Mac,MacBook Air M3 256GB,New,895.975,692.335,884.347338953909,192.01233895390897,27.734021673598612
2026-06-22,Amazon,Mac,MacBook Air M3 256GB,New,913.23,914.16,902.7064483073661,11.453551692633823,1.2529044907493025
2026-06-25,Amazon,Mac,MacBook Air M3 256GB,New,900.21,889.89,890.6922744450385,0.8022744450385062,0.09015433874282285
2026-01-11,Amazon,Mac,MacBook Air M3 256GB,Renewed/Refurbished,721.14,826.33,758.7426672048476,67.5873327951524,8.179218084197887
2026-01-14,Amazon,Mac,MacBook Air M3 256GB,Renewed/Refurbished,832.89,752.74,746.6030183087615,6.136981691238475,0.8152857150195918
2026-01-27,Amazon,Mac,MacBook Air M3 256GB,Renewed/Refurbished,731.97,712.19,757.923535009719,45.733535009718935,6.421535687066504
2026-01-28,Amazon,Mac,MacBook Air M3 256GB,Renewed/Refurbished,730.94,719.49,756.6339893489076,37.14398934890755,5.162544211720462
2026-02-01,Amazon,Mac,MacBook Air M3 256GB,Renewed/Refurbished,790.745,804.71,748.2229259394758,56.487074060524264,7.019556617977192
2026-02-04,Amazon,Mac,MacBook Air M3 256GB,Renewed/Refurbished,808.97,788.5,757.6718206819833,30.828179318016737,3.909724707421273
2026-02-11,Amazon,Mac,MacBook Air M3 256GB,Renewed/Refurbished,812.17,669.06,692.919638296221,23.85963829622108,3.5661432900219827
2026-03-30,Amazon,Mac,MacBook Air M3 256GB,Renewed/Refurbished,660.96,713.39,671.5628024930261,41.8271975069739,5.863160053683666
2026-04-01,Amazon,Mac,MacBook Air M3 256GB,Renewed/Refurbished,757.29,751.95,683.9394052434217,68.01059475657837,9.044563435943662
2026-04-21,Amazon,Mac,MacBook Air M3 256GB,Renewed/Refurbished,734.27,679.92,694.5542914846116,14.634291484611595,2.1523549071378394
2026-04-25,Amazon,Mac,MacBook Air M3 256GB,Renewed/Refurbished,696.11,678.8,660.8850989889678,17.914901011032157,2.6392016810595402
2026-04-27,Amazon,Mac,MacBook Air M3 256GB,Renewed/Refurbished,691.41,665.1,671.0997301572863,5.999730157286308,0.9020794102069324
2026-04-29,Amazon,Mac,MacBook Air M3 256GB,Renewed/Refurbished,713.39,714.8199999999999,667.5682797778851,47.25172022211484,6.610296329441656
2026-05-24,Amazon,Mac,MacBook Air M3 256GB,Renewed/Refurbished,755.76,704.55,699.6465986165093,4.903401383490632,0.6959621579008775
2026-05-29,Amazon,Mac,MacBook Air M3 256GB,Renewed/Refurbished,714.8199999999999,760.06,681.1001037452301,78.95989625476989,10.388639877742532
2026-06-12,Amazon,Mac,MacBook Air M3 256GB,Renewed/Refurbished,677.67,589.6,637.2642466884316,47.664246688431604,8.08416667035814
2026-06-21,Amazon,Mac,MacBook Air M3 256GB,Renewed/Refurbished,772.75,668.68,702.6143372287866,33.9343372287866,5.074824613983759
2026-06-28,Amazon,Mac,MacBook Air M3 256GB,Renewed/Refurbished,760.06,697.76,692.2636899941544,5.496310005845544,0.7877078086799966
2026-01-06,Amazon,Mac,MacBook Pro 14-inch M1 Pro 512GB,New,1577.7,1575.81,1593.8444112834786,18.034411283478676,1.1444534102130761
2026-01-12,Amazon,Mac,MacBook Pro 14-inch M1 Pro 512GB,New,1622.23,1613.71,1605.932804187014,7.777195812986065,0.4819450714803815
2026-01-17,Amazon,Mac,MacBook Pro 14-inch M1 Pro 512GB,New,1619.16,1584.37,1599.153184660086,14.783184660086135,0.933063909319549
2026-01-22,Amazon,Mac,MacBook Pro 14-inch M1 Pro 512GB,New,1613.25,1590.045,1604.3386036930772,14.293603693077102,0.8989433439353668
2026-01-31,Amazon,Mac,MacBook Pro 14-inch M1 Pro 512GB,New,1628.83,1607.02,1598.0735419102348,8.946458089765201,0.5567110608309294
2026-02-08,Amazon,Mac,MacBook Pro 14-inch M1 Pro 512GB,New,1603.21,1590.78,1591.8535814456063,1.0735814456063508,0.06748773844317574
2026-02-12,Amazon,Mac,MacBook Pro 14-inch M1 Pro 512GB,New,1607.46,1592.19,1586.4727779124157,5.717222087584332,0.3590791355042007
2026-02-15,Amazon,Mac,MacBook Pro 14-inch M1 Pro 512GB,New,1610.8,1606.29,1600.8292086911326,5.4607913088673286,0.3399629773495028
2026-02-16,Amazon,Mac,MacBook Pro 14-inch M1 Pro 512GB,New,1584.37,1571.99,1573.9624304985143,1.9724304985143135,0.12547347619986854
2026-02-27,Amazon,Mac,MacBook Pro 14-inch M1 Pro 512GB,New,1617.74,1594.97,1593.8435205135825,1.1264794864175656,0.07062700153718036
2026-03-01,Amazon,Mac,MacBook Pro 14-inch M1 Pro 512GB,New,1616.74,1607.135,1594.0618918507776,13.073108149222435,0.8134418172227246
2026-03-02,Amazon,Mac,MacBook Pro 14-inch M1 Pro 512GB,New,1607.02,1575.56,1571.794068116501,3.765931883498979,0.23902180072475684
2026-03-06,Amazon,Mac,MacBook Pro 14-inch M1 Pro 512GB,New,1597.47,1588.36,1581.8974984829238,6.462501517076134,0.406866297128871
2026-03-10,Amazon,Mac,MacBook Pro 14-inch M1 Pro 512GB,New,1590.78,1606.72,1567.7661627032471,38.95383729675291,2.424432215740945
2026-03-17,Amazon,Mac,MacBook Pro 14-inch M1 Pro 512GB,New,1606.29,1612.34,1604.164119172157,8.175880827843002,0.5070816842504065
2026-03-21,Amazon,Mac,MacBook Pro 14-inch M1 Pro 512GB,New,1627.9850000000001,1606.81,1613.5493865565147,6.7393865565147735,0.41942647584436077
2026-04-05,Amazon,Mac,MacBook Pro 14-inch M1 Pro 512GB,New,1588.36,1610.38,1583.2067066857235,27.173293314276634,1.687383928903528
2026-04-08,Amazon,Mac,MacBook Pro 14-inch M1 Pro 512GB,New,1596.6,1598.46,1589.1524819200376,9.307518079962392,0.5822803248102794
2026-05-05,Amazon,Mac,MacBook Pro 14-inch M1 Pro 512GB,New,1610.38,1622.86,1588.12071503797,34.73928496202984,2.140621184946936
2026-05-08,Amazon,Mac,MacBook Pro 14-inch M1 Pro 512GB,New,1598.46,1599.195,1584.7004296537689,14.494570346231058,0.9063666623664443
2026-05-19,Amazon,Mac,MacBook Pro 14-inch M1 Pro 512GB,New,1615.1,1609.1,1572.8205704715367,36.2794295284632,2.2546410744181964
2026-05-23,Amazon,Mac,MacBook Pro 14-inch M1 Pro 512GB,New,1626.63,1626.5,1595.1316822163549,31.368317783645125,1.9285777918011142
2026-05-28,Amazon,Mac,MacBook Pro 14-inch M1 Pro 512GB,New,1588.14,1617.62,1583.7269141577062,33.89308584229366,2.095243990695816
2026-06-04,Amazon,Mac,MacBook Pro 14-inch M1 Pro 512GB,New,1622.86,1596.875,1587.1290483807402,9.745951619259813,0.6103139957266419
2026-06-12,Amazon,Mac,MacBook Pro 14-inch M1 Pro 512GB,New,1608.94,1271.92,1537.4752570756555,265.5552570756554,20.878298719703707
2026-06-22,Amazon,Mac,MacBook Pro 14-inch M1 Pro 512GB,New,1626.5,1585.7,1581.0002975972577,4.699702402742332,0.2963802990945533
2026-04-10,Amazon,Mac,MacBook Pro 14-inch M1 Pro 512GB,Renewed/Refurbished,1295.73,1148.84,1342.2038514681626,193.3638514681627,16.83122553777399
2026-01-02,Amazon,Mac,MacBook Pro 14-inch M2 Pro 512GB,New,1777.67,1681.9499999999998,1749.63602410283,67.68602410283029,4.024258991220328
2026-01-07,Amazon,Mac,MacBook Pro 14-inch M2 Pro 512GB,New,1824.26,1699.45,1754.3886139712135,54.9386139712135,3.232729057707699
2026-01-08,Amazon,Mac,MacBook Pro 14-inch M2 Pro 512GB,New,1807.5300000000002,1680.3,1784.8609309345004,104.56093093450045,6.2227537305540945
2026-01-13,Amazon,Mac,MacBook Pro 14-inch M2 Pro 512GB,New,1784.6399999999999,1691.61,1780.7291822890168,89.11918228901686,5.268305477563792
2026-01-26,Amazon,Mac,MacBook Pro 14-inch M2 Pro 512GB,New,1680.36,1675.23,1694.4114103394004,19.181410339400372,1.1450016021322669
2026-01-29,Amazon,Mac,MacBook Pro 14-inch M2 Pro 512GB,New,1665.38,1700.81,1671.7324104121103,29.077589587889634,1.7096318570498548
2026-01-30,Amazon,Mac,MacBook Pro 14-inch M2 Pro 512GB,New,1695.165,1720.54,1714.8634150796752,5.676584920324785,0.32993042418803314
2026-02-01,Amazon,Mac,MacBook Pro 14-inch M2 Pro 512GB,New,1681.9499999999998,1725.9,1689.3326194684423,36.567380531557774,2.118742715774829
2026-02-06,Amazon,Mac,MacBook Pro 14-inch M2 Pro 512GB,New,1699.45,1728.53,1706.4543890369696,22.075610963030385,1.2771320696216082
2026-02-12,Amazon,Mac,MacBook Pro 14-inch M2 Pro 512GB,New,1691.61,1683.41,1680.8726105543633,2.5373894456367907,0.1507291417798867
2026-02-15,Amazon,Mac,MacBook Pro 14-inch M2 Pro 512GB,New,1675.69,1679.64,1657.7465725374354,21.89342746256466,1.3034595188590803
2026-02-28,Amazon,Mac,MacBook Pro 14-inch M2 Pro 512GB,New,1700.81,1693.81,1656.6647784656693,37.14522153433063,2.192998124602561
2026-03-03,Amazon,Mac,MacBook Pro 14-inch M2 Pro 512GB,New,1725.9,1690.965,1705.6998685462072,14.73486854620728,0.8713881450063887
2026-03-05,Amazon,Mac,MacBook Pro 14-inch M2 Pro 512GB,New,1716.2649999999999,1669.67,1707.728333332942,38.05833333294186,2.2793925346291095
2026-03-08,Amazon,Mac,MacBook Pro 14-inch M2 Pro 512GB,New,1728.53,1680.64,1713.89548224808,33.25548224807994,1.9787391855531193
2026-03-10,Amazon,Mac,MacBook Pro 14-inch M2 Pro 512GB,New,1723.13,1732.19,1731.0550743671072,1.1349256328928732,0.06551969662062898
2026-03-11,Amazon,Mac,MacBook Pro 14-inch M2 Pro 512GB,New,1704.49,1686.63,1714.9252424339054,28.295242433905287,1.6776200135124648
2026-03-14,Amazon,Mac,MacBook Pro 14-inch M2 Pro 512GB,New,1683.41,1693.8600000000001,1670.6920707020454,23.167929297954743,1.3677593955790173
2026-03-18,Amazon,Mac,MacBook Pro 14-inch M2 Pro 512GB,New,1698.895,1697.02,1716.2511831494417,19.231183149441677,1.1332325576269977
2026-03-20,Amazon,Mac,MacBook Pro 14-inch M2 Pro 512GB,New,1673.42,1687.2350000000001,1669.6085004348654,17.626499565134736,1.0446973637421424
2026-03-25,Amazon,Mac,MacBook Pro 14-inch M2 Pro 512GB,New,1672.48,1670.76,1701.8782677013764,31.118267701376453,1.862521708765858
2026-03-26,Amazon,Mac,MacBook Pro 14-inch M2 Pro 512GB,New,1732.86,1718.73,1671.4977826413565,47.23221735864354,2.748088260439018
2026-03-30,Amazon,Mac,MacBook Pro 14-inch M2 Pro 512GB,New,1693.81,1731.99,1704.5080519802364,27.48194801976365,1.5867267143438268
2026-04-01,Amazon,Mac,MacBook Pro 14-inch M2 Pro 512GB,New,1688.8200000000002,1687.6,1692.6211048970574,5.021104897057512,0.29752932549523065
2026-04-02,Amazon,Mac,MacBook Pro 14-inch M2 Pro 512GB,New,1690.965,1675.91,1705.4694978790449,29.559497879044784,1.763787905021438
2026-04-04,Amazon,Mac,MacBook Pro 14-inch M2 Pro 512GB,New,1669.67,1677.37,1662.9739339114917,14.396066088508178,0.8582522692374478
2026-04-05,Amazon,Mac,MacBook Pro 14-inch M2 Pro 512GB,New,1730.51,1708.71,1675.1648081446333,33.54519185536674,1.9631881276147936
2026-04-06,Amazon,Mac,MacBook Pro 14-inch M2 Pro 512GB,New,1672.99,1700.33,1700.9067137846384,0.576713784638514,0.03391775623781936
2026-04-12,Amazon,Mac,MacBook Pro 14-inch M2 Pro 512GB,New,1684.41,1712.4099999999999,1663.030222010968,49.379777989031936,2.883642234571857
2026-04-18,Amazon,Mac,MacBook Pro 14-inch M2 Pro 512GB,New,1717.88,1706.435,1667.100520316052,39.33447968394785,2.3050675638947777
2026-04-20,Amazon,Mac,MacBook Pro 14-inch M2 Pro 512GB,New,1702.77,1694.83,1667.2532439000897,27.5767560999102,1.6271104535505156
2026-04-23,Amazon,Mac,MacBook Pro 14-inch M2 Pro 512GB,New,1687.37,1675.84,1671.1540095353675,4.6859904646323685,0.27962039721168896
2026-04-25,Amazon,Mac,MacBook Pro 14-inch M2 Pro 512GB,New,1718.73,1718.93,1658.4728494787041,60.457150521295944,3.5171385990875685
2026-04-29,Amazon,Mac,MacBook Pro 14-inch M2 Pro 512GB,New,1731.99,1713.275,1661.33832510324,51.936674896759996,3.0314266476053167
2026-05-01,Amazon,Mac,MacBook Pro 14-inch M2 Pro 512GB,New,1687.6,1680.6999999999998,1689.6397654663424,8.939765466342578,0.5319072687774486
2026-05-02,Amazon,Mac,MacBook Pro 14-inch M2 Pro 512GB,New,1675.91,1703.7849999999999,1635.724038326995,68.06096167300484,3.9946919167033896
2026-05-04,Amazon,Mac,MacBook Pro 14-inch M2 Pro 512GB,New,1677.37,1683.17,1641.1050087373583,42.0649912626418,2.4991528640982072
2026-05-11,Amazon,Mac,MacBook Pro 14-inch M2 Pro 512GB,New,1691.35,1667.87,1670.1792691721544,2.3092691721544725,0.13845618496372453
2026-05-20,Amazon,Mac,MacBook Pro 14-inch M2 Pro 512GB,New,1694.83,1725.88,1705.4671992950664,20.412800704933716,1.1827473929203487
2026-05-29,Amazon,Mac,MacBook Pro 14-inch M2 Pro 512GB,New,1713.275,1713.21,1726.3608075182979,13.150807518297825,0.767612115169642
2026-06-03,Amazon,Mac,MacBook Pro 14-inch M2 Pro 512GB,New,1683.17,1731.32,1682.5934765005923,48.726523499407676,2.8144146373522907
2026-06-06,Amazon,Mac,MacBook Pro 14-inch M2 Pro 512GB,New,1705.72,1707.71,1719.5965295822643,11.886529582264302,0.6960508272636631
2026-06-10,Amazon,Mac,MacBook Pro 14-inch M2 Pro 512GB,New,1667.87,1361.06,1620.4831599638906,259.4231599638906,19.060376468626707
2026-06-12,Amazon,Mac,MacBook Pro 14-inch M2 Pro 512GB,New,1679.22,1340.81,1607.7308514512251,266.9208514512252,19.907432928694238
2026-06-15,Amazon,Mac,MacBook Pro 14-inch M2 Pro 512GB,New,1670.87,1429.85,1660.7133474883408,230.86334748834088,16.145983668800287
2026-06-16,Amazon,Mac,MacBook Pro 14-inch M2 Pro 512GB,New,1690.62,1342.69,1658.4219374047082,315.7319374047081,23.51487963749697
2026-06-18,Amazon,Mac,MacBook Pro 14-inch M2 Pro 512GB,New,1682.39,1411.1,1659.8186097821942,248.71860978219433,17.625867038636127
2026-06-20,Amazon,Mac,MacBook Pro 14-inch M2 Pro 512GB,New,1696.7199999999998,1710.345,1718.4204272111122,8.075427211112128,0.4721519466021258
2026-06-21,Amazon,Mac,MacBook Pro 14-inch M2 Pro 512GB,New,1709.4,1718.5,1676.0022113785353,42.49778862146468,2.4729583137308513
2026-06-25,Amazon,Mac,MacBook Pro 14-inch M2 Pro 512GB,New,1696.37,1670.44,1697.619032068565,27.179032068564993,1.627058264203742
2026-06-26,Amazon,Mac,MacBook Pro 14-inch M2 Pro 512GB,New,1711.94,1722.89,1710.4437095279404,12.446290472059673,0.7224077260916061
2026-01-05,Amazon,Mac,MacBook Pro 14-inch M2 Pro 512GB,Renewed/Refurbished,1388.69,1372.15,1351.9813438188262,20.1686561811739,1.4698579733392048
2026-01-25,Amazon,Mac,MacBook Pro 14-inch M2 Pro 512GB,Renewed/Refurbished,1304.36,1318.62,1350.1332294177062,31.51322941770627,2.389864359535444
2026-01-30,Amazon,Mac,MacBook Pro 14-inch M2 Pro 512GB,Renewed/Refurbished,1318.32,1187.51,1335.223873663857,147.71387366385693,12.438958296254931
2026-04-07,Amazon,Mac,MacBook Pro 14-inch M2 Pro 512GB,Renewed/Refurbished,1217.23,1317.79,1299.7151659429794,18.074834057020553,1.3716020046456987
2026-04-12,Amazon,Mac,MacBook Pro 14-inch M2 Pro 512GB,Renewed/Refurbished,1192.5,1264.58,1296.4576123384272,31.877612338427298,2.520806302363417
2026-06-10,Amazon,Mac,MacBook Pro 14-inch M2 Pro 512GB,Renewed/Refurbished,1320.2649999999999,969.74,1290.226451387869,320.486451387869,33.04869876336637
2026-01-03,Amazon,Mac,MacBook Pro 14-inch M3 Pro 512GB,New,1804.22,1804.28,1789.9251578439535,14.354842156046516,0.7955994721465912
2026-01-05,Amazon,Mac,MacBook Pro 14-inch M3 Pro 512GB,New,1795.98,1764.96,1800.083995588779,35.12399558877905,1.9900731794929658
2026-01-07,Amazon,Mac,MacBook Pro 14-inch M3 Pro 512GB,New,1773.05,1780.34,1816.0982452164753,35.758245216475416,2.0085065333855003
2026-01-08,Amazon,Mac,MacBook Pro 14-inch M3 Pro 512GB,New,1798.5349999999999,1824.0,1813.426642657169,10.57335734283106,0.5796796788832818
2026-01-09,Amazon,Mac,MacBook Pro 14-inch M3 Pro 512GB,New,1764.58,1798.96,1791.8204421241758,7.139557875824266,0.3968714076924593
2026-01-15,Amazon,Mac,MacBook Pro 14-inch M3 Pro 512GB,New,1831.73,1804.2,1804.2744108318323,0.07441083183221053,0.0041243117078045965
2026-01-16,Amazon,Mac,MacBook Pro 14-inch M3 Pro 512GB,New,1775.19,1803.3200000000002,1794.5829086241922,8.73709137580795,0.48450033137812193
2026-01-17,Amazon,Mac,MacBook Pro 14-inch M3 Pro 512GB,New,1831.15,1768.9,1798.3211323521648,29.421132352164705,1.6632445221417096
2026-01-21,Amazon,Mac,MacBook Pro 14-inch M3 Pro 512GB,New,1793.84,1787.115,1809.7660082611633,22.65100826116327,1.267462265224301
2026-01-23,Amazon,Mac,MacBook Pro 14-inch M3 Pro 512GB,New,1813.88,1832.51,1808.0916497984779,24.418350201522117,1.332508428413603
2026-01-28,Amazon,Mac,MacBook Pro 14-inch M3 Pro 512GB,New,1803.435,1790.37,1804.0945918605566,13.724591860556757,0.7665785206720821
2026-02-02,Amazon,Mac,MacBook Pro 14-inch M3 Pro 512GB,New,1804.28,1781.91,1801.0266289054687,19.116628905468588,1.0728167475051258
2026-02-05,Amazon,Mac,MacBook Pro 14-inch M3 Pro 512GB,New,1812.82,1787.22,1802.2228188767313,15.002818876731226,0.839450032829267
2026-02-07,Amazon,Mac,MacBook Pro 14-inch M3 Pro 512GB,New,1824.0,1822.55,1803.9851176788065,18.56488232119341,1.0186212900163731
2026-02-14,Amazon,Mac,MacBook Pro 14-inch M3 Pro 512GB,New,1804.2,1787.07,1797.447208682593,10.377208682593164,0.5806828318193
2026-02-15,Amazon,Mac,MacBook Pro 14-inch M3 Pro 512GB,New,1803.3200000000002,1770.11,1819.588145381668,49.47814538166813,2.7952017321899842
2026-02-16,Amazon,Mac,MacBook Pro 14-inch M3 Pro 512GB,New,1768.9,1828.71,1785.377226462012,43.33277353798803,2.3695814830119613
2026-02-18,Amazon,Mac,MacBook Pro 14-inch M3 Pro 512GB,New,1768.74,1779.6,1783.453595291529,3.853595291529018,0.21654277880023706
2026-02-20,Amazon,Mac,MacBook Pro 14-inch M3 Pro 512GB,New,1787.115,1790.17,1796.5096463377172,6.339646337717113,0.3541365533841542
2026-02-22,Amazon,Mac,MacBook Pro 14-inch M3 Pro 512GB,New,1832.51,1828.68,1790.8896695010333,37.790330498966796,2.0665359985873306
2026-02-24,Amazon,Mac,MacBook Pro 14-inch M3 Pro 512GB,New,1799.62,1799.49,1784.358485441542,15.131514558458093,0.8408779464436087
2026-02-26,Amazon,Mac,MacBook Pro 14-inch M3 Pro 512GB,New,1792.38,1791.685,1805.140010201548,13.45501020154802,0.7509696292343812
2026-03-09,Amazon,Mac,MacBook Pro 14-inch M3 Pro 512GB,New,1822.55,1791.205,1774.338023374789,16.86697662521101,0.9416552893281903
2026-03-11,Amazon,Mac,MacBook Pro 14-inch M3 Pro 512GB,New,1770.65,1788.8449999999998,1788.8960255378531,0.0510255378533202,0.0028524292408408894
2026-03-13,Amazon,Mac,MacBook Pro 14-inch M3 Pro 512GB,New,1812.16,1776.89,1773.746923505618,3.1430764943820577,0.1768863854477237
2026-03-16,Amazon,Mac,MacBook Pro 14-inch M3 Pro 512GB,New,1787.07,1798.17,1777.3122149210003,20.85778507899977,1.1599451152560531
2026-03-17,Amazon,Mac,MacBook Pro 14-inch M3 Pro 512GB,New,1770.11,1804.59,1780.229431789678,24.360568210321844,1.3499225979486666
2026-03-18,Amazon,Mac,MacBook Pro 14-inch M3 Pro 512GB,New,1828.71,1819.12,1794.5747311762723,24.54526882372761,1.3492935498333045
2026-03-20,Amazon,Mac,MacBook Pro 14-inch M3 Pro 512GB,New,1779.6,1766.405,1799.63650974745,33.23150974744999,1.8813075001174697
2026-03-22,Amazon,Mac,MacBook Pro 14-inch M3 Pro 512GB,New,1790.17,1763.53,1783.0883255223325,19.558325522332552,1.1090441059881349
2026-03-24,Amazon,Mac,MacBook Pro 14-inch M3 Pro 512GB,New,1828.68,1770.31,1793.2135328226786,22.9035328226787,1.29375831479677
2026-03-26,Amazon,Mac,MacBook Pro 14-inch M3 Pro 512GB,New,1799.49,1782.5500000000002,1800.4677145800463,17.917714580046095,1.0051731833635014
2026-03-27,Amazon,Mac,MacBook Pro 14-inch M3 Pro 512GB,New,1832.86,1796.65,1794.8792581154378,1.7707418845623124,0.09855797648748016
2026-04-02,Amazon,Mac,MacBook Pro 14-inch M3 Pro 512GB,New,1818.78,1779.605,1800.223595096325,20.618595096324952,1.158605145317357
2026-04-08,Amazon,Mac,MacBook Pro 14-inch M3 Pro 512GB,New,1791.205,1801.04,1813.233720881153,12.193720881153013,0.6770377604691186
2026-04-09,Amazon,Mac,MacBook Pro 14-inch M3 Pro 512GB,New,1820.38,1818.08,1793.9353469124228,24.144653087577126,1.3280302895129548
2026-04-11,Amazon,Mac,MacBook Pro 14-inch M3 Pro 512GB,New,1788.83,1815.335,1802.7854514273524,12.549548572647609,0.6913075863489443
2026-04-13,Amazon,Mac,MacBook Pro 14-inch M3 Pro 512GB,New,1805.29,1817.87,1793.9304135916575,23.939586408342393,1.3169031013407118
2026-04-14,Amazon,Mac,MacBook Pro 14-inch M3 Pro 512GB,New,1796.98,1811.83,1801.1951199591338,10.634880040866165,0.5869689783735872
2026-04-15,Amazon,Mac,MacBook Pro 14-inch M3 Pro 512GB,New,1798.17,1781.435,1808.9888004018958,27.553800401895842,1.5467193808303892
2026-04-17,Amazon,Mac,MacBook Pro 14-inch M3 Pro 512GB,New,1819.12,1816.565,1800.7301217301258,15.834878269874253,0.8716934582508334
2026-04-19,Amazon,Mac,MacBook Pro 14-inch M3 Pro 512GB,New,1766.405,1775.7849999999999,1762.6546291510526,13.130370848947223,0.7394121951107383
2026-04-21,Amazon,Mac,MacBook Pro 14-inch M3 Pro 512GB,New,1763.53,1790.08,1774.0073186922132,16.072681307786752,0.8978750283667072
2026-04-23,Amazon,Mac,MacBook Pro 14-inch M3 Pro 512GB,New,1770.31,1782.405,1782.4070096994615,0.002009699461495984,0.00011275212207640711
2026-04-26,Amazon,Mac,MacBook Pro 14-inch M3 Pro 512GB,New,1796.65,1790.43,1793.0452877902917,2.6152877902916316,0.14607037361369232
2026-04-29,Amazon,Mac,MacBook Pro 14-inch M3 Pro 512GB,New,1805.99,1820.12,1802.1911127204178,17.928887279582113,0.985038749070507
2026-04-30,Amazon,Mac,MacBook Pro 14-inch M3 Pro 512GB,New,1800.1,1822.67,1808.6466076779918,14.023392322008249,0.7693873450491997
2026-05-06,Amazon,Mac,MacBook Pro 14-inch M3 Pro 512GB,New,1803.4299999999998,1799.275,1799.2218860921382,0.05311390786187076,0.0029519616435436918
2026-05-08,Amazon,Mac,MacBook Pro 14-inch M3 Pro 512GB,New,1801.04,1798.07,1793.5875975838508,4.482402416149171,0.249289650355613
2026-05-09,Amazon,Mac,MacBook Pro 14-inch M3 Pro 512GB,New,1818.08,1805.84,1793.6616879887295,12.178312011270464,0.674384885220754
2026-05-13,Amazon,Mac,MacBook Pro 14-inch M3 Pro 512GB,New,1817.87,1803.44,1793.695745940153,9.74425405984698,0.5403148460634665
2026-05-14,Amazon,Mac,MacBook Pro 14-inch M3 Pro 512GB,New,1811.83,1834.74,1787.4745502826315,47.26544971736848,2.576138838057081
2026-05-15,Amazon,Mac,MacBook Pro 14-inch M3 Pro 512GB,New,1781.435,1775.85,1796.082328658931,20.23232865893101,1.1393039197528514
2026-05-18,Amazon,Mac,MacBook Pro 14-inch M3 Pro 512GB,New,1795.03,1799.4,1806.3097133303193,6.909713330319164,0.38400096311654797
2026-05-19,Amazon,Mac,MacBook Pro 14-inch M3 Pro 512GB,New,1775.7849999999999,1815.98,1804.7341311472126,11.245868852787453,0.6192727261747075
2026-05-23,Amazon,Mac,MacBook Pro 14-inch M3 Pro 512GB,New,1782.405,1787.96,1803.695455135172,15.73545513517206,0.8800787005957661
2026-05-24,Amazon,Mac,MacBook Pro 14-inch M3 Pro 512GB,New,1805.94,1807.21,1802.284700117783,4.925299882217132,0.27253611269399414
2026-05-26,Amazon,Mac,MacBook Pro 14-inch M3 Pro 512GB,New,1790.43,1778.7649999999999,1817.0483021817402,38.28330218174028,2.1522405816249073
2026-05-29,Amazon,Mac,MacBook Pro 14-inch M3 Pro 512GB,New,1820.12,1830.27,1785.592378687403,44.67762131259701,2.4410399182960445
2026-05-30,Amazon,Mac,MacBook Pro 14-inch M3 Pro 512GB,New,1822.67,1777.0349999999999,1800.8503169578953,23.815316957895448,1.3401715192945243
2026-06-04,Amazon,Mac,MacBook Pro 14-inch M3 Pro 512GB,New,1765.93,1781.26,1776.8230731841115,4.436926815888455,0.24908922986472806
2026-06-05,Amazon,Mac,MacBook Pro 14-inch M3 Pro 512GB,New,1799.275,1785.745,1803.957847015976,18.212847015976195,1.0199018905821489
2026-06-07,Amazon,Mac,MacBook Pro 14-inch M3 Pro 512GB,New,1798.07,1810.315,1795.186641208934,15.128358791066148,0.8356754924455769
2026-06-08,Amazon,Mac,MacBook Pro 14-inch M3 Pro 512GB,New,1805.84,1796.86,1759.6085674113542,37.251432588645685,2.073140511149766
2026-06-12,Amazon,Mac,MacBook Pro 14-inch M3 Pro 512GB,New,1803.44,1451.92,1735.2379842025803,283.3179842025802,19.513332979956207
2026-06-14,Amazon,Mac,MacBook Pro 14-inch M3 Pro 512GB,New,1775.85,1487.67,1725.564693876617,237.89469387661688,15.991093043256695
2026-06-15,Amazon,Mac,MacBook Pro 14-inch M3 Pro 512GB,New,1819.47,1416.525,1792.3562485901512,375.83124859015106,26.531917798143418
2026-06-18,Amazon,Mac,MacBook Pro 14-inch M3 Pro 512GB,New,1815.98,1495.24,1813.828825663652,318.58882566365196,21.306868841366736
2026-06-21,Amazon,Mac,MacBook Pro 14-inch M3 Pro 512GB,New,1794.5900000000001,1783.38,1800.9826419609851,17.60264196098501,0.9870382061582507
2026-06-22,Amazon,Mac,MacBook Pro 14-inch M3 Pro 512GB,New,1787.96,1816.58,1794.113837491802,22.46616250819784,1.2367284957556421
2026-06-25,Amazon,Mac,MacBook Pro 14-inch M3 Pro 512GB,New,1778.7649999999999,1822.77,1804.736695118563,18.03330488143706,0.9893351811494079
2026-06-28,Amazon,Mac,MacBook Pro 14-inch M3 Pro 512GB,New,1830.27,1783.32,1796.605881388452,13.285881388452026,0.745008264834804
2026-06-29,Amazon,Mac,MacBook Pro 14-inch M3 Pro 512GB,New,1777.0349999999999,1827.44,1801.2443119463892,26.195688053610866,1.4334636460628456
2026-01-05,Amazon,Mac,MacBook Pro 14-inch M3 Pro 512GB,Renewed/Refurbished,1388.88,1286.74,1412.8522359329418,126.11223593294176,9.800910512841892
2026-01-08,Amazon,Mac,MacBook Pro 14-inch M3 Pro 512GB,Renewed/Refurbished,1417.5,1320.18,1423.2144031725538,103.03440317255377,7.804572344116238
2026-01-21,Amazon,Mac,MacBook Pro 14-inch M3 Pro 512GB,Renewed/Refurbished,1410.99,1466.25,1414.5747232465824,51.67527675341762,3.5243155501052086
2026-02-03,Amazon,Mac,MacBook Pro 14-inch M3 Pro 512GB,Renewed/Refurbished,1380.73,1417.94,1390.045664226257,27.894335773743023,1.9672437320156722
2026-02-13,Amazon,Mac,MacBook Pro 14-inch M3 Pro 512GB,Renewed/Refurbished,1396.37,1462.68,1383.0220520196326,79.65794798036745,5.446027017554588
2026-02-24,Amazon,Mac,MacBook Pro 14-inch M3 Pro 512GB,Renewed/Refurbished,1300.19,1458.34,1362.287654918542,96.05234508145782,6.586416410539231
2026-03-17,Amazon,Mac,MacBook Pro 14-inch M3 Pro 512GB,Renewed/Refurbished,1475.24,1478.21,1390.9260983673273,87.28390163267272,5.904702419322878
2026-03-24,Amazon,Mac,MacBook Pro 14-inch M3 Pro 512GB,Renewed/Refurbished,1480.52,1446.15,1377.940776335322,68.20922366467812,4.716607797578268
2026-04-11,Amazon,Mac,MacBook Pro 14-inch M3 Pro 512GB,Renewed/Refurbished,1379.71,1463.76,1370.5460393124933,93.21396068750664,6.36811777118562
2026-04-23,Amazon,Mac,MacBook Pro 14-inch M3 Pro 512GB,Renewed/Refurbished,1446.15,1533.2,1390.5517000919886,142.6482999080115,9.303959033916742
2026-05-06,Amazon,Mac,MacBook Pro 14-inch M3 Pro 512GB,Renewed/Refurbished,1431.52,1294.115,1384.414106208551,90.29910620855094,6.97767247953628
2026-05-10,Amazon,Mac,MacBook Pro 14-inch M3 Pro 512GB,Renewed/Refurbished,1344.9,1278.7150000000001,1364.9837557872315,86.26875578723138,6.74651941888782
2026-06-30,Amazon,Mac,MacBook Pro 14-inch M3 Pro 512GB,Renewed/Refurbished,1384.03,1246.09,1338.9329200329282,92.8429200329283,7.450739515839812
2026-01-02,Amazon,Mac,MacBook Pro 14-inch M4 Pro 512GB,New,1935.34,1918.16,1873.6817865056064,44.478213494393685,2.318795798806861
2026-01-04,Amazon,Mac,MacBook Pro 14-inch M4 Pro 512GB,New,1878.98,1866.9450000000002,1884.0378555434113,17.092855543411133,0.9155521744567265
2026-01-06,Amazon,Mac,MacBook Pro 14-inch M4 Pro 512GB,New,1891.2350000000001,1886.78,1878.4680085944474,8.31199140555259,0.4405384520480708
2026-01-07,Amazon,Mac,MacBook Pro 14-inch M4 Pro 512GB,New,1880.44,1862.01,1866.0078649260122,3.9978649260121983,0.21470695248748387
2026-01-09,Amazon,Mac,MacBook Pro 14-inch M4 Pro 512GB,New,1888.3249999999998,1890.6100000000001,1894.2875373917263,3.6775373917262186,0.19451591770519666
2026-01-10,Amazon,Mac,MacBook Pro 14-inch M4 Pro 512GB,New,1936.04,1895.49,1884.380104789407,11.109895210593095,0.5861225968268413
2026-01-13,Amazon,Mac,MacBook Pro 14-inch M4 Pro 512GB,New,1882.94,1901.17,1897.3632735858705,3.806726414129571,0.20023072182548488
2026-01-14,Amazon,Mac,MacBook Pro 14-inch M4 Pro 512GB,New,1924.11,1892.31,1892.0937707293047,0.21622927069529396,0.011426736142349507
2026-01-17,Amazon,Mac,MacBook Pro 14-inch M4 Pro 512GB,New,1881.15,1930.1,1902.6530879413115,27.44691205868844,1.4220461146411294
2026-01-19,Amazon,Mac,MacBook Pro 14-inch M4 Pro 512GB,New,1867.82,1887.26,1883.311623204266,3.9483767957340206,0.2092121274087312
2026-01-20,Amazon,Mac,MacBook Pro 14-inch M4 Pro 512GB,New,1901.1999999999998,1905.68,1877.4855007356707,28.19449926432935,1.4794980932963222
2026-01-21,Amazon,Mac,MacBook Pro 14-inch M4 Pro 512GB,New,1904.685,1882.85,1899.671706399152,16.821706399152163,0.8934172344664824
2026-01-22,Amazon,Mac,MacBook Pro 14-inch M4 Pro 512GB,New,1889.285,1927.44,1881.0407138622459,46.39928613775419,2.4073011942137854
2026-01-23,Amazon,Mac,MacBook Pro 14-inch M4 Pro 512GB,New,1925.61,1884.32,1900.1034378704992,15.783437870499256,0.837619824154032
2026-01-25,Amazon,Mac,MacBook Pro 14-inch M4 Pro 512GB,New,1884.66,1907.11,1891.9225563374373,15.1874436625626,0.7963590806278925
2026-01-26,Amazon,Mac,MacBook Pro 14-inch M4 Pro 512GB,New,1869.4,1899.74,1874.4706315427782,25.269368457221844,1.3301487812659545
2026-01-27,Amazon,Mac,MacBook Pro 14-inch M4 Pro 512GB,New,1906.2350000000001,1920.75,1876.6676560719889,44.08234392801114,2.295058905532273
2026-01-29,Amazon,Mac,MacBook Pro 14-inch M4 Pro 512GB,New,1896.31,1896.9,1892.2924036900636,4.607596309936525,0.2429013817247364
2026-01-30,Amazon,Mac,MacBook Pro 14-inch M4 Pro 512GB,New,1922.02,1863.11,1894.5688913411136,31.458891341113713,1.688514974484261
2026-02-01,Amazon,Mac,MacBook Pro 14-inch M4 Pro 512GB,New,1918.16,1895.1550000000002,1893.6724698427886,1.4825301572116132,0.07822738283737284
2026-02-03,Amazon,Mac,MacBook Pro 14-inch M4 Pro 512GB,New,1866.9450000000002,1924.62,1872.616158260093,52.003841739906875,2.702031660270956
2026-02-05,Amazon,Mac,MacBook Pro 14-inch M4 Pro 512GB,New,1886.78,1898.395,1882.229633129623,16.165366870377056,0.851528099809421
2026-02-06,Amazon,Mac,MacBook Pro 14-inch M4 Pro 512GB,New,1862.01,1894.3000000000002,1879.4414455719807,14.858554428019488,0.7843823274042911
2026-02-08,Amazon,Mac,MacBook Pro 14-inch M4 Pro 512GB,New,1890.6100000000001,1909.8,1884.4666804155127,25.3333195844873,1.3264907102569536
2026-02-12,Amazon,Mac,MacBook Pro 14-inch M4 Pro 512GB,New,1901.17,1894.23,1898.3158583018196,4.085858301819599,0.21570022129411945
2026-02-16,Amazon,Mac,MacBook Pro 14-inch M4 Pro 512GB,New,1930.1,1899.8,1891.3794015024212,8.420598497578794,0.4432360510358351
2026-02-19,Amazon,Mac,MacBook Pro 14-inch M4 Pro 512GB,New,1905.68,1932.775,1891.6026811706693,41.172318829330834,2.1302178903043982
2026-02-20,Amazon,Mac,MacBook Pro 14-inch M4 Pro 512GB,New,1882.85,1893.585,1900.924566776358,7.3395667763579695,0.3876016538131623
2026-02-22,Amazon,Mac,MacBook Pro 14-inch M4 Pro 512GB,New,1884.32,1909.475,1899.422171868689,10.05282813131089,0.5264707907310067
2026-02-23,Amazon,Mac,MacBook Pro 14-inch M4 Pro 512GB,New,1885.73,1933.4,1888.676915049493,44.7230849505072,2.3131832497417606
2026-02-26,Amazon,Mac,MacBook Pro 14-inch M4 Pro 512GB,New,1920.75,1893.95,1895.1381709132852,1.1881709132851483,0.06273507290504757
2026-02-27,Amazon,Mac,MacBook Pro 14-inch M4 Pro 512GB,New,1864.53,1904.15,1882.028525317193,22.121474682807047,1.1617506332382976
2026-02-28,Amazon,Mac,MacBook Pro 14-inch M4 Pro 512GB,New,1896.9,1892.09,1892.0411597082218,0.04884029177810589,0.002581287981972628
2026-03-03,Amazon,Mac,MacBook Pro 14-inch M4 Pro 512GB,New,1895.1550000000002,1881.3,1884.9107520109674,3.610752010967417,0.19192856062124153
2026-03-05,Amazon,Mac,MacBook Pro 14-inch M4 Pro 512GB,New,1924.62,1865.61,1887.953326036576,22.343326036576173,1.1976418456470632
2026-03-07,Amazon,Mac,MacBook Pro 14-inch M4 Pro 512GB,New,1898.395,1915.14,1890.6969510599527,24.443048940047447,1.2763061154822857
2026-03-08,Amazon,Mac,MacBook Pro 14-inch M4 Pro 512GB,New,1894.3000000000002,1903.565,1882.4728432716972,21.092156728302825,1.1080344894081802
2026-03-09,Amazon,Mac,MacBook Pro 14-inch M4 Pro 512GB,New,1902.25,1915.07,1896.0086082987873,19.061391701212642,0.9953365517298397
2026-03-10,Amazon,Mac,MacBook Pro 14-inch M4 Pro 512GB,New,1909.8,1883.055,1883.614264158694,0.5592641586938498,0.029699831321647524
2026-03-13,Amazon,Mac,MacBook Pro 14-inch M4 Pro 512GB,New,1896.205,1905.96,1911.359053899586,5.3990538995858515,0.28327215154493546
2026-03-14,Amazon,Mac,MacBook Pro 14-inch M4 Pro 512GB,New,1894.23,1920.58,1891.3205901422766,29.259409857723313,1.5234673826512466
2026-03-16,Amazon,Mac,MacBook Pro 14-inch M4 Pro 512GB,New,1928.82,1923.48,1861.7359839727828,61.744016027217185,3.2100160140587466
2026-03-18,Amazon,Mac,MacBook Pro 14-inch M4 Pro 512GB,New,1899.8,1878.8,1907.5741305345105,28.774130534510505,1.5315164218921922
2026-03-21,Amazon,Mac,MacBook Pro 14-inch M4 Pro 512GB,New,1932.775,1908.59,1905.0531611126337,3.5368388873662298,0.1853116115753635
2026-03-22,Amazon,Mac,MacBook Pro 14-inch M4 Pro 512GB,New,1893.585,1904.18,1888.2026607484283,15.97733925157172,0.8390666455677362
2026-03-25,Amazon,Mac,MacBook Pro 14-inch M4 Pro 512GB,New,1933.4,1901.34,1903.6073852667687,2.2673852667687697,0.11925196265627241
2026-03-28,Amazon,Mac,MacBook Pro 14-inch M4 Pro 512GB,New,1893.95,1915.82,1908.2500161084358,7.569983891564107,0.39513022578134205
2026-03-29,Amazon,Mac,MacBook Pro 14-inch M4 Pro 512GB,New,1904.15,1889.585,1887.2608837746664,2.3241162253336825,0.12299611953596595
2026-03-30,Amazon,Mac,MacBook Pro 14-inch M4 Pro 512GB,New,1892.09,1896.72,1908.1094702667065,11.38947026670644,0.6004824258038319
2026-04-01,Amazon,Mac,MacBook Pro 14-inch M4 Pro 512GB,New,1877.61,1868.4,1906.1960217428066,37.79602174280649,2.022908464076562
2026-04-02,Amazon,Mac,MacBook Pro 14-inch M4 Pro 512GB,New,1881.3,1903.0149999999999,1916.2609988667423,13.245998866742411,0.6960533083944379
2026-04-03,Amazon,Mac,MacBook Pro 14-inch M4 Pro 512GB,New,1921.625,1927.67,1910.1144767592434,17.555523240756656,0.9107120638261037
2026-04-04,Amazon,Mac,MacBook Pro 14-inch M4 Pro 512GB,New,1865.61,1895.99,1890.4018351865784,5.588164813421599,0.2947359856023291
2026-04-06,Amazon,Mac,MacBook Pro 14-inch M4 Pro 512GB,New,1915.14,1896.85,1897.3084110145123,0.4584110145124214,0.02416696177939328
2026-04-07,Amazon,Mac,MacBook Pro 14-inch M4 Pro 512GB,New,1903.565,1881.46,1906.6594815363674,25.19948153636733,1.3393578144827596
2026-04-08,Amazon,Mac,MacBook Pro 14-inch M4 Pro 512GB,New,1915.07,1893.8,1900.5666004470124,6.766600447012479,0.357302801088419
2026-04-09,Amazon,Mac,MacBook Pro 14-inch M4 Pro 512GB,New,1883.055,1866.2849999999999,1897.0963351266557,30.811335126655877,1.6509447981769065
2026-04-12,Amazon,Mac,MacBook Pro 14-inch M4 Pro 512GB,New,1905.96,1919.48,1904.9901600001556,14.489839999844435,0.754883614304105
2026-04-13,Amazon,Mac,MacBook Pro 14-inch M4 Pro 512GB,New,1920.58,1893.935,1907.137114143097,13.202114143097106,0.6970732439654532
2026-04-17,Amazon,Mac,MacBook Pro 14-inch M4 Pro 512GB,New,1878.8,1908.26,1911.8036194118674,3.5436194118674393,0.18569898294086964
2026-04-20,Amazon,Mac,MacBook Pro 14-inch M4 Pro 512GB,New,1908.59,1908.43,1914.5808709860864,6.150870986086375,0.3223000574339313
2026-04-21,Amazon,Mac,MacBook Pro 14-inch M4 Pro 512GB,New,1904.18,1887.26,1904.8051574509127,17.54515745091271,0.9296629744133141
2026-04-24,Amazon,Mac,MacBook Pro 14-inch M4 Pro 512GB,New,1901.34,1861.81,1897.4017070064472,35.59170700644722,1.911672351445487
2026-04-26,Amazon,Mac,MacBook Pro 14-inch M4 Pro 512GB,New,1885.68,1862.85,1912.2115252041674,49.36152520416749,2.649785286210242
2026-04-27,Amazon,Mac,MacBook Pro 14-inch M4 Pro 512GB,New,1915.82,1888.045,1894.4665782056024,6.421578205602373,0.34011785765712005
2026-04-28,Amazon,Mac,MacBook Pro 14-inch M4 Pro 512GB,New,1889.585,1901.915,1907.6217008947365,5.706700894736514,0.30005025959291104
2026-04-29,Amazon,Mac,MacBook Pro 14-inch M4 Pro 512GB,New,1896.72,1898.125,1901.2147135922426,3.0897135922425605,0.162777140190586
2026-04-30,Amazon,Mac,MacBook Pro 14-inch M4 Pro 512GB,New,1890.22,1912.47,1901.4926839939228,10.977316006077217,0.573986311214148
2026-05-01,Amazon,Mac,MacBook Pro 14-inch M4 Pro 512GB,New,1868.4,1912.13,1891.1368017557406,20.993198244259474,1.097895971730974
2026-05-02,Amazon,Mac,MacBook Pro 14-inch M4 Pro 512GB,New,1903.0149999999999,1884.695,1894.5696130402648,9.874613040264876,0.523936925617401
2026-05-03,Amazon,Mac,MacBook Pro 14-inch M4 Pro 512GB,New,1927.67,1896.86,1887.7085015626876,9.151498437312284,0.48245513307847104
2026-05-04,Amazon,Mac,MacBook Pro 14-inch M4 Pro 512GB,New,1895.99,1899.07,1913.018246303172,13.948246303172027,0.7344777340051724
2026-05-05,Amazon,Mac,MacBook Pro 14-inch M4 Pro 512GB,New,1908.205,1910.275,1881.555434624144,28.719565375856064,1.5034257044590995
2026-05-06,Amazon,Mac,MacBook Pro 14-inch M4 Pro 512GB,New,1896.85,1893.85,1906.8872663019415,13.0372663019416,0.6884001532297489
2026-05-07,Amazon,Mac,MacBook Pro 14-inch M4 Pro 512GB,New,1881.46,1926.785,1886.3875910826114,40.3974089173887,2.0966225560915563
2026-05-09,Amazon,Mac,MacBook Pro 14-inch M4 Pro 512GB,New,1866.2849999999999,1883.85,1886.3167569937948,2.4667569937948883,0.13094232522732108
2026-05-11,Amazon,Mac,MacBook Pro 14-inch M4 Pro 512GB,New,1920.975,1928.76,1891.668529833252,37.09147016674797,1.9230733822117823
2026-05-12,Amazon,Mac,MacBook Pro 14-inch M4 Pro 512GB,New,1919.48,1873.71,1878.4868076096077,4.776807609607658,0.2549384701798922
2026-05-13,Amazon,Mac,MacBook Pro 14-inch M4 Pro 512GB,New,1893.935,1869.3600000000001,1887.1959755113558,17.835975511355628,0.9541220263274931
2026-05-16,Amazon,Mac,MacBook Pro 14-inch M4 Pro 512GB,New,1891.95,1897.0149999999999,1896.7221519335465,0.2928480664534163,0.01543730895398383
2026-05-17,Amazon,Mac,MacBook Pro 14-inch M4 Pro 512GB,New,1908.26,1862.45,1898.7072041161528,36.25720411615271,1.9467477847004058
2026-05-18,Amazon,Mac,MacBook Pro 14-inch M4 Pro 512GB,New,1872.94,1891.2,1898.917321938535,7.717321938534951,0.4080648233150883
2026-05-20,Amazon,Mac,MacBook Pro 14-inch M4 Pro 512GB,New,1908.43,1925.3,1882.6041918394849,42.69580816051507,2.2176184574100177
2026-05-21,Amazon,Mac,MacBook Pro 14-inch M4 Pro 512GB,New,1887.26,1897.68,1893.8971582907616,3.7828417092384825,0.1993403371083893
2026-05-23,Amazon,Mac,MacBook Pro 14-inch M4 Pro 512GB,New,1886.31,1929.63,1896.6628780369551,32.967121963044974,1.7084685645976156
2026-05-24,Amazon,Mac,MacBook Pro 14-inch M4 Pro 512GB,New,1861.81,1889.98,1869.5062480374697,20.473751962530287,1.083278762872109
2026-05-25,Amazon,Mac,MacBook Pro 14-inch M4 Pro 512GB,New,1897.15,1868.46,1881.6986685009797,13.238668500979657,0.7085336855474378
2026-05-27,Amazon,Mac,MacBook Pro 14-inch M4 Pro 512GB,New,1888.045,1912.18,1890.1472333160777,22.03276668392232,1.152232879954937
2026-05-28,Amazon,Mac,MacBook Pro 14-inch M4 Pro 512GB,New,1901.915,1894.57,1892.7417368341657,1.828263165834187,0.09650016446128604
2026-05-29,Amazon,Mac,MacBook Pro 14-inch M4 Pro 512GB,New,1898.125,1915.145,1881.7188079960315,33.42619200396848,1.745360899773567
2026-05-30,Amazon,Mac,MacBook Pro 14-inch M4 Pro 512GB,New,1912.47,1916.12,1889.2855605518916,26.834439448108242,1.4004571450696326
2026-05-31,Amazon,Mac,MacBook Pro 14-inch M4 Pro 512GB,New,1912.13,1878.96,1877.8728645472568,1.0871354527432686,0.05785836062200731
2026-06-01,Amazon,Mac,MacBook Pro 14-inch M4 Pro 512GB,New,1884.695,1916.34,1886.4134291600142,29.926570839985743,1.5616524645932217
2026-06-02,Amazon,Mac,MacBook Pro 14-inch M4 Pro 512GB,New,1896.86,1910.02,1894.6549478275906,15.365052172409378,0.8044445698165139
2026-06-03,Amazon,Mac,MacBook Pro 14-inch M4 Pro 512GB,New,1899.07,1916.81,1881.161074961975,35.64892503802503,1.8598048339702435
2026-06-04,Amazon,Mac,MacBook Pro 14-inch M4 Pro 512GB,New,1910.275,1889.18,1893.8786911682414,4.698691168241339,0.24871590680831573
2026-06-06,Amazon,Mac,MacBook Pro 14-inch M4 Pro 512GB,New,1926.785,1901.29,1883.7823775165261,17.507622483473824,0.9208286207508495
2026-06-08,Amazon,Mac,MacBook Pro 14-inch M4 Pro 512GB,New,1883.85,1882.955,1856.4825542433675,26.472445756632396,1.405899012808718
2026-06-09,Amazon,Mac,MacBook Pro 14-inch M4 Pro 512GB,New,1891.7150000000001,1908.635,1821.7473443276504,86.88765567234964,4.552345297678689
2026-06-10,Amazon,Mac,MacBook Pro 14-inch M4 Pro 512GB,New,1928.76,1603.71,1825.9930324357679,222.28303243576784,13.86055037605102
2026-06-11,Amazon,Mac,MacBook Pro 14-inch M4 Pro 512GB,New,1873.71,1614.21,1848.1368719796433,233.92687197964324,14.491724867250433
2026-06-12,Amazon,Mac,MacBook Pro 14-inch M4 Pro 512GB,New,1869.3600000000001,1573.75,1833.5585555912546,259.8085555912546,16.50888359594946
2026-06-16,Amazon,Mac,MacBook Pro 14-inch M4 Pro 512GB,New,1862.45,1501.925,1853.934756178701,352.0097561787011,23.437239288160267
2026-06-17,Amazon,Mac,MacBook Pro 14-inch M4 Pro 512GB,New,1891.2,1495.1799999999998,1886.8770734483214,391.6970734483216,26.197318948108027
2026-06-18,Amazon,Mac,MacBook Pro 14-inch M4 Pro 512GB,New,1865.03,1490.35,1879.7227255010848,389.3727255010849,26.126260643545805
2026-06-19,Amazon,Mac,MacBook Pro 14-inch M4 Pro 512GB,New,1925.3,1883.8,1881.4182801016643,2.381719898335632,0.126431675248733
2026-06-21,Amazon,Mac,MacBook Pro 14-inch M4 Pro 512GB,New,1901.275,1894.29,1891.2754278100217,3.014572189978253,0.1591399516430036
2026-06-22,Amazon,Mac,MacBook Pro 14-inch M4 Pro 512GB,New,1929.63,1908.385,1865.971221156286,42.413778843714,2.2224959242350995
2026-06-23,Amazon,Mac,MacBook Pro 14-inch M4 Pro 512GB,New,1889.98,1878.58,1892.4769246213018,13.896924621301878,0.7397568706843402
2026-06-24,Amazon,Mac,MacBook Pro 14-inch M4 Pro 512GB,New,1868.46,1910.56,1870.478784853669,40.08121514633103,2.0978778549917845
2026-06-26,Amazon,Mac,MacBook Pro 14-inch M4 Pro 512GB,New,1912.18,1904.08,1885.4257848357922,18.6542151642077,0.9796970276568053
2026-06-27,Amazon,Mac,MacBook Pro 14-inch M4 Pro 512GB,New,1894.57,1875.73,1878.2517833686215,2.521783368621527,0.13444276994138427
2026-06-30,Amazon,Mac,MacBook Pro 14-inch M4 Pro 512GB,New,1878.96,1895.71,1892.1069191638867,3.6030808361133495,0.19006498019809726
2026-07-01,Amazon,Mac,MacBook Pro 14-inch M4 Pro 512GB,New,1916.34,1913.47,1884.8719834468436,28.598016553156413,1.4945631001874298
2026-01-05,Amazon,Mac,MacBook Pro 14-inch M4 Pro 512GB,Renewed/Refurbished,1439.0,1536.69,1475.8754007302518,60.814599269748214,3.9575060207164894
2026-01-24,Amazon,Mac,MacBook Pro 14-inch M4 Pro 512GB,Renewed/Refurbished,1445.395,1486.1,1472.7457792396426,13.354220760357293,0.8986084893585421
2026-01-27,Amazon,Mac,MacBook Pro 14-inch M4 Pro 512GB,Renewed/Refurbished,1324.53,1373.83,1450.0676714527558,76.23767145275588,5.549279856514698
2026-02-10,Amazon,Mac,MacBook Pro 14-inch M4 Pro 512GB,Renewed/Refurbished,1600.43,1358.01,1505.9761535195714,147.96615351957144,10.895807359266238
2026-02-23,Amazon,Mac,MacBook Pro 14-inch M4 Pro 512GB,Renewed/Refurbished,1486.1,1592.29,1440.30178301782,151.9882169821799,9.545259781960565
2026-02-26,Amazon,Mac,MacBook Pro 14-inch M4 Pro 512GB,Renewed/Refurbished,1373.83,1344.33,1428.2463319183862,83.91633191838628,6.242242002959562
2026-03-03,Amazon,Mac,MacBook Pro 14-inch M4 Pro 512GB,Renewed/Refurbished,1544.03,1623.1,1500.8550794363723,122.2449205636276,7.531570486330332
2026-03-04,Amazon,Mac,MacBook Pro 14-inch M4 Pro 512GB,Renewed/Refurbished,1473.04,1511.73,1456.8010742943784,54.92892570562162,3.6335142985600353
2026-03-12,Amazon,Mac,MacBook Pro 14-inch M4 Pro 512GB,Renewed/Refurbished,1358.01,1389.33,1451.9253552499795,62.59535524997955,4.505434651953067
2026-03-23,Amazon,Mac,MacBook Pro 14-inch M4 Pro 512GB,Renewed/Refurbished,1524.78,1387.27,1483.6528186478022,96.3828186478022,6.947661136462418
2026-03-24,Amazon,Mac,MacBook Pro 14-inch M4 Pro 512GB,Renewed/Refurbished,1583.59,1550.08,1512.2820235278846,37.79797647211535,2.4384532715805216
2026-03-25,Amazon,Mac,MacBook Pro 14-inch M4 Pro 512GB,Renewed/Refurbished,1592.29,1357.06,1509.04028685037,151.98028685037002,11.199231194668624
2026-03-27,Amazon,Mac,MacBook Pro 14-inch M4 Pro 512GB,Renewed/Refurbished,1539.28,1357.215,1461.8512681759812,104.63626817598129,7.7096309852146705
2026-04-02,Amazon,Mac,MacBook Pro 14-inch M4 Pro 512GB,Renewed/Refurbished,1623.1,1428.98,1453.4758962902147,24.49589629021466,1.7142224726878375
2026-04-16,Amazon,Mac,MacBook Pro 14-inch M4 Pro 512GB,Renewed/Refurbished,1536.44,1388.66,1487.9375075642542,99.27750756425417,7.149158725984342
2026-04-21,Amazon,Mac,MacBook Pro 14-inch M4 Pro 512GB,Renewed/Refurbished,1519.455,1388.23,1538.6298746826787,150.39987468267873,10.83393059382658
2026-05-05,Amazon,Mac,MacBook Pro 14-inch M4 Pro 512GB,Renewed/Refurbished,1377.41,1369.56,1444.5272529961426,74.96725299614263,5.473820277763854
2026-05-12,Amazon,Mac,MacBook Pro 14-inch M4 Pro 512GB,Renewed/Refurbished,1450.99,1424.33,1415.587370194748,8.742629805251909,0.6138064778002225
2026-05-13,Amazon,Mac,MacBook Pro 14-inch M4 Pro 512GB,Renewed/Refurbished,1374.25,1489.1799999999998,1416.9407033110556,72.23929668894425,4.850944592926595
2026-05-27,Amazon,Mac,MacBook Pro 14-inch M4 Pro 512GB,Renewed/Refurbished,1445.27,1357.97,1453.570728203912,95.60072820391201,7.039973504857398
2026-06-12,Amazon,Mac,MacBook Pro 14-inch M4 Pro 512GB,Renewed/Refurbished,1489.1799999999998,1049.96,1388.5156926105428,338.5556926105428,32.244627663010284
2026-06-23,Amazon,Mac,MacBook Pro 14-inch M4 Pro 512GB,Renewed/Refurbished,1532.795,1572.71,1474.6704385155017,98.03956148449834,6.233797806620314
2026-06-27,Amazon,Mac,MacBook Pro 14-inch M4 Pro 512GB,Renewed/Refurbished,1332.86,1458.31,1438.469655803502,19.84034419649788,1.360502512942919
2026-01-03,Amazon,iPad,iPad (9th Gen) 64GB,New,195.16,199.79,198.54689765399382,1.243102346006168,0.622204487715185
2026-01-07,Amazon,iPad,iPad (9th Gen) 64GB,New,193.46,196.75,195.79460722282306,0.9553927771769395,0.4855871802678218
2026-01-13,Amazon,iPad,iPad (9th Gen) 64GB,New,198.72,195.96,194.82408086932207,1.1359191306779337,0.5796688766472411
2026-01-16,Amazon,iPad,iPad (9th Gen) 64GB,New,200.04,198.25,196.42131466018225,1.8286853398177527,0.92241379057642
2026-01-21,Amazon,iPad,iPad (9th Gen) 64GB,New,196.33,194.05,195.64828422918868,1.598284229188664,0.8236455703110869
2026-01-22,Amazon,iPad,iPad (9th Gen) 64GB,New,200.88,197.11,195.52431092293511,1.5856890770648988,0.8044691172771035
2026-02-02,Amazon,iPad,iPad (9th Gen) 64GB,New,199.79,195.74,198.475087800393,2.7350878003929893,1.3973065292699445
2026-02-05,Amazon,iPad,iPad (9th Gen) 64GB,New,200.69,195.58,196.58545190780887,1.0054519078088617,0.5140872828555383
2026-02-06,Amazon,iPad,iPad (9th Gen) 64GB,New,196.75,198.41,198.02671209073822,0.3832879092617816,0.19317973351231368
2026-02-12,Amazon,iPad,iPad (9th Gen) 64GB,New,195.96,195.1,201.82411857348848,6.724118573488482,3.446498499994097
2026-02-20,Amazon,iPad,iPad (9th Gen) 64GB,New,194.05,199.81,195.49210049875308,4.317899501246927,2.1610027031914956
2026-02-25,Amazon,iPad,iPad (9th Gen) 64GB,New,194.53,199.29,199.15453880492953,0.13546119507046228,0.06797189777232289
2026-03-04,Amazon,iPad,iPad (9th Gen) 64GB,New,195.74,199.95499999999998,196.83600631215722,3.11899368784276,1.559847809678558
2026-03-11,Amazon,iPad,iPad (9th Gen) 64GB,New,198.315,200.445,196.0223297981522,4.4226702018477795,2.2064258035110775
2026-03-12,Amazon,iPad,iPad (9th Gen) 64GB,New,197.3,193.89,195.39534093146403,1.5053409314640476,0.7763891543989105
2026-03-27,Amazon,iPad,iPad (9th Gen) 64GB,New,199.29,193.81,200.68644949473298,6.876449494732981,3.54803647630823
2026-03-28,Amazon,iPad,iPad (9th Gen) 64GB,New,194.23,196.06,196.9006953120288,0.8406953120287994,0.4287949158567782
2026-04-03,Amazon,iPad,iPad (9th Gen) 64GB,New,199.95499999999998,194.28,194.2109106919313,0.06908930806869762,0.03556171920357094
2026-04-12,Amazon,iPad,iPad (9th Gen) 64GB,New,198.4,193.735,197.23819506501707,3.503195065017053,1.8082406715446628
2026-04-14,Amazon,iPad,iPad (9th Gen) 64GB,New,195.47,199.19,197.21333992841028,1.9766600715897198,0.9923490494451126
2026-05-03,Amazon,iPad,iPad (9th Gen) 64GB,New,194.28,198.19,195.86150394707124,2.328496052928756,1.174880696770148
2026-05-09,Amazon,iPad,iPad (9th Gen) 64GB,New,199.55,196.66,194.83579814060295,1.82420185939705,0.9275917112768484
2026-05-13,Amazon,iPad,iPad (9th Gen) 64GB,New,194.5,195.09,198.27635231855402,3.1863523185540146,1.6332730117146008
2026-05-14,Amazon,iPad,iPad (9th Gen) 64GB,New,199.19,198.685,199.0188079033568,0.3338079033567851,0.16800860827781922
2026-05-31,Amazon,iPad,iPad (9th Gen) 64GB,New,195.86,196.0,196.55347533340694,0.5534753334069364,0.2823853741872125
2026-06-02,Amazon,iPad,iPad (9th Gen) 64GB,New,198.19,200.79,199.00258723732634,1.7874127626736538,0.8901901303220547
2026-06-12,Amazon,iPad,iPad (9th Gen) 64GB,New,195.09,156.05,181.26573648054853,25.215736480548514,16.158754553379374
2026-06-19,Amazon,iPad,iPad (9th Gen) 64GB,New,196.89,198.56,198.26269910758253,0.2973008924174678,0.14972849134642818
2026-06-27,Amazon,iPad,iPad (9th Gen) 64GB,New,197.135,196.185,197.09719077989337,0.9121907798933648,0.46496458949122754
2026-06-30,Amazon,iPad,iPad (9th Gen) 64GB,New,196.0,198.14,197.77163119385762,0.3683688061423709,0.1859133976695119
2026-02-01,Amazon,iPad,iPad (9th Gen) 64GB,Renewed/Refurbished,148.12,166.94,155.26227572051198,11.677724279488018,6.995162501190857
2026-01-18,Amazon,iPad,iPad Air (4th Gen) 64GB,New,361.31,353.35,361.7745267922505,8.424526792250504,2.384187573864583
2026-01-27,Amazon,iPad,iPad Air (4th Gen) 64GB,New,354.39,354.88,360.09081123562214,5.210811235622145,1.4683304879458257
2026-01-30,Amazon,iPad,iPad Air (4th Gen) 64GB,New,359.55,365.35,362.71304919079563,2.636950809204393,0.7217601776938258
2026-02-06,Amazon,iPad,iPad Air (4th Gen) 64GB,New,356.1,357.365,362.50688118508947,5.14188118508946,1.4388317784588474
2026-02-11,Amazon,iPad,iPad Air (4th Gen) 64GB,New,357.94,362.79499999999996,362.9502344806204,0.155234480620436,0.04278848402553398
2026-02-14,Amazon,iPad,iPad Air (4th Gen) 64GB,New,353.9,355.25,358.4181291062374,3.1681291062374157,0.8918027040780904
2026-02-23,Amazon,iPad,iPad Air (4th Gen) 64GB,New,359.61,364.95,354.95464989976557,9.995350100234418,2.7388272640730014
2026-03-02,Amazon,iPad,iPad Air (4th Gen) 64GB,New,359.47,354.81,359.79472427150546,4.984724271505456,1.4048996002101002
2026-03-14,Amazon,iPad,iPad Air (4th Gen) 64GB,New,366.13,360.83,362.3731782237077,1.5431782237077414,0.4276745901692602
2026-04-13,Amazon,iPad,iPad Air (4th Gen) 64GB,New,360.83,357.36,365.8181062826348,8.458106282634787,2.366830726056298
2026-04-19,Amazon,iPad,iPad Air (4th Gen) 64GB,New,353.9,358.74,359.3293192499197,0.5893192499196971,0.16427475328084326
2026-05-18,Amazon,iPad,iPad Air (4th Gen) 64GB,New,363.36,355.96,361.9768847744122,6.016884774412233,1.690326096868253
2026-05-24,Amazon,iPad,iPad Air (4th Gen) 64GB,New,365.93,356.06,363.5447365482861,7.484736548286094,2.1020998001140523
2026-05-29,Amazon,iPad,iPad Air (4th Gen) 64GB,New,361.38,360.48,361.26977579779833,0.7897757977983133,0.219090045993762
2026-06-17,Amazon,iPad,iPad Air (4th Gen) 64GB,New,355.96,295.19,357.08588478436684,61.89588478436684,20.968150948327125
2026-06-19,Amazon,iPad,iPad Air (4th Gen) 64GB,New,364.22,354.94,359.80661983950057,4.866619839500572,1.3711105650252358
2026-06-23,Amazon,iPad,iPad Air (4th Gen) 64GB,New,356.06,363.41,359.7456529880389,3.6643470119611266,1.0083231094249268
2026-06-24,Amazon,iPad,iPad Air (4th Gen) 64GB,New,357.63,356.33,362.4347633416341,6.104763341634111,1.713233054088657
2026-06-25,Amazon,iPad,iPad Air (4th Gen) 64GB,New,358.82,357.82,364.28772466165566,6.467724661655666,1.8075358173538836
2026-01-06,Amazon,iPad,iPad Air (4th Gen) 64GB,Renewed/Refurbished,263.84,253.39,273.36575016870523,19.975750168705247,7.883401147916354
2026-04-01,Amazon,iPad,iPad Air (4th Gen) 64GB,Renewed/Refurbished,260.47,301.65,277.4208965902799,24.229103409720096,8.032190754092523
2026-05-12,Amazon,iPad,iPad Air (4th Gen) 64GB,Renewed/Refurbished,307.56,265.24,274.1433476644561,8.903347664456078,3.356713792963383
2026-01-02,Amazon,iPad,iPad Air (5th Gen) 64GB,New,356.68,352.47,361.04230222669975,8.572302226699719,2.4320657720372565
2026-01-03,Amazon,iPad,iPad Air (5th Gen) 64GB,New,365.26,358.36,361.9265460736234,3.5665460736233854,0.9952411188814001
2026-01-19,Amazon,iPad,iPad Air (5th Gen) 64GB,New,365.28,359.52,363.30900000813267,3.789000008132689,1.0539052092046866
2026-01-20,Amazon,iPad,iPad Air (5th Gen) 64GB,New,359.54,357.235,365.8801116957566,8.645111695756611,2.4200069130282897
2026-01-23,Amazon,iPad,iPad Air (5th Gen) 64GB,New,356.41,354.57,363.5443524156251,8.974352415625106,2.5310523777040093
2026-01-26,Amazon,iPad,iPad Air (5th Gen) 64GB,New,366.41,354.69,365.06882883474594,10.378828834745946,2.9261690024376064
2026-01-30,Amazon,iPad,iPad Air (5th Gen) 64GB,New,359.2,364.16,369.3636426405949,5.203642640594865,1.4289440467362875
2026-02-01,Amazon,iPad,iPad Air (5th Gen) 64GB,New,352.47,358.34,361.4924500469698,3.1524500469698182,0.8797371342774511
2026-02-02,Amazon,iPad,iPad Air (5th Gen) 64GB,New,358.36,365.02,364.06382010397544,0.9561798960245369,0.2619527412263813
2026-02-05,Amazon,iPad,iPad Air (5th Gen) 64GB,New,356.13,354.55,362.48603464029395,7.93603464029394,2.238340048031008
2026-02-07,Amazon,iPad,iPad Air (5th Gen) 64GB,New,360.895,365.15,358.8772309910681,6.272769008931903,1.717860881536876
2026-02-14,Amazon,iPad,iPad Air (5th Gen) 64GB,New,356.82,358.13,358.9361183482571,0.8061183482570868,0.22509098602660677
2026-02-19,Amazon,iPad,iPad Air (5th Gen) 64GB,New,357.235,356.73,361.19484607086724,4.464846070867225,1.2516037537821951
2026-02-20,Amazon,iPad,iPad Air (5th Gen) 64GB,New,359.2,356.105,353.8684629227279,2.2365370772721462,0.6280555109510245
2026-02-22,Amazon,iPad,iPad Air (5th Gen) 64GB,New,354.57,366.06,357.31281052046137,8.747189479538633,2.38955075111693
2026-02-24,Amazon,iPad,iPad Air (5th Gen) 64GB,New,364.59,359.305,356.5986470101288,2.7063529898712204,0.7532188502445611
2026-02-28,Amazon,iPad,iPad Air (5th Gen) 64GB,New,361.28499999999997,358.26,358.011252573612,0.24874742638797898,0.06943209579299363
2026-03-03,Amazon,iPad,iPad Air (5th Gen) 64GB,New,358.34,356.91999999999996,359.83416322357374,2.91416322357378,0.8164751831149222
2026-03-09,Amazon,iPad,iPad Air (5th Gen) 64GB,New,365.15,361.21,362.1168848936182,0.9068848936182121,0.2510686009850813
2026-03-18,Amazon,iPad,iPad Air (5th Gen) 64GB,New,365.38,359.3,362.82270247817786,3.522702478177848,0.9804348672913576
2026-03-21,Amazon,iPad,iPad Air (5th Gen) 64GB,New,356.73,359.03,358.5264180391612,0.503581960838801,0.14026180565378968
2026-03-22,Amazon,iPad,iPad Air (5th Gen) 64GB,New,356.105,359.7,361.69145986191774,1.9914598619177468,0.5536446655317617
2026-03-28,Amazon,iPad,iPad Air (5th Gen) 64GB,New,355.22,354.36,352.8401319291584,1.5198680708415964,0.42890508828355245
2026-03-30,Amazon,iPad,iPad Air (5th Gen) 64GB,New,358.26,362.9,353.586094388543,9.31390561145696,2.5665212486792393
2026-04-01,Amazon,iPad,iPad Air (5th Gen) 64GB,New,356.06,359.83,357.93965488129714,1.8903451187028395,0.5253439453916682
2026-04-02,Amazon,iPad,iPad Air (5th Gen) 64GB,New,356.91999999999996,356.64,356.11124062700316,0.5287593729968307,0.1482613764571643
2026-04-09,Amazon,iPad,iPad Air (5th Gen) 64GB,New,358.02,354.31,354.325935023819,0.01593502381899725,0.004497480686121547
2026-04-10,Amazon,iPad,iPad Air (5th Gen) 64GB,New,364.66,365.44000000000005,360.5742975226455,4.865702477354546,1.3314641192410641
2026-04-19,Amazon,iPad,iPad Air (5th Gen) 64GB,New,357.41999999999996,361.98,357.59264491057036,4.387355089429661,1.212043507771054
2026-04-20,Amazon,iPad,iPad Air (5th Gen) 64GB,New,359.03,356.875,356.32747576715656,0.5475242328434433,0.15342185158485278
2026-04-27,Amazon,iPad,iPad Air (5th Gen) 64GB,New,354.36,357.02,362.37830583687645,5.358305836876468,1.500841923947249
2026-04-29,Amazon,iPad,iPad Air (5th Gen) 64GB,New,362.9,361.88,356.2797777119836,5.600222288016369,1.5475357267647751
2026-05-03,Amazon,iPad,iPad Air (5th Gen) 64GB,New,364.42,364.16,356.4401642492036,7.719835750796449,2.1199021723408524
2026-05-10,Amazon,iPad,iPad Air (5th Gen) 64GB,New,365.44000000000005,354.75,360.6820271855139,5.932027185513903,1.6721711587072312
2026-05-13,Amazon,iPad,iPad Air (5th Gen) 64GB,New,361.08,365.45,360.34195918639244,5.108040813607545,1.3977399955144465
2026-05-18,Amazon,iPad,iPad Air (5th Gen) 64GB,New,359.17,354.52,361.89752307684495,7.377523076844966,2.080989246543204
2026-05-24,Amazon,iPad,iPad Air (5th Gen) 64GB,New,365.18,354.21,357.0435036263608,2.833503626360823,0.7999502064766165
2026-05-26,Amazon,iPad,iPad Air (5th Gen) 64GB,New,352.47,353.21,360.89346169697683,7.683461696976849,2.1753239424073074
2026-06-07,Amazon,iPad,iPad Air (5th Gen) 64GB,New,355.72,358.35,356.6914673963035,1.6585326036965284,0.4628247812743207
2026-06-16,Amazon,iPad,iPad Air (5th Gen) 64GB,New,357.85,282.62,358.9010826666374,76.28108266663742,26.990688085286752
2026-06-17,Amazon,iPad,iPad Air (5th Gen) 64GB,New,354.52,271.92,359.72432524241253,87.80432524241252,32.29049913298489
2026-06-25,Amazon,iPad,iPad Air (5th Gen) 64GB,New,353.21,366.12,358.44680731132655,7.673192688673453,2.095813582615933
2026-06-30,Amazon,iPad,iPad Air (5th Gen) 64GB,New,359.88,359.35,357.5246919822379,1.8253080177620973,0.5079471316994844
2026-01-25,Amazon,iPad,iPad Air (5th Gen) 64GB,Renewed/Refurbished,303.97,295.16,277.62141758847827,17.53858241152176,5.9420593615401
2026-01-27,Amazon,iPad,iPad Air (5th Gen) 64GB,Renewed/Refurbished,279.68,276.83,284.4067730293129,7.576773029312903,2.736976855583898
2026-01-30,Amazon,iPad,iPad Air (5th Gen) 64GB,Renewed/Refurbished,252.6,305.56,274.0064677449766,31.553532255023413,10.326460353129798
2026-02-02,Amazon,iPad,iPad Air (5th Gen) 64GB,Renewed/Refurbished,271.25,300.55,272.15742019796306,28.39257980203695,9.446873998348677
2026-02-04,Amazon,iPad,iPad Air (5th Gen) 64GB,Renewed/Refurbished,269.19,267.77,276.64524281614274,8.875242816142759,3.3145023027758
2026-02-24,Amazon,iPad,iPad Air (5th Gen) 64GB,Renewed/Refurbished,295.16,274.455,271.0293996471966,3.4256003528033716,1.2481464549027608
2026-03-21,Amazon,iPad,iPad Air (5th Gen) 64GB,Renewed/Refurbished,257.25,268.13,274.67290764673095,6.542907646730953,2.4401997712792127
2026-03-26,Amazon,iPad,iPad Air (5th Gen) 64GB,Renewed/Refurbished,274.455,270.87,267.97499761568747,2.8950023843125336,1.0687792610154443
2026-04-20,Amazon,iPad,iPad Air (5th Gen) 64GB,Renewed/Refurbished,268.13,271.41,271.91366999095504,0.503669990955018,0.1855753255056991
2026-05-08,Amazon,iPad,iPad Air (5th Gen) 64GB,Renewed/Refurbished,259.01,292.32,268.9057032960207,23.41429670397929,8.009816880124278
2026-05-19,Amazon,iPad,iPad Air (5th Gen) 64GB,Renewed/Refurbished,261.12,290.92,266.8868394298779,24.033160570122106,8.261089155136156
2026-01-02,Amazon,iPad,iPad Pro 11-inch (M1) 128GB,New,485.69,479.15,474.3914159495294,4.758584050470574,0.9931303455015287
2026-01-07,Amazon,iPad,iPad Pro 11-inch (M1) 128GB,New,471.86,483.62,468.81340863141867,14.806591368581337,3.0616168414419045
2026-01-25,Amazon,iPad,iPad Pro 11-inch (M1) 128GB,New,478.53,481.27,465.63798048205643,15.632019517943547,3.2480768628718906
2026-02-01,Amazon,iPad,iPad Pro 11-inch (M1) 128GB,New,479.15,471.39,471.1905371885757,0.1994628114242687,0.04231375536695066
2026-02-02,Amazon,iPad,iPad Pro 11-inch (M1) 128GB,New,471.66,487.61,470.6601036415216,16.94989635847844,3.4761174624143147
2026-02-04,Amazon,iPad,iPad Pro 11-inch (M1) 128GB,New,486.04,474.53,467.83129754234125,6.698702457658726,1.4116499394471849
2026-02-16,Amazon,iPad,iPad Pro 11-inch (M1) 128GB,New,477.74,484.78,469.5453490334876,15.23465096651239,3.142590652772885
2026-03-03,Amazon,iPad,iPad Pro 11-inch (M1) 128GB,New,471.39,473.94,467.7868118185852,6.153188181414805,1.2983053089873833
2026-03-07,Amazon,iPad,iPad Pro 11-inch (M1) 128GB,New,482.59,481.24,474.98761492403145,6.2523850759685615,1.2992238957627298
2026-03-09,Amazon,iPad,iPad Pro 11-inch (M1) 128GB,New,485.37,486.48,473.93330798655774,12.546692013442282,2.579076634896045
2026-03-12,Amazon,iPad,iPad Pro 11-inch (M1) 128GB,New,483.1,487.3,478.67269401704607,8.627305982953942,1.7704301216814984
2026-03-24,Amazon,iPad,iPad Pro 11-inch (M1) 128GB,New,473.58,481.9,481.8991145079091,0.0008854920909016073,0.0001837501744971171
2026-04-01,Amazon,iPad,iPad Pro 11-inch (M1) 128GB,New,472.62,472.61,472.5899849900499,0.020015009950100193,0.004234995017054271
2026-04-06,Amazon,iPad,iPad Pro 11-inch (M1) 128GB,New,481.24,487.41,468.24930678478313,19.160693215216895,3.9311243542842567
2026-04-08,Amazon,iPad,iPad Pro 11-inch (M1) 128GB,New,486.48,477.07,470.6761173444222,6.393882655577784,1.3402399345122904
2026-04-11,Amazon,iPad,iPad Pro 11-inch (M1) 128GB,New,487.3,474.83,469.81100606639603,5.0189939336039515,1.0570085996259613
2026-05-03,Amazon,iPad,iPad Pro 11-inch (M1) 128GB,New,477.55,470.3,467.65210504267054,2.64789495732947,0.5630225297319731
2026-05-12,Amazon,iPad,iPad Pro 11-inch (M1) 128GB,New,486.82,484.49,471.2360989876682,13.253901012331823,2.735639747431696
2026-05-16,Amazon,iPad,iPad Pro 11-inch (M1) 128GB,New,477.4,484.2,466.7866312890336,17.41336871096638,3.59631737112069
2026-05-21,Amazon,iPad,iPad Pro 11-inch (M1) 128GB,New,484.69,483.46,470.9893135442197,12.470686455780253,2.5794660273404735
2026-06-20,Amazon,iPad,iPad Pro 11-inch (M1) 128GB,New,483.46,470.98,469.2827810246105,1.6972189753895464,0.3603590333749939
2026-06-22,Amazon,iPad,iPad Pro 11-inch (M1) 128GB,New,474.57,477.08500000000004,467.57208218828004,9.512917811720001,1.9939670733139798
2026-06-29,Amazon,iPad,iPad Pro 11-inch (M1) 128GB,New,480.665,472.92,467.5748314366008,5.345168563399227,1.1302479411738195
2026-04-14,Amazon,iPad,iPad Pro 11-inch (M1) 128GB,Renewed/Refurbished,331.04,383.23,352.86980789965867,30.36019210034135,7.9221856588318635
2026-05-01,Amazon,iPad,iPad Pro 11-inch (M1) 128GB,Renewed/Refurbished,349.61,338.45,352.3264904550825,13.87649045508249,4.100011953045499
2026-01-02,Amazon,iPad,iPad Pro 11-inch (M4) 256GB,New,891.1949999999999,910.33,910.0580840847792,0.27191591522080216,0.02987003781274946
2026-01-03,Amazon,iPad,iPad Pro 11-inch (M4) 256GB,New,891.31,905.81,898.8733821896127,6.936617810387247,0.7657917013929243
2026-01-05,Amazon,iPad,iPad Pro 11-inch (M4) 256GB,New,896.41,886.71,892.8353679789965,6.125367978996451,0.6907972143086748
2026-01-06,Amazon,iPad,iPad Pro 11-inch (M4) 256GB,New,881.78,900.38,879.9675751001114,20.412424899888606,2.267089995322931
2026-01-08,Amazon,iPad,iPad Pro 11-inch (M4) 256GB,New,890.49,897.685,891.358326949177,6.326673050822933,0.7047765141249919
2026-01-15,Amazon,iPad,iPad Pro 11-inch (M4) 256GB,New,901.065,902.8,878.908989153953,23.891010846046925,2.6463237534389594
2026-01-17,Amazon,iPad,iPad Pro 11-inch (M4) 256GB,New,912.55,904.8,887.2973200337462,17.50267996625371,1.9344252836266258
2026-01-22,Amazon,iPad,iPad Pro 11-inch (M4) 256GB,New,908.33,892.45,903.2534317928787,10.803431792878655,1.210536365385025
2026-01-23,Amazon,iPad,iPad Pro 11-inch (M4) 256GB,New,901.51,899.35,899.8671038905004,0.5171038905003797,0.05749751381557566
2026-01-24,Amazon,iPad,iPad Pro 11-inch (M4) 256GB,New,898.94,895.97,894.2336839455575,1.7363160544425682,0.1937917624967988
2026-01-26,Amazon,iPad,iPad Pro 11-inch (M4) 256GB,New,888.0,883.53,894.6197001723012,11.089700172301264,1.255158305015253
2026-01-29,Amazon,iPad,iPad Pro 11-inch (M4) 256GB,New,905.15,882.71,904.2863306503211,21.576330650321097,2.4443283355032905
2026-01-31,Amazon,iPad,iPad Pro 11-inch (M4) 256GB,New,893.63,888.605,898.2674522988873,9.662452298887274,1.0873731634288886
2026-02-01,Amazon,iPad,iPad Pro 11-inch (M4) 256GB,New,910.33,905.18,896.1992962071922,8.98070379280773,0.9921456276992124
2026-02-02,Amazon,iPad,iPad Pro 11-inch (M4) 256GB,New,905.81,915.19,901.6813610248196,13.508638975180475,1.476047484695033
2026-02-03,Amazon,iPad,iPad Pro 11-inch (M4) 256GB,New,895.505,893.8299999999999,899.3191561407347,5.489156140734735,0.6141163465910449
2026-02-05,Amazon,iPad,iPad Pro 11-inch (M4) 256GB,New,900.38,889.93,893.3438945845901,3.413894584590139,0.38361383306441393
2026-02-07,Amazon,iPad,iPad Pro 11-inch (M4) 256GB,New,897.685,910.26,895.2535281798071,15.006471820192928,1.6485918111520805
2026-02-10,Amazon,iPad,iPad Pro 11-inch (M4) 256GB,New,887.79,913.12,892.822029851241,20.297970148758964,2.222924714030901
2026-02-13,Amazon,iPad,iPad Pro 11-inch (M4) 256GB,New,905.07,906.38,892.4432702157062,13.936729784293789,1.537625475440079
2026-02-14,Amazon,iPad,iPad Pro 11-inch (M4) 256GB,New,902.8,895.4,894.9735401365253,0.4264598634746335,0.04762786056227759
2026-02-16,Amazon,iPad,iPad Pro 11-inch (M4) 256GB,New,904.8,894.46,902.7668745643296,8.306874564329519,0.9287027440388076
2026-02-18,Amazon,iPad,iPad Pro 11-inch (M4) 256GB,New,899.91,885.88,889.0635408624198,3.183540862419818,0.35936479685959927
2026-02-21,Amazon,iPad,iPad Pro 11-inch (M4) 256GB,New,892.45,901.575,897.9301779599996,3.644822040000463,0.40427274935534624
2026-02-22,Amazon,iPad,iPad Pro 11-inch (M4) 256GB,New,899.35,904.9300000000001,887.625060871612,17.304939128388014,1.9122958823763179
2026-02-23,Amazon,iPad,iPad Pro 11-inch (M4) 256GB,New,895.97,892.675,894.8337049189895,2.1587049189895424,0.24182428308057718
2026-02-25,Amazon,iPad,iPad Pro 11-inch (M4) 256GB,New,883.53,884.22,889.1206327268947,4.900632726894628,0.5542322868623903
2026-03-02,Amazon,iPad,iPad Pro 11-inch (M4) 256GB,New,888.605,912.685,899.0491654099942,13.635834590005743,1.4940351369865554
2026-03-03,Amazon,iPad,iPad Pro 11-inch (M4) 256GB,New,905.18,881.74,896.0522229911986,14.31222299119861,1.6231795077005249
2026-03-04,Amazon,iPad,iPad Pro 11-inch (M4) 256GB,New,915.19,901.5699999999999,905.8492113657915,4.279211365791525,0.4746399465145829
2026-03-05,Amazon,iPad,iPad Pro 11-inch (M4) 256GB,New,893.8299999999999,883.17,904.0282963591454,20.85829635914547,2.361753270507996
2026-03-07,Amazon,iPad,iPad Pro 11-inch (M4) 256GB,New,889.93,887.7049999999999,901.7118762975172,14.006876297517238,1.5778751158906663
2026-03-08,Amazon,iPad,iPad Pro 11-inch (M4) 256GB,New,887.04,890.29,903.92526977579,13.635269775789993,1.531553738196542
2026-03-09,Amazon,iPad,iPad Pro 11-inch (M4) 256GB,New,910.26,905.48,886.4878658425769,18.992134157423152,2.097465891838931
2026-03-15,Amazon,iPad,iPad Pro 11-inch (M4) 256GB,New,906.38,907.88,900.4469133614685,7.433086638531449,0.8187300787032923
2026-03-16,Amazon,iPad,iPad Pro 11-inch (M4) 256GB,New,895.4,896.15,884.6166019084532,11.533398091546815,1.2869941518213261
2026-03-18,Amazon,iPad,iPad Pro 11-inch (M4) 256GB,New,894.46,881.6,892.658986596721,11.058986596720956,1.2544222546189832
2026-03-25,Amazon,iPad,iPad Pro 11-inch (M4) 256GB,New,892.675,890.76,901.9393600861221,11.179360086122074,1.255036158574933
2026-03-26,Amazon,iPad,iPad Pro 11-inch (M4) 256GB,New,896.57,904.08,885.9067530437401,18.17324695625996,2.010137040556141
2026-04-03,Amazon,iPad,iPad Pro 11-inch (M4) 256GB,New,901.5699999999999,894.26,901.7619899984984,7.501989998498402,0.838904792621654
2026-04-04,Amazon,iPad,iPad Pro 11-inch (M4) 256GB,New,883.17,888.54,895.901634595485,7.361634595485043,0.8285090818066766
2026-04-05,Amazon,iPad,iPad Pro 11-inch (M4) 256GB,New,890.405,903.46,905.3911933831141,1.9311933831140777,0.2137552722991696
2026-04-07,Amazon,iPad,iPad Pro 11-inch (M4) 256GB,New,890.29,894.62,886.8101998709661,7.809800129033874,0.8729740145574517
2026-04-09,Amazon,iPad,iPad Pro 11-inch (M4) 256GB,New,897.62,889.6,889.76803327115,0.1680332711499659,0.01888863209869221
2026-04-12,Amazon,iPad,iPad Pro 11-inch (M4) 256GB,New,911.0899999999999,909.15,894.1989711590785,14.95102884092148,1.6445062795931893
2026-04-13,Amazon,iPad,iPad Pro 11-inch (M4) 256GB,New,909.94,909.07,902.0531426116679,7.0168573883321415,0.7718720657740483
2026-04-14,Amazon,iPad,iPad Pro 11-inch (M4) 256GB,New,907.88,905.68,839.5765291817238,66.10347081827615,7.298766762904796
2026-04-15,Amazon,iPad,iPad Pro 11-inch (M4) 256GB,New,896.15,894.7950000000001,839.240077457587,55.554922542413124,6.20867601432877
2026-04-17,Amazon,iPad,iPad Pro 11-inch (M4) 256GB,New,881.6,787.52,836.5316780358025,49.01167803580256,6.22354708906473
2026-04-20,Amazon,iPad,iPad Pro 11-inch (M4) 256GB,New,916.09,803.33,820.4340889228573,17.104088922857272,2.1291485345819616
2026-04-21,Amazon,iPad,iPad Pro 11-inch (M4) 256GB,New,893.93,809.65,832.7177446763627,23.067744676362736,2.8491008060720975
2026-04-25,Amazon,iPad,iPad Pro 11-inch (M4) 256GB,New,904.08,789.83,826.2128750648218,36.38287506482175,4.606418478004349
2026-04-30,Amazon,iPad,iPad Pro 11-inch (M4) 256GB,New,906.39,813.11,842.5150335453513,29.40503354535133,3.6163659954189873
2026-05-05,Amazon,iPad,iPad Pro 11-inch (M4) 256GB,New,903.46,791.46,822.6638310763316,31.20383107633154,3.942565774180822
2026-05-09,Amazon,iPad,iPad Pro 11-inch (M4) 256GB,New,889.6,802.2049999999999,823.8033096213445,21.598309621344583,2.69236786374363
2026-05-10,Amazon,iPad,iPad Pro 11-inch (M4) 256GB,New,903.74,797.875,826.2115222538528,28.336522253852763,3.55149895081971
2026-05-11,Amazon,iPad,iPad Pro 11-inch (M4) 256GB,New,899.1199999999999,796.6500000000001,825.932541820911,29.282541820910865,3.675709762243251
2026-05-12,Amazon,iPad,iPad Pro 11-inch (M4) 256GB,New,909.15,799.52,828.5261676142454,29.00616761424544,3.6279477204129282
2026-05-14,Amazon,iPad,iPad Pro 11-inch (M4) 256GB,New,905.68,793.27,846.7507746118179,53.48077461181788,6.741812322641456
2026-05-17,Amazon,iPad,iPad Pro 11-inch (M4) 256GB,New,787.52,799.88,797.5143460330828,2.3656539669171934,0.29575110853092884
2026-05-21,Amazon,iPad,iPad Pro 11-inch (M4) 256GB,New,809.65,798.78,835.1765828058957,36.39658280589572,4.556521546094759
2026-05-22,Amazon,iPad,iPad Pro 11-inch (M4) 256GB,New,795.97,785.97,826.3956025152505,40.42560251525049,5.14340273995833
2026-05-27,Amazon,iPad,iPad Pro 11-inch (M4) 256GB,New,805.7149999999999,784.51,829.3021576563864,44.792157656386394,5.709571280976201
2026-05-29,Amazon,iPad,iPad Pro 11-inch (M4) 256GB,New,805.4449999999999,791.0899999999999,827.9575133481211,36.86751334812118,4.660343746997331
2026-05-31,Amazon,iPad,iPad Pro 11-inch (M4) 256GB,New,807.905,808.005,822.3313838101185,14.3263838101185,1.7730563313492491
2026-06-01,Amazon,iPad,iPad Pro 11-inch (M4) 256GB,New,794.19,796.745,808.5524691951956,11.807469195195608,1.4819633879341079
2026-06-04,Amazon,iPad,iPad Pro 11-inch (M4) 256GB,New,791.46,810.84,798.0749202219182,12.765079778081827,1.574303164382841
2026-06-09,Amazon,iPad,iPad Pro 11-inch (M4) 256GB,New,797.875,788.03,766.026363057307,22.003636942692992,2.7922334102373
2026-06-11,Amazon,iPad,iPad Pro 11-inch (M4) 256GB,New,799.52,654.15,761.1434919303572,106.99349193035721,16.356109750111933
2026-06-13,Amazon,iPad,iPad Pro 11-inch (M4) 256GB,New,793.27,649.53,764.1077708387121,114.57777083871213,17.64010451229537
2026-06-16,Amazon,iPad,iPad Pro 11-inch (M4) 256GB,New,799.88,622.06,790.4912527986428,168.43125279864284,27.076367681355958
2026-06-17,Amazon,iPad,iPad Pro 11-inch (M4) 256GB,New,803.12,630.43,792.9435635276947,162.5135635276947,25.77820908391015
2026-06-18,Amazon,iPad,iPad Pro 11-inch (M4) 256GB,New,808.17,644.55,807.2697914775042,162.71979147750426,25.24548777868346
2026-06-20,Amazon,iPad,iPad Pro 11-inch (M4) 256GB,New,798.78,794.1800000000001,806.3547315903388,12.174731590338752,1.5329939799968206
2026-06-21,Amazon,iPad,iPad Pro 11-inch (M4) 256GB,New,785.97,792.31,788.592318217955,3.717681782044906,0.46922060582914593
2026-06-28,Amazon,iPad,iPad Pro 11-inch (M4) 256GB,New,791.0899999999999,801.09,801.573419555817,0.48341955581702223,0.06034522410927888
2026-06-30,Amazon,iPad,iPad Pro 11-inch (M4) 256GB,New,808.005,792.57,805.6902467670633,13.120246767063236,1.6554054237560387
2026-01-06,Amazon,iPad,iPad Pro 11-inch (M4) 256GB,Renewed/Refurbished,708.72,734.51,682.7803957527717,51.72960424722828,7.042736551881973
2026-01-07,Amazon,iPad,iPad Pro 11-inch (M4) 256GB,Renewed/Refurbished,648.9,757.63,659.7667155230454,97.86328447695462,12.917028691703683
2026-01-14,Amazon,iPad,iPad Pro 11-inch (M4) 256GB,Renewed/Refurbished,685.34,666.08,675.7721408654899,9.692140865489819,1.4551016192484114
2026-01-15,Amazon,iPad,iPad Pro 11-inch (M4) 256GB,Renewed/Refurbished,715.17,668.32,696.9398169867803,28.61981698678028,4.282352314277633
2026-01-19,Amazon,iPad,iPad Pro 11-inch (M4) 256GB,Renewed/Refurbished,660.87,679.62,675.9042243985213,3.7157756014787537,0.5467431213735254
2026-01-20,Amazon,iPad,iPad Pro 11-inch (M4) 256GB,Renewed/Refurbished,771.34,735.4,699.5531750714301,35.846824928569845,4.87446626714303
2026-01-21,Amazon,iPad,iPad Pro 11-inch (M4) 256GB,Renewed/Refurbished,735.98,642.73,709.8440983709521,67.11409837095209,10.442036060391157
2026-01-26,Amazon,iPad,iPad Pro 11-inch (M4) 256GB,Renewed/Refurbished,741.67,736.66,694.3641000524015,42.295899947598514,5.741576839735905
2026-02-06,Amazon,iPad,iPad Pro 11-inch (M4) 256GB,Renewed/Refurbished,757.63,764.79,713.6981772787624,51.09182272123758,6.680503500469093
2026-02-12,Amazon,iPad,iPad Pro 11-inch (M4) 256GB,Renewed/Refurbished,735.9,672.47,712.7486223638807,40.278622363880686,5.989653421547532
2026-02-16,Amazon,iPad,iPad Pro 11-inch (M4) 256GB,Renewed/Refurbished,761.71,653.26,715.4599400045968,62.19994000459678,9.521467716467683
2026-02-18,Amazon,iPad,iPad Pro 11-inch (M4) 256GB,Renewed/Refurbished,679.62,653.77,679.9256104514728,26.155610451472853,4.000735801806883
2026-02-20,Amazon,iPad,iPad Pro 11-inch (M4) 256GB,Renewed/Refurbished,642.73,691.15,691.7774936372567,0.6274936372567481,0.090789790531252
2026-02-25,Amazon,iPad,iPad Pro 11-inch (M4) 256GB,Renewed/Refurbished,736.66,740.99,711.3452211060558,29.64477889394425,4.000698915497409
2026-03-04,Amazon,iPad,iPad Pro 11-inch (M4) 256GB,Renewed/Refurbished,763.05,664.84,715.6913873566307,50.85138735663065,7.648665446818881
2026-03-06,Amazon,iPad,iPad Pro 11-inch (M4) 256GB,Renewed/Refurbished,658.18,675.14,689.1982618451216,14.058261845121592,2.08227357957188
2026-03-27,Amazon,iPad,iPad Pro 11-inch (M4) 256GB,Renewed/Refurbished,740.99,653.87,709.3060347908084,55.436034790808435,8.478143176901899
2026-03-31,Amazon,iPad,iPad Pro 11-inch (M4) 256GB,Renewed/Refurbished,662.27,698.73,671.9412502834108,26.788749716589223,3.833920071642726
2026-04-11,Amazon,iPad,iPad Pro 11-inch (M4) 256GB,Renewed/Refurbished,734.53,703.4,701.3201370768799,2.0798629231201176,0.2956870803412166
2026-05-02,Amazon,iPad,iPad Pro 11-inch (M4) 256GB,Renewed/Refurbished,740.11,581.52,619.4490966312907,37.92909663129069,6.522406216689141
2026-05-11,Amazon,iPad,iPad Pro 11-inch (M4) 256GB,Renewed/Refurbished,703.4,661.87,618.0614774345604,43.8085225654396,6.618901380246816
2026-05-18,Amazon,iPad,iPad Pro 11-inch (M4) 256GB,Renewed/Refurbished,592.335,564.55,594.124061659414,29.574061659414042,5.238519468499521
2026-05-31,Amazon,iPad,iPad Pro 11-inch (M4) 256GB,Renewed/Refurbished,639.55,588.1,618.7847547802199,30.68475478021992,5.217608362560775
2026-06-01,Amazon,iPad,iPad Pro 11-inch (M4) 256GB,Renewed/Refurbished,581.52,636.33,630.4233105338768,5.906689466123225,0.9282431232415924
2026-06-09,Amazon,iPad,iPad Pro 11-inch (M4) 256GB,Renewed/Refurbished,672.44,648.65,621.9752826697684,26.6747173302316,4.11234368769469
2026-06-10,Amazon,iPad,iPad Pro 11-inch (M4) 256GB,Renewed/Refurbished,661.87,483.91,614.6809565103046,130.77095651030453,27.023817757497167
2026-06-16,Amazon,iPad,iPad Pro 11-inch (M4) 256GB,Renewed/Refurbished,590.21,489.28,624.6963649689287,135.41636496892875,27.676660596985116
2026-01-07,Amazon,iPad,iPad Pro 12.9-inch (M2) 256GB,New,890.36,889.36,882.9753635411442,6.384636458855766,0.7178911193280298
2026-01-17,Amazon,iPad,iPad Pro 12.9-inch (M2) 256GB,New,889.4,887.7950000000001,894.760204108013,6.9652041080129266,0.7845509501645004
2026-01-25,Amazon,iPad,iPad Pro 12.9-inch (M2) 256GB,New,901.49,897.3,889.6688005946216,7.631199405378311,0.8504624323390518
2026-01-27,Amazon,iPad,iPad Pro 12.9-inch (M2) 256GB,New,887.04,893.42,894.5461534293506,1.1261534293506656,0.12604972234230996
2026-01-30,Amazon,iPad,iPad Pro 12.9-inch (M2) 256GB,New,912.67,913.53,900.471721986049,13.05827801395094,1.4294306715653498
2026-02-08,Amazon,iPad,iPad Pro 12.9-inch (M2) 256GB,New,888.43,895.13,886.2526658651198,8.877334134880243,0.9917368577614697
2026-02-11,Amazon,iPad,iPad Pro 12.9-inch (M2) 256GB,New,882.41,900.07,885.3327258789236,14.737274121076439,1.6373475530876973
2026-02-16,Amazon,iPad,iPad Pro 12.9-inch (M2) 256GB,New,887.7950000000001,890.435,895.2860830559879,4.851083055987942,0.5447992336316455
2026-02-20,Amazon,iPad,iPad Pro 12.9-inch (M2) 256GB,New,882.66,894.07,875.0451310377728,19.024868962227288,2.1278947914847035
2026-02-24,Amazon,iPad,iPad Pro 12.9-inch (M2) 256GB,New,897.3,890.93,884.6237584158591,6.306241584140821,0.7078268308554905
2026-02-26,Amazon,iPad,iPad Pro 12.9-inch (M2) 256GB,New,893.42,894.2249999999999,875.4198946441826,18.805105355817318,2.1029500803284766
2026-03-12,Amazon,iPad,iPad Pro 12.9-inch (M2) 256GB,New,909.7950000000001,887.35,897.2456698871927,9.89566988719264,1.1151935411272484
2026-03-18,Amazon,iPad,iPad Pro 12.9-inch (M2) 256GB,New,890.435,900.51,888.670359908556,11.83964009144404,1.3147705290828573
2026-03-19,Amazon,iPad,iPad Pro 12.9-inch (M2) 256GB,New,899.17,907.82,888.8668169067046,18.95318309329548,2.087768841102364
2026-03-20,Amazon,iPad,iPad Pro 12.9-inch (M2) 256GB,New,895.2,907.63,891.8979859038941,15.7320140961059,1.7333069748802814
2026-03-22,Amazon,iPad,iPad Pro 12.9-inch (M2) 256GB,New,894.07,898.78,892.9947689611122,5.785231038887787,0.643675987325907
2026-03-23,Amazon,iPad,iPad Pro 12.9-inch (M2) 256GB,New,915.49,910.52,895.4528089931096,15.067191006890425,1.6547896813788192
2026-03-30,Amazon,iPad,iPad Pro 12.9-inch (M2) 256GB,New,899.4449999999999,883.05,901.2531437676348,18.203143767634856,2.06139445870957
2026-04-15,Amazon,iPad,iPad Pro 12.9-inch (M2) 256GB,New,891.36,893.51,904.5490883144105,11.039088314410492,1.2354745122506174
2026-04-19,Amazon,iPad,iPad Pro 12.9-inch (M2) 256GB,New,907.63,882.66,896.9171992030156,14.257199203015603,1.6152538013522308
2026-04-21,Amazon,iPad,iPad Pro 12.9-inch (M2) 256GB,New,898.78,916.76,898.3799143758181,18.380085624181902,2.004896115033586
2026-04-30,Amazon,iPad,iPad Pro 12.9-inch (M2) 256GB,New,887.72,898.06,891.2070418383819,6.852958161618062,0.7630846671289293
2026-05-01,Amazon,iPad,iPad Pro 12.9-inch (M2) 256GB,New,896.0699999999999,894.65,889.9013267975613,4.748673202438681,0.5307855812260305
2026-05-03,Amazon,iPad,iPad Pro 12.9-inch (M2) 256GB,New,883.88,916.31,899.4128110784338,16.897188921566112,1.8440472025369268
2026-05-05,Amazon,iPad,iPad Pro 12.9-inch (M2) 256GB,New,903.77,914.44,894.3169477450251,20.123052254974937,2.2005874912487355
2026-05-07,Amazon,iPad,iPad Pro 12.9-inch (M2) 256GB,New,915.82,903.44,904.2888159540751,0.8488159540750075,0.0939537715924696
2026-05-16,Amazon,iPad,iPad Pro 12.9-inch (M2) 256GB,New,905.59,896.69,897.3631085741386,0.6731085741384959,0.07506591733358194
2026-05-21,Amazon,iPad,iPad Pro 12.9-inch (M2) 256GB,New,916.76,881.06,902.5360626473181,21.476062647318145,2.4375255541413914
2026-05-23,Amazon,iPad,iPad Pro 12.9-inch (M2) 256GB,New,893.75,897.82,902.253644661808,4.433644661807989,0.4938233345000099
2026-05-26,Amazon,iPad,iPad Pro 12.9-inch (M2) 256GB,New,888.16,898.755,901.5299192118757,2.7749192118757264,0.3087514630656549
2026-05-28,Amazon,iPad,iPad Pro 12.9-inch (M2) 256GB,New,904.03,913.87,900.0922242844632,13.77777571553679,1.5076297192748194
2026-05-30,Amazon,iPad,iPad Pro 12.9-inch (M2) 256GB,New,898.06,906.17,899.9712447245865,6.1987552754134185,0.6840609681862586
2026-06-02,Amazon,iPad,iPad Pro 12.9-inch (M2) 256GB,New,916.31,901.67,899.7865396704128,1.8834603295871375,0.2088857708016389
2026-06-06,Amazon,iPad,iPad Pro 12.9-inch (M2) 256GB,New,903.44,885.99,906.1892511607622,20.199251160762174,2.279850919396627
2026-06-15,Amazon,iPad,iPad Pro 12.9-inch (M2) 256GB,New,896.69,751.4749999999999,898.6643901079375,147.18939010793758,19.586731442554655
2026-06-16,Amazon,iPad,iPad Pro 12.9-inch (M2) 256GB,New,902.72,737.62,902.8643979515894,165.24439795158935,22.40237492904061
2026-06-22,Amazon,iPad,iPad Pro 12.9-inch (M2) 256GB,New,897.82,901.35,888.1268210404978,13.223178959502206,1.4670415442949138
2026-06-23,Amazon,iPad,iPad Pro 12.9-inch (M2) 256GB,New,886.28,888.22,899.6722354442525,11.452235444252437,1.2893467208858658
2026-06-25,Amazon,iPad,iPad Pro 12.9-inch (M2) 256GB,New,898.755,885.47,894.3449658889447,8.874965888944644,1.0022887154781803
2026-01-02,Amazon,iPad,iPad Pro 12.9-inch (M2) 256GB,Renewed/Refurbished,669.57,763.15,695.8179532030287,67.33204679697133,8.822911196615518
2026-01-12,Amazon,iPad,iPad Pro 12.9-inch (M2) 256GB,Renewed/Refurbished,703.2950000000001,737.17,702.6992019905235,34.470798009476425,4.6760988658622065
2026-03-02,Amazon,iPad,iPad Pro 12.9-inch (M2) 256GB,Renewed/Refurbished,698.41,706.43,681.8676929744033,24.562307025596624,3.4769626184613656
2026-04-28,Amazon,iPad,iPad Pro 12.9-inch (M2) 256GB,Renewed/Refurbished,697.01,697.03,693.6903553706629,3.3396446293370445,0.47912494861584787
2026-05-28,Amazon,iPad,iPad Pro 12.9-inch (M2) 256GB,Renewed/Refurbished,697.03,700.23,691.6249443354587,8.605055664541283,1.2288898882568988
2026-06-03,Amazon,iPad,iPad Pro 12.9-inch (M2) 256GB,Renewed/Refurbished,740.95,724.495,703.3500214745538,21.144978525446163,2.918581705249334
2026-01-16,Amazon,iPhone,iPhone 12 64GB,New,482.37,478.87,480.4305729521256,1.5605729521255967,0.32588655629410834
2026-01-30,Amazon,iPhone,iPhone 12 64GB,New,475.51,480.21,475.0905211319568,5.119478868043188,1.0660916823979485
2026-02-03,Amazon,iPhone,iPhone 12 64GB,New,478.715,478.82,475.10941717100565,3.7105828289943474,0.7749431579704998
2026-02-15,Amazon,iPhone,iPhone 12 64GB,New,478.87,476.34,473.19955817266833,3.1404418273316423,0.6592857680084903
2026-03-01,Amazon,iPhone,iPhone 12 64GB,New,480.21,484.96,477.2514165510367,7.708583448963282,1.5895297445074403
2026-03-13,Amazon,iPhone,iPhone 12 64GB,New,479.17,477.45,472.3836347154768,5.066365284523215,1.0611300208447407
2026-03-17,Amazon,iPhone,iPhone 12 64GB,New,476.34,484.55,475.99557570972064,8.554424290279371,1.7654368569351708
2026-03-18,Amazon,iPhone,iPhone 12 64GB,New,472.87,488.81,479.6773806780782,9.132619321921823,1.8683372520860504
2026-03-31,Amazon,iPhone,iPhone 12 64GB,New,484.96,488.49,478.83733153214973,9.652668467850276,1.9760217134128184
2026-04-02,Amazon,iPhone,iPhone 12 64GB,New,471.6,479.69,480.71787382802245,1.0278738280224502,0.21427876920979178
2026-04-10,Amazon,iPhone,iPhone 12 64GB,New,482.19,473.54499999999996,479.8338742568434,6.288874256843428,1.3280415286495324
2026-04-12,Amazon,iPhone,iPhone 12 64GB,New,477.45,476.18,483.0002860501413,6.820286050141306,1.432291580944455
2026-04-15,Amazon,iPhone,iPhone 12 64GB,New,478.76,477.44,480.1290946523993,2.6890946523993193,0.5632319563503937
2026-04-16,Amazon,iPhone,iPhone 12 64GB,New,484.55,471.2,483.95863101035343,12.75863101035344,2.7076890938780647
2026-04-27,Amazon,iPhone,iPhone 12 64GB,New,476.3,480.16,479.7181409326564,0.44185906734361424,0.09202329793060943
2026-04-29,Amazon,iPhone,iPhone 12 64GB,New,474.35,482.085,479.0854904245748,2.9995095754251793,0.6221951679527841
2026-05-04,Amazon,iPhone,iPhone 12 64GB,New,470.35,483.6,478.80318589771923,4.796814102280791,0.9918970434823803
2026-05-08,Amazon,iPhone,iPhone 12 64GB,New,486.22,481.93,479.6157655427298,2.3142344572702314,0.48020136892707055
2026-05-10,Amazon,iPhone,iPhone 12 64GB,New,473.54499999999996,474.31,475.58051942090026,1.270519420900257,0.26786688471680065
2026-05-11,Amazon,iPhone,iPhone 12 64GB,New,474.42,473.13,477.167079210027,4.037079210027002,0.853270604279374
2026-05-16,Amazon,iPhone,iPhone 12 64GB,New,471.2,479.88,476.48354899513066,3.396451004869334,0.7077709020732963
2026-05-22,Amazon,iPhone,iPhone 12 64GB,New,476.37,486.31,468.0207739202295,18.289226079770515,3.760816368113038
2026-05-23,Amazon,iPhone,iPhone 12 64GB,New,472.12,470.08,467.2286079880502,2.8513920119497698,0.6065759045162036
2026-05-28,Amazon,iPhone,iPhone 12 64GB,New,488.24,482.21,479.75975047614224,2.4502495238577353,0.5081291395569846
2026-05-29,Amazon,iPhone,iPhone 12 64GB,New,482.085,476.12,477.6738157582691,1.5538157582690815,0.32634960897863596
2026-06-03,Amazon,iPhone,iPhone 12 64GB,New,483.6,482.23,480.61687867052837,1.613121329471653,0.33451285267852543
2026-06-04,Amazon,iPhone,iPhone 12 64GB,New,476.225,477.01,492.1147807298057,15.104780729805725,3.166554313286037
2026-06-06,Amazon,iPhone,iPhone 12 64GB,New,477.59,487.91,478.6659301982265,9.244069801773549,1.8946260174568155
2026-06-07,Amazon,iPhone,iPhone 12 64GB,New,481.93,482.2,485.13201306621426,2.9320130662142674,0.6080491634621045
2026-06-15,Amazon,iPhone,iPhone 12 64GB,New,479.88,374.78,473.774371544705,98.99437154470502,26.413995289157643
2026-01-19,Amazon,iPhone,iPhone 12 64GB,Renewed/Refurbished,391.88,412.21,364.5948449969815,47.61515500301846,11.55118871522245
2026-01-31,Amazon,iPhone,iPhone 12 64GB,Renewed/Refurbished,378.76,403.71,369.4539576821762,34.256042317823756,8.48530933537038
2026-05-11,Amazon,iPhone,iPhone 12 64GB,Renewed/Refurbished,386.23,387.53,379.5848014770675,7.945198522932458,2.0502150860404247
2026-01-03,Amazon,iPhone,iPhone 12 Pro 128GB,New,604.5350000000001,597.72,605.4934243089452,7.773424308945209,1.3005126662894348
2026-01-05,Amazon,iPhone,iPhone 12 Pro 128GB,New,594.4449999999999,588.9,594.909279653323,6.009279653323006,1.0204244614235025
2026-01-18,Amazon,iPhone,iPhone 12 Pro 128GB,New,589.16,603.54,593.8838898068782,9.656110193121776,1.599912216774659
2026-02-04,Amazon,iPhone,iPhone 12 Pro 128GB,New,588.9,610.29,594.7012267186948,15.58877328130518,2.5543222535688246
2026-02-13,Amazon,iPhone,iPhone 12 Pro 128GB,New,590.57,597.1,596.6258416419654,0.4741583580346287,0.07941020901601553
2026-02-15,Amazon,iPhone,iPhone 12 Pro 128GB,New,606.02,601.54,595.0265472027638,6.513452797236141,1.0827962890640923
2026-02-17,Amazon,iPhone,iPhone 12 Pro 128GB,New,603.54,590.98,593.8502450324693,2.8702450324692563,0.48567549366632645
2026-02-19,Amazon,iPhone,iPhone 12 Pro 128GB,New,600.51,599.57,597.9445948168728,1.6254051831272136,0.2710951487111119
2026-02-25,Amazon,iPhone,iPhone 12 Pro 128GB,New,608.23,588.93,593.2834927342992,4.353492734299266,0.7392207451308758
2026-03-02,Amazon,iPhone,iPhone 12 Pro 128GB,New,605.77,597.93,595.2382234456193,2.691776554380681,0.45018255554674974
2026-04-21,Amazon,iPhone,iPhone 12 Pro 128GB,New,602.7,603.5450000000001,604.1871684349087,0.6421684349086263,0.10639942919063636
2026-04-25,Amazon,iPhone,iPhone 12 Pro 128GB,New,599.67,608.48,593.3164019458125,15.16359805418756,2.4920454335701354
2026-04-27,Amazon,iPhone,iPhone 12 Pro 128GB,New,588.82,588.01,598.2216595401865,10.211659540186474,1.7366472577314118
2026-04-29,Amazon,iPhone,iPhone 12 Pro 128GB,New,609.6800000000001,604.86,609.6157458676302,4.755745867630139,0.7862556405829678
2026-05-02,Amazon,iPhone,iPhone 12 Pro 128GB,New,590.55,602.58,598.440790135691,4.139209864309009,0.6869145780326279
2026-05-07,Amazon,iPhone,iPhone 12 Pro 128GB,New,592.06,589.48,599.9220950264883,10.442095026488232,1.771407855480802
2026-05-18,Amazon,iPhone,iPhone 12 Pro 128GB,New,603.31,589.58,596.8091512814505,7.229151281450413,1.2261527326996189
2026-05-20,Amazon,iPhone,iPhone 12 Pro 128GB,New,592.75,599.67,594.0087942400411,5.661205759958875,0.9440535227639996
2026-05-29,Amazon,iPhone,iPhone 12 Pro 128GB,New,604.86,590.69,597.6123140930822,6.92231409308215,1.1719030444196024
2026-06-07,Amazon,iPhone,iPhone 12 Pro 128GB,New,594.51,588.97,590.4397769272189,1.4697769272188452,0.24955038919110398
2026-06-12,Amazon,iPhone,iPhone 12 Pro 128GB,New,598.28,494.93,555.3948553695589,60.46485536955885,12.216849932224525
2026-06-14,Amazon,iPhone,iPhone 12 Pro 128GB,New,588.44,473.47,559.642431984107,86.17243198410699,18.2001883929514
2026-06-17,Amazon,iPhone,iPhone 12 Pro 128GB,New,589.58,471.34,576.3483911365358,105.00839113653586,22.278692904598778
2026-06-25,Amazon,iPhone,iPhone 12 Pro 128GB,New,603.13,601.83,582.690077243185,19.139922756815054,3.1802872500232713
2026-04-18,Amazon,iPhone,iPhone 12 Pro 128GB,Renewed/Refurbished,431.68,444.84,436.2907327476417,8.549267252358277,1.9218746633302486
2026-01-10,Amazon,iPhone,iPhone 13 128GB,New,476.23,484.94,481.33923357455274,3.6007664254472616,0.7425179249901558
2026-01-23,Amazon,iPhone,iPhone 13 128GB,New,483.20500000000004,476.8,475.58285636125737,1.217143638742641,0.2552734141658224
2026-01-31,Amazon,iPhone,iPhone 13 128GB,New,471.6,474.92,481.8172556675129,6.897255667512866,1.4522984223685813
2026-02-06,Amazon,iPhone,iPhone 13 128GB,New,476.82500000000005,474.12,479.57851763723113,5.458517637231125,1.1512945324456099
2026-02-24,Amazon,iPhone,iPhone 13 128GB,New,480.59,479.305,477.2521294794831,2.052870520516933,0.4283015033260519
2026-03-09,Amazon,iPhone,iPhone 13 128GB,New,474.79,483.31,480.6258067168867,2.684193283113302,0.5553771457477193
2026-03-15,Amazon,iPhone,iPhone 13 128GB,New,476.2,471.88,476.5406924926194,4.660692492619432,0.9876859567304044
2026-03-18,Amazon,iPhone,iPhone 13 128GB,New,476.87,485.49,480.0805139013746,5.409486098625393,1.1142322393098505
2026-03-25,Amazon,iPhone,iPhone 13 128GB,New,480.48,481.63,472.39171041347663,9.238289586523365,1.9181300140197588
2026-04-03,Amazon,iPhone,iPhone 13 128GB,New,475.81,474.66,477.9677120309136,3.307712030913592,0.696859232063707
2026-04-14,Amazon,iPhone,iPhone 13 128GB,New,471.88,478.61,474.9985490567343,3.6114509432657087,0.754570724235956
2026-04-26,Amazon,iPhone,iPhone 13 128GB,New,470.3,471.55,478.8209717557081,7.2709717557081035,1.5419301782861
2026-05-01,Amazon,iPhone,iPhone 13 128GB,New,486.67,472.25,478.4941855147224,6.244185514722403,1.3222203313334893
2026-05-14,Amazon,iPhone,iPhone 13 128GB,New,478.61,482.48,481.1796636255847,1.3003363744153376,0.2695109381560557
2026-05-25,Amazon,iPhone,iPhone 13 128GB,New,483.07,479.42,481.946325488601,2.526325488601003,0.5269545468693427
2026-05-26,Amazon,iPhone,iPhone 13 128GB,New,471.55,476.28,479.3590984533644,3.079098453364452,0.6464891352491081
2026-05-27,Amazon,iPhone,iPhone 13 128GB,New,477.54,481.67,479.9217351711061,1.748264828893923,0.3629590443444522
2026-05-29,Amazon,iPhone,iPhone 13 128GB,New,478.12,482.23,474.9907013689148,7.239298631085205,1.5012128302024355
2026-05-31,Amazon,iPhone,iPhone 13 128GB,New,472.25,478.3,479.8782186199835,1.5782186199834882,0.3299641689281807
2026-06-09,Amazon,iPhone,iPhone 13 128GB,New,471.69,474.04999999999995,445.1737153972171,28.876284602782846,6.0914006123368525
2026-06-19,Amazon,iPhone,iPhone 13 128GB,New,483.09,487.41,475.68531503002583,11.724684969974192,2.405507677309491
2026-06-20,Amazon,iPhone,iPhone 13 128GB,New,486.86,481.17999999999995,478.6974862638802,2.4825137361197562,0.5159220533105608
2026-06-27,Amazon,iPhone,iPhone 13 128GB,New,486.4,477.18,480.4127997671351,3.232799767135077,0.6774801473521684
2026-06-30,Amazon,iPhone,iPhone 13 128GB,New,478.3,486.8,466.3000818401949,20.499918159805134,4.211158208669912
2026-07-01,Amazon,iPhone,iPhone 13 128GB,New,478.99,483.0,477.6457716331293,5.3542283668707,1.1085358937620498
2026-01-10,Amazon,iPhone,iPhone 13 128GB,Renewed/Refurbished,331.74,395.14,352.97083586844315,42.16916413155684,10.671955289658563
2026-01-11,Amazon,iPhone,iPhone 13 128GB,Renewed/Refurbished,349.405,336.13,375.23916185088393,39.109161850883936,11.635129816108035
2026-01-25,Amazon,iPhone,iPhone 13 128GB,Renewed/Refurbished,338.26,331.74,357.04865795528633,25.30865795528632,7.629064314006849
2026-04-23,Amazon,iPhone,iPhone 13 128GB,Renewed/Refurbished,338.83,356.35,369.3766067442637,13.026606744263688,3.655565243233812
2026-05-25,Amazon,iPhone,iPhone 13 128GB,Renewed/Refurbished,373.58,380.39,364.7354891553075,15.654510844692481,4.115384433000995
2026-05-31,Amazon,iPhone,iPhone 13 128GB,Renewed/Refurbished,389.63,381.08,373.13231234480776,7.947687655192226,2.0855693437578005
2026-06-08,Amazon,iPhone,iPhone 13 128GB,Renewed/Refurbished,387.21,385.22,369.47954302420067,15.740456975799361,4.086095471626437
2026-06-17,Amazon,iPhone,iPhone 13 128GB,Renewed/Refurbished,344.39,298.71,372.2709740562573,73.5609740562573,24.626217420326505
2026-06-30,Amazon,iPhone,iPhone 13 128GB,Renewed/Refurbished,381.08,386.7,380.1711229548263,6.528877045173715,1.688357136067679
2026-01-06,Amazon,iPhone,iPhone 13 Pro Max 256GB,New,811.82,806.81,788.6916053523587,18.118394647641253,2.245682954802401
2026-01-08,Amazon,iPhone,iPhone 13 Pro Max 256GB,New,805.91,811.67,791.1594392983517,20.510560701648274,2.5269580866175017
2026-01-11,Amazon,iPhone,iPhone 13 Pro Max 256GB,New,785.39,787.14,783.3681226268955,3.7718773731045303,0.4791876125091509
2026-01-12,Amazon,iPhone,iPhone 13 Pro Max 256GB,New,783.25,794.16,779.3206704802179,14.83932951978204,1.8685566535436238
2026-01-17,Amazon,iPhone,iPhone 13 Pro Max 256GB,New,793.85,813.35,785.8980078004847,27.451992199515303,3.37517577912526
2026-01-26,Amazon,iPhone,iPhone 13 Pro Max 256GB,New,800.61,811.05,802.2557413063716,8.794258693628308,1.0843053687970294
2026-02-05,Amazon,iPhone,iPhone 13 Pro Max 256GB,New,806.81,812.23,801.4247381198381,10.80526188016188,1.3303204609731085
2026-02-07,Amazon,iPhone,iPhone 13 Pro Max 256GB,New,811.67,802.73,799.6702762733021,3.059723726697939,0.38116474115804055
2026-02-10,Amazon,iPhone,iPhone 13 Pro Max 256GB,New,787.14,793.06,788.7795378496376,4.280462150362382,0.5397400134116438
2026-02-17,Amazon,iPhone,iPhone 13 Pro Max 256GB,New,795.99,801.24,803.8898218689349,2.6498218689348505,0.3307151251728384
2026-02-22,Amazon,iPhone,iPhone 13 Pro Max 256GB,New,804.36,796.6400000000001,793.7544355854054,2.8855644145946826,0.36221686264745456
2026-03-07,Amazon,iPhone,iPhone 13 Pro Max 256GB,New,812.23,802.23,801.3157798195907,0.914220180409302,0.11395985944296547
2026-03-12,Amazon,iPhone,iPhone 13 Pro Max 256GB,New,793.06,784.46,791.8059022061404,7.3459022061404085,0.9364278874818867
2026-03-17,Amazon,iPhone,iPhone 13 Pro Max 256GB,New,798.8,795.6949999999999,793.3158499188494,2.3791500811505557,0.29900276879338894
2026-03-24,Amazon,iPhone,iPhone 13 Pro Max 256GB,New,796.6400000000001,800.57,788.2447056837444,12.325294316255622,1.5395648495766294
2026-03-28,Amazon,iPhone,iPhone 13 Pro Max 256GB,New,784.65,801.21,782.4817810183349,18.728218981665123,2.3374919161849106
2026-04-11,Amazon,iPhone,iPhone 13 Pro Max 256GB,New,784.46,788.29,772.8552763353537,15.434723664646299,1.9580006932279108
2026-04-16,Amazon,iPhone,iPhone 13 Pro Max 256GB,New,795.6949999999999,814.5,794.132627450134,20.36737254986599,2.5005982258890103
2026-04-21,Amazon,iPhone,iPhone 13 Pro Max 256GB,New,800.86,789.29,786.5387632006264,2.7512367993736007,0.3485710954622003
2026-04-25,Amazon,iPhone,iPhone 13 Pro Max 256GB,New,791.33,801.98,801.497392728665,0.48260727133504133,0.06017697091386834
2026-04-27,Amazon,iPhone,iPhone 13 Pro Max 256GB,New,801.21,798.06,777.7241742151958,20.335825784804115,2.5481575050502614
2026-05-13,Amazon,iPhone,iPhone 13 Pro Max 256GB,New,795.34,813.18,780.6566437699347,32.52335623006525,3.999527316223376
2026-05-16,Amazon,iPhone,iPhone 13 Pro Max 256GB,New,814.5,806.4,787.3096511737102,19.090348826289755,2.3673547651649
2026-05-21,Amazon,iPhone,iPhone 13 Pro Max 256GB,New,789.29,800.025,793.0173380323289,7.007661967671083,0.875930373134725
2026-05-27,Amazon,iPhone,iPhone 13 Pro Max 256GB,New,798.06,784.79,793.3536673211589,8.56366732115896,1.09120494924234
2026-06-06,Amazon,iPhone,iPhone 13 Pro Max 256GB,New,789.53,806.64,789.7008495323854,16.93915046761458,2.0999641063689607
2026-06-11,Amazon,iPhone,iPhone 13 Pro Max 256GB,New,800.09,602.29,740.3850691647502,138.09506916475027,22.928335048689217
2026-06-12,Amazon,iPhone,iPhone 13 Pro Max 256GB,New,813.18,652.96,761.2774566836921,108.31745668369206,16.588681800369404
2026-06-15,Amazon,iPhone,iPhone 13 Pro Max 256GB,New,806.4,618.48,781.0511208761435,162.57112087614348,26.285590621546934
2026-06-20,Amazon,iPhone,iPhone 13 Pro Max 256GB,New,800.025,802.69,776.4651011393637,26.224898860636358,3.267126644238293
2026-06-26,Amazon,iPhone,iPhone 13 Pro Max 256GB,New,784.79,807.31,765.6164890748287,41.69351092517127,5.164498262770345
2026-06-29,Amazon,iPhone,iPhone 13 Pro Max 256GB,New,805.3,807.15,780.164625135722,26.985374864278015,3.343291192997338
2026-01-09,Amazon,iPhone,iPhone 13 Pro Max 256GB,Renewed/Refurbished,592.43,680.76,616.4175477548711,64.34245224512892,9.451561819896723
2026-06-07,Amazon,iPhone,iPhone 13 Pro Max 256GB,Renewed/Refurbished,642.94,599.98,643.2892558437459,43.30925584374586,7.218449922288387
2026-01-03,Amazon,iPhone,iPhone 14 128GB,New,489.56,499.42499999999995,507.6625179531916,8.237517953191627,1.6494004010995902
2026-01-05,Amazon,iPhone,iPhone 14 128GB,New,494.54,490.81,507.40713893645693,16.59713893645693,3.381581250678863
2026-01-08,Amazon,iPhone,iPhone 14 128GB,New,503.605,497.1,504.79687266836333,7.696872668363312,1.5483549926299158
2026-01-10,Amazon,iPhone,iPhone 14 128GB,New,498.58,500.765,502.48710632216296,1.722106322162972,0.34389510492206365
2026-01-16,Amazon,iPhone,iPhone 14 128GB,New,498.79,501.28,500.937230272679,0.342769727320956,0.06837889549173237
2026-02-04,Amazon,iPhone,iPhone 14 128GB,New,490.81,500.32,493.51424790896925,6.80575209103074,1.3602798391091182
2026-02-07,Amazon,iPhone,iPhone 14 128GB,New,497.1,492.29,499.1212429239599,6.8312429239599055,1.3876460874606238
2026-02-09,Amazon,iPhone,iPhone 14 128GB,New,500.765,495.59,501.3392639425157,5.749263942515711,1.1600847358735469
2026-02-12,Amazon,iPhone,iPhone 14 128GB,New,496.5,499.11,495.6111070643576,3.4988929356424023,0.7010264141456597
2026-02-17,Amazon,iPhone,iPhone 14 128GB,New,499.33,495.44,500.9119981303537,5.471998130353711,1.104472414490899
2026-02-20,Amazon,iPhone,iPhone 14 128GB,New,494.96500000000003,497.35,497.10078647939326,0.24921352060675872,0.05010827799472378
2026-02-22,Amazon,iPhone,iPhone 14 128GB,New,492.59,507.1,500.07558537918305,7.0244146208169695,1.3852129009696252
2026-03-02,Amazon,iPhone,iPhone 14 128GB,New,507.45,500.0,503.2083993998038,3.2083993998037954,0.641679879960759
2026-03-03,Amazon,iPhone,iPhone 14 128GB,New,507.57,492.77,507.0782052158428,14.308205215842804,2.9036274967718825
2026-03-05,Amazon,iPhone,iPhone 14 128GB,New,504.43,490.92,506.9684873617314,16.04848736173136,3.2690636685674566
2026-03-06,Amazon,iPhone,iPhone 14 128GB,New,500.32,504.475,509.0437606803961,4.568760680396053,0.9056465990179995
2026-03-09,Amazon,iPhone,iPhone 14 128GB,New,492.29,499.88,499.73647236902934,0.14352763097065235,0.02871241717425229
2026-03-11,Amazon,iPhone,iPhone 14 128GB,New,495.59,503.15,503.8123153944584,0.6623153944584033,0.131633786039631
2026-03-15,Amazon,iPhone,iPhone 14 128GB,New,494.29,508.65,501.3298413760326,7.320158623967359,1.4391346945772847
2026-03-22,Amazon,iPhone,iPhone 14 128GB,New,497.35,497.23,497.9391687172965,0.7091687172965067,0.14262387975313368
2026-03-23,Amazon,iPhone,iPhone 14 128GB,New,504.53,490.4,506.7475253616187,16.34752536161875,3.333508434261572
2026-03-30,Amazon,iPhone,iPhone 14 128GB,New,506.49,501.16,510.07022216979965,8.910222169799624,1.7779196603479177
2026-04-01,Amazon,iPhone,iPhone 14 128GB,New,500.0,500.15,497.9087323000367,2.2412676999632595,0.4481191042613735
2026-04-17,Amazon,iPhone,iPhone 14 128GB,New,489.65,489.05,508.28865752219986,19.238657522199844,3.933883554278671
2026-04-25,Amazon,iPhone,iPhone 14 128GB,New,499.63,489.22,500.71312807056984,11.49312807056981,2.3492760047769528
2026-04-29,Amazon,iPhone,iPhone 14 128GB,New,501.16,493.85,503.31310970817134,9.463109708171316,1.9161910920666836
2026-05-01,Amazon,iPhone,iPhone 14 128GB,New,500.15,502.93,500.88609466976,2.0439053302400225,0.40639956459945176
2026-05-12,Amazon,iPhone,iPhone 14 128GB,New,496.42,500.82,494.7220842367909,6.097915763209073,1.2175863110916243
2026-05-13,Amazon,iPhone,iPhone 14 128GB,New,503.49,506.51,499.1854386256924,7.324561374307564,1.446084257824636
2026-05-16,Amazon,iPhone,iPhone 14 128GB,New,500.38,493.53,505.895866265686,12.365866265686009,2.505595660990418
2026-05-17,Amazon,iPhone,iPhone 14 128GB,New,489.05,501.59,494.54663427734636,7.043365722653618,1.4042077638417072
2026-05-18,Amazon,iPhone,iPhone 14 128GB,New,500.70500000000004,498.23,497.79018239840843,0.4398176015915851,0.08827601741998377
2026-05-19,Amazon,iPhone,iPhone 14 128GB,New,505.255,505.82,501.256970811506,4.563029188493999,0.9021053316385275
2026-05-25,Amazon,iPhone,iPhone 14 128GB,New,489.22,490.07,495.7561797660027,5.686179766002681,1.1602790960480505
2026-05-26,Amazon,iPhone,iPhone 14 128GB,New,497.84,502.24,497.5009033684567,4.739096631543305,0.9435920339963574
2026-05-29,Amazon,iPhone,iPhone 14 128GB,New,493.85,494.03,495.01504422311115,0.9850442231111742,0.1993895559199187
2026-05-30,Amazon,iPhone,iPhone 14 128GB,New,508.27,503.75,504.4961738204753,0.7461738204752919,0.14812383533008275
2026-05-31,Amazon,iPhone,iPhone 14 128GB,New,502.93,499.51,509.94704705083655,10.437047050836554,2.0894570781038526
2026-06-03,Amazon,iPhone,iPhone 14 128GB,New,494.05,499.305,499.9535593641822,0.6485593641821765,0.12989242330482903
2026-06-04,Amazon,iPhone,iPhone 14 128GB,New,504.89,508.6,503.31066265871345,5.2893373412865685,1.0399798154318853
2026-06-07,Amazon,iPhone,iPhone 14 128GB,New,508.51,498.44,505.11803313444807,6.6780331344480715,1.339786761585762
2026-06-08,Amazon,iPhone,iPhone 14 128GB,New,503.68,506.26,482.50022113095156,23.759778869048432,4.69319694802047
2026-06-11,Amazon,iPhone,iPhone 14 128GB,New,500.82,373.71,466.19665650412156,92.48665650412158,24.7482423547996
2026-06-12,Amazon,iPhone,iPhone 14 128GB,New,506.51,402.81,471.8297616618657,69.01976166186569,17.134570060789375
2026-06-15,Amazon,iPhone,iPhone 14 128GB,New,493.53,399.47,493.4587108199861,93.98871081998607,23.52835277241997
2026-06-17,Amazon,iPhone,iPhone 14 128GB,New,498.23,418.72,503.7192085949616,84.99920859496154,20.29977278251852
2026-06-18,Amazon,iPhone,iPhone 14 128GB,New,505.82,404.62,510.1052689711215,105.48526897112151,26.07020635933012
2026-06-22,Amazon,iPhone,iPhone 14 128GB,New,504.5,500.52,503.26588895938846,2.7458889593884805,0.5486072403477346
2026-06-24,Amazon,iPhone,iPhone 14 128GB,New,490.07,503.45,497.16882227816916,6.281177721830829,1.2476269186276352
2026-06-30,Amazon,iPhone,iPhone 14 128GB,New,499.51,499.70500000000004,498.1427954299463,1.5622045700537228,0.31262536297489973
2026-01-26,Amazon,iPhone,iPhone 14 128GB,Renewed/Refurbished,364.04,377.01,373.65990548780013,3.3500945121998598,0.8885956638285085
2026-01-27,Amazon,iPhone,iPhone 14 128GB,Renewed/Refurbished,353.3,402.47,381.8608222127023,20.60917778729771,5.120674283126124
2026-01-28,Amazon,iPhone,iPhone 14 128GB,Renewed/Refurbished,356.64,343.75,379.03335759311796,35.283357593117955,10.264249481634314
2026-02-09,Amazon,iPhone,iPhone 14 128GB,Renewed/Refurbished,414.7,394.75,379.846765209258,14.903234790741976,3.775360301644579
2026-03-11,Amazon,iPhone,iPhone 14 128GB,Renewed/Refurbished,394.75,357.43,375.12900288599326,17.699002885993252,4.951739609432127
2026-03-18,Amazon,iPhone,iPhone 14 128GB,Renewed/Refurbished,393.46,374.48,387.1572128163598,12.67721281635977,3.385284345321451
2026-04-07,Amazon,iPhone,iPhone 14 128GB,Renewed/Refurbished,404.94,375.185,376.3225237881009,1.137523788100907,0.3031901030427408
2026-04-18,Amazon,iPhone,iPhone 14 128GB,Renewed/Refurbished,379.98,415.95,376.74405183184655,39.20594816815344,9.425639660573012
2026-05-13,Amazon,iPhone,iPhone 14 128GB,Renewed/Refurbished,349.6,396.33000000000004,378.2887818286561,18.041218171343928,4.552069783095886
2026-05-25,Amazon,iPhone,iPhone 14 128GB,Renewed/Refurbished,388.03,413.35,377.00659401264426,36.343405987355766,8.792404980611048
2026-06-24,Amazon,iPhone,iPhone 14 128GB,Renewed/Refurbished,413.35,378.01,385.1929679011246,7.182967901124584,1.9002057885041626
2026-01-08,Amazon,iPhone,iPhone 14 Pro 128GB,New,704.24,710.29,703.7892561128555,6.500743887144495,0.9152239067345022
2026-01-09,Amazon,iPhone,iPhone 14 Pro 128GB,New,689.92,685.915,700.3817126240718,14.466712624071874,2.1091115698114016
2026-01-13,Amazon,iPhone,iPhone 14 Pro 128GB,New,706.84,711.19,704.3168886125619,6.8731113874381435,0.9664240761875368
2026-01-16,Amazon,iPhone,iPhone 14 Pro 128GB,New,702.12,685.5,705.7340988227049,20.234098822704937,2.9517284934653447
2026-01-17,Amazon,iPhone,iPhone 14 Pro 128GB,New,711.03,699.24,702.0700044599745,2.830004459974475,0.40472576797300996
2026-01-21,Amazon,iPhone,iPhone 14 Pro 128GB,New,694.03,703.96,703.2867635530164,0.6732364469836511,0.09563561096989191
2026-01-22,Amazon,iPhone,iPhone 14 Pro 128GB,New,694.49,689.33,698.6101608188143,9.280160818814238,1.3462580794125074
2026-01-25,Amazon,iPhone,iPhone 14 Pro 128GB,New,707.13,696.17,704.0827939987967,7.912793998796701,1.1366180672532142
2026-01-30,Amazon,iPhone,iPhone 14 Pro 128GB,New,705.43,688.93,703.2381782784752,14.308178278475225,2.0768696788462147
2026-01-31,Amazon,iPhone,iPhone 14 Pro 128GB,New,706.21,699.825,705.9039778925993,6.078977892599255,0.868642573871933
2026-02-04,Amazon,iPhone,iPhone 14 Pro 128GB,New,695.79,703.56,704.5481957764682,0.9881957764682738,0.14045650356306127
2026-02-07,Amazon,iPhone,iPhone 14 Pro 128GB,New,710.29,693.77,705.0099307962175,11.23993079621755,1.6201234985971646
2026-02-08,Amazon,iPhone,iPhone 14 Pro 128GB,New,685.915,705.49,699.3823788913319,6.107621108668127,0.8657275239433765
2026-02-18,Amazon,iPhone,iPhone 14 Pro 128GB,New,696.02,691.06,699.6075174626013,8.547517462601377,1.2368705268140796
2026-02-20,Amazon,iPhone,iPhone 14 Pro 128GB,New,703.96,698.345,697.5449047947279,0.8000952052721004,0.11457019170640591
2026-02-21,Amazon,iPhone,iPhone 14 Pro 128GB,New,689.33,701.0450000000001,708.2932577727784,7.248257772778288,1.0339218984199712
2026-02-26,Amazon,iPhone,iPhone 14 Pro 128GB,New,699.64,698.5250000000001,703.4217846335491,4.896784633549032,0.701017806599482
2026-02-28,Amazon,iPhone,iPhone 14 Pro 128GB,New,709.94,702.97,707.8978837611512,4.927883761151179,0.7010091129281731
2026-03-03,Amazon,iPhone,iPhone 14 Pro 128GB,New,711.9,705.91,699.4577302253498,6.452269774650176,0.9140357516751678
2026-03-06,Amazon,iPhone,iPhone 14 Pro 128GB,New,703.56,697.32,703.0910931979762,5.771093197976143,0.8276104511524324
2026-03-08,Amazon,iPhone,iPhone 14 Pro 128GB,New,700.44,706.095,701.4477433700044,4.6472566299955815,0.6581630842868992
2026-03-09,Amazon,iPhone,iPhone 14 Pro 128GB,New,693.77,685.34,704.7292742468494,19.389274246849368,2.8291467369261047
2026-03-10,Amazon,iPhone,iPhone 14 Pro 128GB,New,705.49,701.3,695.377319667935,5.922680332064942,0.8445287797041127
2026-03-13,Amazon,iPhone,iPhone 14 Pro 128GB,New,696.225,705.19,699.8934290214862,5.2965709785138415,0.7510842437518741
2026-03-20,Amazon,iPhone,iPhone 14 Pro 128GB,New,691.06,698.23,702.593493709054,4.363493709053955,0.624936440578886
2026-03-22,Amazon,iPhone,iPhone 14 Pro 128GB,New,698.345,710.19,701.4526445576658,8.737355442334206,1.2302842115960806
2026-03-23,Amazon,iPhone,iPhone 14 Pro 128GB,New,701.0450000000001,687.44,704.6720714039287,17.23207140392867,2.5067018800082437
2026-03-30,Amazon,iPhone,iPhone 14 Pro 128GB,New,702.97,701.2,706.5579142761309,5.357914276130828,0.7641064284271003
2026-04-02,Amazon,iPhone,iPhone 14 Pro 128GB,New,705.91,698.8,703.9393779604306,5.139377960430693,0.7354576360089715
2026-04-05,Amazon,iPhone,iPhone 14 Pro 128GB,New,697.32,686.62,704.8657770448943,18.24577704489434,2.6573325922481636
2026-04-06,Amazon,iPhone,iPhone 14 Pro 128GB,New,701.7,686.26,700.6521030252538,14.392103025253846,2.09717935261473
2026-04-07,Amazon,iPhone,iPhone 14 Pro 128GB,New,706.095,693.0,709.217216912151,16.217216912151002,2.34014674057013
2026-04-10,Amazon,iPhone,iPhone 14 Pro 128GB,New,704.82,697.56,701.7328205601273,4.17282056012732,0.598202385476134
2026-04-16,Amazon,iPhone,iPhone 14 Pro 128GB,New,693.12,705.03,701.6599999497936,3.370000050206386,0.47799385135474887
2026-04-17,Amazon,iPhone,iPhone 14 Pro 128GB,New,700.57,699.72,703.104173975532,3.3841739755320077,0.4836468838295329
2026-04-19,Amazon,iPhone,iPhone 14 Pro 128GB,New,698.23,685.6700000000001,696.9986797658984,11.3286797658983,1.652205837487173
2026-04-21,Amazon,iPhone,iPhone 14 Pro 128GB,New,710.19,695.825,699.8065859724587,3.9815859724586744,0.5722108249141198
2026-04-23,Amazon,iPhone,iPhone 14 Pro 128GB,New,692.15,692.55,699.0838039931884,6.533803993188485,0.9434414833858185
2026-04-26,Amazon,iPhone,iPhone 14 Pro 128GB,New,707.24,700.2,700.1441601776598,0.05583982234020368,0.007974838951757166
2026-05-06,Amazon,iPhone,iPhone 14 Pro 128GB,New,686.26,702.31,693.5443895315942,8.765610468405725,1.2481112996263368
2026-05-07,Amazon,iPhone,iPhone 14 Pro 128GB,New,693.0,712.45,701.4624059243672,10.987594075632842,1.5422266931900963
2026-05-10,Amazon,iPhone,iPhone 14 Pro 128GB,New,697.56,694.59,699.1365198717299,4.546519871729856,0.6545616654040306
2026-05-17,Amazon,iPhone,iPhone 14 Pro 128GB,New,699.72,695.6,698.6414424522667,3.041442452266665,0.4372401455242474
2026-05-19,Amazon,iPhone,iPhone 14 Pro 128GB,New,685.6700000000001,703.87,697.8444010148969,6.025598985103102,0.8560670273066194
2026-06-02,Amazon,iPhone,iPhone 14 Pro 128GB,New,702.76,695.3,698.5894328609966,3.2894328609966124,0.4730954783541799
2026-06-05,Amazon,iPhone,iPhone 14 Pro 128GB,New,702.31,706.47,699.1236778221459,7.3463221778541765,1.0398632890079091
2026-06-06,Amazon,iPhone,iPhone 14 Pro 128GB,New,712.45,687.74,697.2205295468844,9.48052954688444,1.3785048923843954
2026-06-09,Amazon,iPhone,iPhone 14 Pro 128GB,New,694.59,707.47,660.054204125513,47.415795874487,6.702163466222879
2026-06-14,Amazon,iPhone,iPhone 14 Pro 128GB,New,697.66,576.11,661.0921665661398,84.98216656613977,14.751031324944849
2026-06-17,Amazon,iPhone,iPhone 14 Pro 128GB,New,699.21,519.77,696.8341868483559,177.06418684835592,34.06587276071261
2026-06-26,Amazon,iPhone,iPhone 14 Pro 128GB,New,711.54,693.335,696.1374843286636,2.8024843286635814,0.40420349883729817
2026-01-16,Amazon,iPhone,iPhone 14 Pro 128GB,Renewed/Refurbished,597.99,560.98,574.1595224527106,13.179522452710557,2.349374746463431
2026-03-21,Amazon,iPhone,iPhone 14 Pro 128GB,Renewed/Refurbished,571.25,571.26,574.3974690360627,3.1374690360627255,0.549219100945756
2026-04-01,Amazon,iPhone,iPhone 14 Pro 128GB,Renewed/Refurbished,519.63,578.96,534.0288676052384,44.931132394761676,7.760662635546786
2026-04-13,Amazon,iPhone,iPhone 14 Pro 128GB,Renewed/Refurbished,519.8,521.63,547.3248098309843,25.694809830984354,4.925868878512424
2026-04-28,Amazon,iPhone,iPhone 14 Pro 128GB,Renewed/Refurbished,560.56,585.7,563.6984047369176,22.001595263082436,3.756461543978561
2026-05-01,Amazon,iPhone,iPhone 14 Pro 128GB,Renewed/Refurbished,578.96,539.59,558.1524711591427,18.56247115914266,3.4401065918832185
2026-05-02,Amazon,iPhone,iPhone 14 Pro 128GB,Renewed/Refurbished,512.3,562.02,546.9797728187756,15.040227181224395,2.676101772396782
2026-05-13,Amazon,iPhone,iPhone 14 Pro 128GB,Renewed/Refurbished,521.63,557.26,558.7346122222174,1.474612222217388,0.264618350898573
2026-01-03,Amazon,iPhone,iPhone 15 128GB,New,591.12,598.51,597.2419276429839,1.2680723570160808,0.2118715404949092
2026-01-04,Amazon,iPhone,iPhone 15 128GB,New,592.26,590.9300000000001,599.1803289754969,8.250328975496814,1.3961601163414978
2026-01-08,Amazon,iPhone,iPhone 15 128GB,New,598.855,603.94,598.0005247110433,5.939475288956714,0.9834545300786028
2026-01-10,Amazon,iPhone,iPhone 15 128GB,New,600.75,610.71,605.106642680973,5.6033573190270545,0.9175152394797946
2026-01-11,Amazon,iPhone,iPhone 15 128GB,New,597.18,602.42,596.4745085004322,5.9454914995677655,0.9869346136528944
2026-01-15,Amazon,iPhone,iPhone 15 128GB,New,608.97,603.6,607.7096829928931,4.109682992893113,0.6808619935210591
2026-01-16,Amazon,iPhone,iPhone 15 128GB,New,600.7,601.58,601.2932341896824,0.2867658103176609,0.047668773948213186
2026-01-21,Amazon,iPhone,iPhone 15 128GB,New,600.3199999999999,602.04,596.3990917586665,5.640908241333477,0.9369656902088694
2026-01-23,Amazon,iPhone,iPhone 15 128GB,New,587.77,599.17,596.1095647515367,3.06043524846325,0.5107791191920907
2026-02-01,Amazon,iPhone,iPhone 15 128GB,New,595.02,601.8,595.8558766032907,5.944123396709301,0.9877240606030744
2026-02-02,Amazon,iPhone,iPhone 15 128GB,New,598.51,587.58,597.8845708048464,10.304570804846321,1.753730692815671
2026-02-07,Amazon,iPhone,iPhone 15 128GB,New,603.94,595.4449999999999,598.1547937075826,2.709793707582662,0.45508715457895565
2026-02-14,Amazon,iPhone,iPhone 15 128GB,New,603.6,593.18,597.4062996739257,4.226299673925723,0.7124818223685431
2026-02-22,Amazon,iPhone,iPhone 15 128GB,New,599.17,601.4,595.2098559179946,6.190144082005418,1.0292890059869335
2026-02-24,Amazon,iPhone,iPhone 15 128GB,New,595.7,606.01,596.993939481737,9.016060518262975,1.487774214660315
2026-03-03,Amazon,iPhone,iPhone 15 128GB,New,601.8,610.02,597.6928875145067,12.32711248549333,2.0207718575609537
2026-03-04,Amazon,iPhone,iPhone 15 128GB,New,587.58,587.9000000000001,593.7561641742483,5.8561641742481925,0.9961156955686667
2026-03-08,Amazon,iPhone,iPhone 15 128GB,New,609.37,590.56,604.8210074412273,14.26100744122732,2.4148278652850386
2026-03-09,Amazon,iPhone,iPhone 15 128GB,New,595.4449999999999,604.53,601.8673731950425,2.6626268049574264,0.4404457686065913
2026-03-16,Amazon,iPhone,iPhone 15 128GB,New,593.18,590.83,599.0411251486437,8.211125148643646,1.3897610393249573
2026-03-24,Amazon,iPhone,iPhone 15 128GB,New,601.4,605.24,596.8011942081057,8.43880579189431,1.3942908254402073
2026-03-26,Amazon,iPhone,iPhone 15 128GB,New,606.01,598.06,603.8371489431588,5.777148943158863,0.9659814973679671
2026-03-28,Amazon,iPhone,iPhone 15 128GB,New,597.86,595.96,596.8084370242552,0.8484370242551904,0.14236476009383017
2026-03-30,Amazon,iPhone,iPhone 15 128GB,New,608.6,593.55,596.5389270429114,2.9889270429114276,0.5035678616648012
2026-03-31,Amazon,iPhone,iPhone 15 128GB,New,593.38,587.25,595.416459951452,8.166459951451998,1.390627492797275
2026-04-02,Amazon,iPhone,iPhone 15 128GB,New,610.02,594.58,605.2156739757781,10.635673975778104,1.7887708930300554
2026-04-03,Amazon,iPhone,iPhone 15 128GB,New,587.9000000000001,606.46,596.8694666880565,9.590533311943545,1.5813958566011848
2026-04-07,Amazon,iPhone,iPhone 15 128GB,New,590.56,601.58,599.8462608450435,1.7337391549565382,0.28819760546503176
2026-04-09,Amazon,iPhone,iPhone 15 128GB,New,600.63,606.1949999999999,604.993989471782,1.201010528217921,0.19812280342429767
2026-04-11,Amazon,iPhone,iPhone 15 128GB,New,601.5350000000001,594.965,599.950819694495,4.985819694494921,0.8380021840772014
2026-04-15,Amazon,iPhone,iPhone 15 128GB,New,590.83,601.87,595.2156070011847,6.654392998815297,1.1056196518875
2026-04-18,Amazon,iPhone,iPhone 15 128GB,New,589.92,590.72,598.7133432659577,7.993343265957719,1.3531526384679238
2026-04-24,Amazon,iPhone,iPhone 15 128GB,New,593.49,596.89,595.5497727359726,1.3402272640273623,0.22453505068393878
2026-04-25,Amazon,iPhone,iPhone 15 128GB,New,598.06,601.24,602.4789335388375,1.2389335388375002,0.20606305948331782
2026-04-28,Amazon,iPhone,iPhone 15 128GB,New,601.14,592.56,597.672775722883,5.112775722883043,0.8628283587962474
2026-04-29,Amazon,iPhone,iPhone 15 128GB,New,593.55,599.58,596.866741882872,2.713258117128021,0.4525264547062978
2026-04-30,Amazon,iPhone,iPhone 15 128GB,New,587.25,593.33,596.145723205999,2.8157232059990065,0.4745627569816133
2026-05-02,Amazon,iPhone,iPhone 15 128GB,New,594.58,600.63,595.511609485142,5.1183905148579925,0.8521703069873288
2026-05-03,Amazon,iPhone,iPhone 15 128GB,New,606.46,599.97,595.7640814834433,4.205918516556721,0.7010214704996451
2026-05-09,Amazon,iPhone,iPhone 15 128GB,New,606.1949999999999,588.95,597.6064583664204,8.656458366420338,1.4698121005892415
2026-05-11,Amazon,iPhone,iPhone 15 128GB,New,594.965,600.7,596.2541513545215,4.445848645478577,0.7401113110502042
2026-05-15,Amazon,iPhone,iPhone 15 128GB,New,601.87,600.2,596.1347731549301,4.065226845069901,0.6773120368327059
2026-05-21,Amazon,iPhone,iPhone 15 128GB,New,593.54,598.91,596.6006276977953,2.309372302204679,0.3855958828880264
2026-05-22,Amazon,iPhone,iPhone 15 128GB,New,593.07,598.59,596.0283198285226,2.5616801714774056,0.4279523833470999
2026-05-25,Amazon,iPhone,iPhone 15 128GB,New,601.24,590.15,595.5524445263611,5.402444526361137,0.9154358258681923
2026-05-31,Amazon,iPhone,iPhone 15 128GB,New,595.59,599.26,595.5061552651305,3.753844734869517,0.6264133656291956
2026-06-01,Amazon,iPhone,iPhone 15 128GB,New,600.63,595.86,594.2761575927844,1.5838424072155703,0.2658078084139849
2026-06-02,Amazon,iPhone,iPhone 15 128GB,New,599.97,600.51,599.7904184042102,0.7195815957898049,0.11982841181492479
2026-06-03,Amazon,iPhone,iPhone 15 128GB,New,607.355,597.46,594.0097199271805,3.4502800728195098,0.5774913923642603
2026-06-05,Amazon,iPhone,iPhone 15 128GB,New,609.78,592.7,603.542110498107,10.84211049810699,1.82927459053602
2026-06-08,Amazon,iPhone,iPhone 15 128GB,New,588.95,587.65,571.0043421984162,16.645657801583752,2.8325802436116314
2026-06-13,Amazon,iPhone,iPhone 15 128GB,New,592.44,470.76,563.243552150485,92.48355215048502,19.64558419374735
2026-06-20,Amazon,iPhone,iPhone 15 128GB,New,598.91,604.37,592.406390422806,11.963609577194006,1.9795174441474601
2026-06-21,Amazon,iPhone,iPhone 15 128GB,New,598.59,599.485,593.4923594535853,5.992640546414691,0.9996314413896413
2026-06-22,Amazon,iPhone,iPhone 15 128GB,New,596.06,590.73,591.8801057853833,1.150105785383289,0.19469229349843228
2026-06-24,Amazon,iPhone,iPhone 15 128GB,New,590.15,591.37,589.1945904440557,2.1754095559442703,0.36785930228862984
2026-01-24,Amazon,iPhone,iPhone 15 128GB,Renewed/Refurbished,432.425,441.475,458.5541565782313,17.079156578231277,3.8686576993558583
2026-02-27,Amazon,iPhone,iPhone 15 128GB,Renewed/Refurbished,496.48,464.33,459.69885875051864,4.631141249481345,0.9973814419661331
2026-03-01,Amazon,iPhone,iPhone 15 128GB,Renewed/Refurbished,506.78,497.7,461.53423585226545,36.165764147734535,7.266579093376439
2026-03-11,Amazon,iPhone,iPhone 15 128GB,Renewed/Refurbished,471.19,470.82,456.1991052982959,14.620894701704117,3.105410709337776
2026-03-19,Amazon,iPhone,iPhone 15 128GB,Renewed/Refurbished,493.3,500.85,472.0202552536291,28.82974474637092,5.75616347137285
2026-03-27,Amazon,iPhone,iPhone 15 128GB,Renewed/Refurbished,425.51,496.58,450.29752811459,46.28247188540996,9.320244851868775
2026-03-30,Amazon,iPhone,iPhone 15 128GB,Renewed/Refurbished,463.77,457.41,468.2585614607633,10.848561460763278,2.37173683582853
2026-03-31,Amazon,iPhone,iPhone 15 128GB,Renewed/Refurbished,497.7,453.45,476.1160531485679,22.666053148567926,4.998578266306743
2026-04-17,Amazon,iPhone,iPhone 15 128GB,Renewed/Refurbished,477.21,469.04,461.3501744491421,7.689825550857904,1.6394818247607676
2026-04-18,Amazon,iPhone,iPhone 15 128GB,Renewed/Refurbished,500.85,477.59,473.7979334092317,3.792066590768286,0.7940004168362583
2026-04-23,Amazon,iPhone,iPhone 15 128GB,Renewed/Refurbished,450.74,464.92,467.0227365160388,2.1027365160387603,0.452279212776125
2026-04-30,Amazon,iPhone,iPhone 15 128GB,Renewed/Refurbished,453.45,480.19,463.20132633820447,16.98867366179553,3.5379065915149277
2026-05-07,Amazon,iPhone,iPhone 15 128GB,Renewed/Refurbished,457.485,417.27,461.5600721492731,44.2900721492731,10.614247884888227
2026-06-19,Amazon,iPhone,iPhone 15 128GB,Renewed/Refurbished,442.9,447.0,451.5393969418822,4.539396941882217,1.0155250429266702
2026-01-05,Amazon,iPhone,iPhone 15 Pro Max 256GB,New,980.95,1006.7950000000001,997.2324595527746,9.562540447225501,0.9498001526850551
2026-01-14,Amazon,iPhone,iPhone 15 Pro Max 256GB,New,1013.2149999999999,1000.17,1022.7992469649322,22.629246964932236,2.2625400646822276
2026-01-17,Amazon,iPhone,iPhone 15 Pro Max 256GB,New,990.36,987.2,1003.3809295748254,16.180929574825313,1.639073093073877
2026-01-18,Amazon,iPhone,iPhone 15 Pro Max 256GB,New,999.03,989.97,1005.0211339276768,15.051133927676801,1.5203626299460389
2026-01-20,Amazon,iPhone,iPhone 15 Pro Max 256GB,New,986.27,997.26,995.9694332522448,1.2905667477551788,0.1294112616323906
2026-01-21,Amazon,iPhone,iPhone 15 Pro Max 256GB,New,999.16,1007.1,982.5354924943454,24.56450750565466,2.4391329069262895
2026-01-29,Amazon,iPhone,iPhone 15 Pro Max 256GB,New,994.8,998.155,988.3958209852793,9.759179014720644,0.9777217981897245
2026-01-30,Amazon,iPhone,iPhone 15 Pro Max 256GB,New,1012.02,982.68,977.5688732233124,5.11112677668757,0.5201211764447806
2026-01-31,Amazon,iPhone,iPhone 15 Pro Max 256GB,New,994.3,979.64,986.1391829915212,6.499182991521252,0.6634256452902344
2026-02-02,Amazon,iPhone,iPhone 15 Pro Max 256GB,New,1008.625,1000.04,993.3740156965968,6.6659843034032065,0.6665717674696219
2026-02-04,Amazon,iPhone,iPhone 15 Pro Max 256GB,New,1006.7950000000001,990.8,994.0199833474655,3.219983347465586,0.324988226429712
2026-02-05,Amazon,iPhone,iPhone 15 Pro Max 256GB,New,1013.73,1010.68,987.4131206583007,23.266879341699223,2.30210149025401
2026-02-11,Amazon,iPhone,iPhone 15 Pro Max 256GB,New,1014.03,1006.31,1010.1661947688146,3.856194768814703,0.38320147557061973
2026-02-13,Amazon,iPhone,iPhone 15 Pro Max 256GB,New,1000.17,988.31,1012.9763033666063,24.66630336660637,2.4958063124532153
2026-02-16,Amazon,iPhone,iPhone 15 Pro Max 256GB,New,987.2,1010.51,1009.527688851209,0.982311148791041,0.09720944362658865
2026-02-19,Amazon,iPhone,iPhone 15 Pro Max 256GB,New,997.26,1014.64,1005.8144983384595,8.825501661540443,0.8698160590495588
2026-02-20,Amazon,iPhone,iPhone 15 Pro Max 256GB,New,1007.1,997.26,1001.8584701782353,4.598470178235289,0.4611104604852585
2026-02-26,Amazon,iPhone,iPhone 15 Pro Max 256GB,New,1002.78,994.84,992.8676781941475,1.9723218058525163,0.19825517730012024
2026-03-01,Amazon,iPhone,iPhone 15 Pro Max 256GB,New,982.68,990.56,996.5873782373649,6.027378237364928,0.608481892804568
2026-03-05,Amazon,iPhone,iPhone 15 Pro Max 256GB,New,1013.38,1005.03,984.5083853417912,20.52161465820882,2.041890755321614
2026-03-06,Amazon,iPhone,iPhone 15 Pro Max 256GB,New,990.8,992.41,992.5039050820819,0.09390508208196024,0.009462327272191963
2026-03-17,Amazon,iPhone,iPhone 15 Pro Max 256GB,New,986.99,987.75,994.4461510010835,6.6961510010835354,0.6779196153969663
2026-03-18,Amazon,iPhone,iPhone 15 Pro Max 256GB,New,1010.51,997.54,990.4675518504985,7.072448149501497,0.708988927712322
2026-03-20,Amazon,iPhone,iPhone 15 Pro Max 256GB,New,1007.98,981.97,995.203929729314,13.233929729314013,1.3476918571151881
2026-03-21,Amazon,iPhone,iPhone 15 Pro Max 256GB,New,1014.64,983.59,1000.0384859067553,16.44848590675531,1.6722908840833384
2026-03-24,Amazon,iPhone,iPhone 15 Pro Max 256GB,New,997.53,981.51,1012.2237871515722,30.713787151572205,3.1292383319143164
2026-03-25,Amazon,iPhone,iPhone 15 Pro Max 256GB,New,989.06,1009.11,1007.0353735799661,2.074626420033951,0.20558971965731693
2026-03-28,Amazon,iPhone,iPhone 15 Pro Max 256GB,New,994.84,993.48,990.9377046218499,2.542295378150129,0.25589799272759683
2026-03-31,Amazon,iPhone,iPhone 15 Pro Max 256GB,New,990.56,982.91,999.7431948272113,16.833194827211287,1.7125876048886761
2026-04-08,Amazon,iPhone,iPhone 15 Pro Max 256GB,New,1013.71,1018.09,990.7355070196795,27.354492980320515,2.686844284917887
2026-04-11,Amazon,iPhone,iPhone 15 Pro Max 256GB,New,1017.93,1000.06,993.9797039090598,6.080296090940124,0.607993129506242
2026-04-16,Amazon,iPhone,iPhone 15 Pro Max 256GB,New,987.75,990.58,990.9093642941899,0.32936429418987245,0.03324964103756107
2026-04-18,Amazon,iPhone,iPhone 15 Pro Max 256GB,New,996.9,1004.56,1006.7578870073296,2.197887007329655,0.21879101371044588
2026-04-20,Amazon,iPhone,iPhone 15 Pro Max 256GB,New,983.59,1012.39,986.2535180626427,26.136481937357303,2.5816614088797105
2026-04-22,Amazon,iPhone,iPhone 15 Pro Max 256GB,New,999.3,997.55,1002.9941249571606,5.444124957160625,0.545749582192434
2026-04-23,Amazon,iPhone,iPhone 15 Pro Max 256GB,New,981.51,1017.97,985.7078694288639,32.26213057113614,3.1692614292303447
2026-04-25,Amazon,iPhone,iPhone 15 Pro Max 256GB,New,1007.4,1000.11,989.8070680810824,10.30293191891758,1.0301798721058262
2026-04-26,Amazon,iPhone,iPhone 15 Pro Max 256GB,New,988.2,995.35,1003.0072361250244,7.657236125024383,0.7693008615084527
2026-04-27,Amazon,iPhone,iPhone 15 Pro Max 256GB,New,993.48,995.22,979.9486946637346,15.271305336265414,1.5344652776537262
2026-04-29,Amazon,iPhone,iPhone 15 Pro Max 256GB,New,1016.09,1000.27,987.9163492539948,12.3536507460052,1.2350316160641828
2026-04-30,Amazon,iPhone,iPhone 15 Pro Max 256GB,New,982.91,998.96,993.8474533402566,5.11254665974343,0.5117869243756937
2026-05-03,Amazon,iPhone,iPhone 15 Pro Max 256GB,New,1003.05,999.29,998.2618916946078,1.028108305392152,0.102883878092661
2026-05-09,Amazon,iPhone,iPhone 15 Pro Max 256GB,New,991.22,1000.835,998.0262316733196,2.808768326680479,0.2806424961837345
2026-05-11,Amazon,iPhone,iPhone 15 Pro Max 256GB,New,1000.06,1006.72,1011.8318349650251,5.111834965025082,0.5077712735442905
2026-05-12,Amazon,iPhone,iPhone 15 Pro Max 256GB,New,1017.31,1015.12,1000.5766645578593,14.543335442140688,1.4326715503724374
2026-05-18,Amazon,iPhone,iPhone 15 Pro Max 256GB,New,1004.56,1011.86,994.5216195928524,17.33838040714761,1.7135157439910274
2026-05-21,Amazon,iPhone,iPhone 15 Pro Max 256GB,New,1000.3599999999999,991.18,1004.989312697888,13.809312697888004,1.3932194654742835
2026-05-23,Amazon,iPhone,iPhone 15 Pro Max 256GB,New,1017.97,990.07,1026.5891213147727,36.51912131477263,3.6885393269943165
2026-05-25,Amazon,iPhone,iPhone 15 Pro Max 256GB,New,1000.11,1004.98,1021.1374029828689,16.157402982868916,1.6077337840423607
2026-05-26,Amazon,iPhone,iPhone 15 Pro Max 256GB,New,995.35,1013.62,974.2322472696694,39.38775273033059,3.885849996086363
2026-05-29,Amazon,iPhone,iPhone 15 Pro Max 256GB,New,1000.27,1014.3,1004.734572479193,9.565427520806907,0.9430570364593225
2026-05-30,Amazon,iPhone,iPhone 15 Pro Max 256GB,New,998.96,1016.95,1003.6617619649894,13.288238035010636,1.306675651213003
2026-06-01,Amazon,iPhone,iPhone 15 Pro Max 256GB,New,986.48,983.41,998.6207656994397,15.210765699439776,1.5467369357073628
2026-06-02,Amazon,iPhone,iPhone 15 Pro Max 256GB,New,999.29,993.29,1000.5813328180993,7.291332818099363,0.7340588164684396
2026-06-04,Amazon,iPhone,iPhone 15 Pro Max 256GB,New,1003.3,988.99,997.1369671114176,8.146967111417553,0.823766378974262
2026-06-05,Amazon,iPhone,iPhone 15 Pro Max 256GB,New,996.04,1009.81,1002.2656742977025,7.544325702297442,0.7471034850414873
2026-06-09,Amazon,iPhone,iPhone 15 Pro Max 256GB,New,1000.36,1014.94,959.9027648790002,55.03723512099987,5.422708250832549
2026-06-10,Amazon,iPhone,iPhone 15 Pro Max 256GB,New,1006.72,807.97,964.0176712592727,156.04767125927265,19.313547688561783
2026-06-13,Amazon,iPhone,iPhone 15 Pro Max 256GB,New,998.85,767.86,961.3465206782403,193.48652067824025,25.19815079288415
2026-06-17,Amazon,iPhone,iPhone 15 Pro Max 256GB,New,1011.86,845.35,1000.1121088933123,154.7621088933123,18.307459501190312
2026-06-20,Amazon,iPhone,iPhone 15 Pro Max 256GB,New,991.18,998.37,1006.5059087113523,8.135908711352272,0.8149191894139719
2026-06-22,Amazon,iPhone,iPhone 15 Pro Max 256GB,New,990.07,999.525,1014.8080697642847,15.283069764284733,1.5290332672304077
2026-06-24,Amazon,iPhone,iPhone 15 Pro Max 256GB,New,1004.98,987.19,1020.6107896177061,33.42078961770608,3.385446531843523
2026-06-25,Amazon,iPhone,iPhone 15 Pro Max 256GB,New,1013.62,1002.45,1000.9872623762001,1.462737623799967,0.14591626752456152
2026-06-29,Amazon,iPhone,iPhone 15 Pro Max 256GB,New,1016.95,991.51,1020.8001543926141,29.290154392614113,2.954095711855061
2026-06-30,Amazon,iPhone,iPhone 15 Pro Max 256GB,New,996.99,1009.115,1014.5171931197613,5.40219311976125,0.5353396906954361
2026-01-02,Amazon,iPhone,iPhone 15 Pro Max 256GB,Renewed/Refurbished,816.41,815.74,759.2563962139234,56.48360378607663,6.9242165133592355
2026-01-15,Amazon,iPhone,iPhone 15 Pro Max 256GB,Renewed/Refurbished,736.9,737.14,774.2400198051337,37.100019805133684,5.032967930804689
2026-01-30,Amazon,iPhone,iPhone 15 Pro Max 256GB,Renewed/Refurbished,741.0,835.56,759.7319874273875,75.82801257261247,9.075112807292411
2026-03-12,Amazon,iPhone,iPhone 15 Pro Max 256GB,Renewed/Refurbished,839.05,733.51,771.4407424860489,37.93074248604887,5.171128203575803
2026-04-01,Amazon,iPhone,iPhone 15 Pro Max 256GB,Renewed/Refurbished,765.54,737.51,779.1258838537088,41.61588385370885,5.642755197042596
2026-06-27,Amazon,iPhone,iPhone 15 Pro Max 256GB,Renewed/Refurbished,740.4,767.31,773.2590286956487,5.949028695648735,0.7753096787020547
2026-06-30,Amazon,iPhone,iPhone 15 Pro Max 256GB,Renewed/Refurbished,760.95,706.52,765.063622298783,58.54362229878302,8.286194629845301
2026-01-02,Amazon,iPhone,iPhone 16 128GB,New,699.14,689.145,699.213843091656,10.06884309165605,1.4610630696959348
2026-01-03,Amazon,iPhone,iPhone 16 128GB,New,696.855,692.7,701.7286409991636,9.0286409991636,1.3033984407627544
2026-01-06,Amazon,iPhone,iPhone 16 128GB,New,706.03,705.31,700.4015602801996,4.908439719800299,0.6959265741022103
2026-01-07,Amazon,iPhone,iPhone 16 128GB,New,702.47,706.125,701.1062946799974,5.018705320002596,0.7107389371573866
2026-01-08,Amazon,iPhone,iPhone 16 128GB,New,697.67,695.81,703.0870534780892,7.277053478089215,1.0458391627152837
2026-01-09,Amazon,iPhone,iPhone 16 128GB,New,696.89,710.35,703.0540979654222,7.295902034577807,1.027085526089647
2026-01-13,Amazon,iPhone,iPhone 16 128GB,New,695.49,703.83,701.8204531968198,2.0095468031802284,0.2855159346973315
2026-01-15,Amazon,iPhone,iPhone 16 128GB,New,695.9300000000001,706.06,699.7166953028359,6.343304697164058,0.8984087325672121
2026-01-17,Amazon,iPhone,iPhone 16 128GB,New,687.87,706.89,697.7136610156351,9.176338984364861,1.2981282780015082
2026-01-21,Amazon,iPhone,iPhone 16 128GB,New,703.88,700.34,705.7721750845049,5.43217508450482,0.7756482686273553
2026-01-22,Amazon,iPhone,iPhone 16 128GB,New,707.07,707.66,702.5800983708268,5.0799016291731505,0.7178449579138501
2026-01-24,Amazon,iPhone,iPhone 16 128GB,New,699.62,693.12,697.785174427209,4.665174427208967,0.6730687943226235
2026-01-28,Amazon,iPhone,iPhone 16 128GB,New,693.075,701.08,701.4058501042421,0.3258501042420221,0.04647830550607949
2026-01-29,Amazon,iPhone,iPhone 16 128GB,New,690.94,692.54,695.2471736106031,2.7071736106031494,0.39090501784779935
2026-01-30,Amazon,iPhone,iPhone 16 128GB,New,692.32,693.35,701.492400821164,8.14240082116396,1.1743565040980688
2026-01-31,Amazon,iPhone,iPhone 16 128GB,New,694.62,707.57,700.9940062052195,6.575993794780516,0.9293771350934205
2026-02-01,Amazon,iPhone,iPhone 16 128GB,New,689.145,701.0550000000001,699.2728436266822,1.7821563733178891,0.2542106358727759
2026-02-02,Amazon,iPhone,iPhone 16 128GB,New,692.7,704.98,680.8258859538354,24.154114046164636,3.426212665063496
2026-02-05,Amazon,iPhone,iPhone 16 128GB,New,705.31,691.75,702.8966896244095,11.146689624409532,1.6113754426323863
2026-02-06,Amazon,iPhone,iPhone 16 128GB,New,706.125,702.09,694.1651336618319,7.924866338168158,1.1287536267669611
2026-02-07,Amazon,iPhone,iPhone 16 128GB,New,695.81,700.36,695.8950630725856,4.464936927414442,0.6375202649229599
2026-02-08,Amazon,iPhone,iPhone 16 128GB,New,710.35,695.855,691.9481233629351,3.9068766370648973,0.5614498188652661
2026-02-16,Amazon,iPhone,iPhone 16 128GB,New,706.89,694.95,696.1884380274693,1.2384380274692148,0.1782053424662515
2026-02-21,Amazon,iPhone,iPhone 16 128GB,New,707.66,702.26,700.8192717050233,1.4407282949766795,0.20515596715983817
2026-02-23,Amazon,iPhone,iPhone 16 128GB,New,693.12,685.91,703.6231841885107,17.713184188510695,2.582435623990129
2026-02-27,Amazon,iPhone,iPhone 16 128GB,New,701.08,694.31,700.8987053801126,6.5887053801126285,0.9489572928681179
2026-02-28,Amazon,iPhone,iPhone 16 128GB,New,692.54,698.66,701.7483509818154,3.088350981815438,0.4420391867024645
2026-03-01,Amazon,iPhone,iPhone 16 128GB,New,693.35,690.44,701.2243789603197,10.7843789603196,1.5619574416777127
2026-03-02,Amazon,iPhone,iPhone 16 128GB,New,707.57,704.9300000000001,695.671534688343,9.258465311657119,1.3133878983242475
2026-03-03,Amazon,iPhone,iPhone 16 128GB,New,701.0550000000001,692.54,700.1301610016063,7.590161001606361,1.0959888239822049
2026-03-04,Amazon,iPhone,iPhone 16 128GB,New,704.98,709.78,701.1979277017383,8.582072298261664,1.2091172332640627
2026-03-08,Amazon,iPhone,iPhone 16 128GB,New,702.09,703.98,701.7534642324381,2.226535767561927,0.31627827034318123
2026-03-09,Amazon,iPhone,iPhone 16 128GB,New,700.36,688.14,699.6873614626338,11.54736146263383,1.678054096932867
2026-03-12,Amazon,iPhone,iPhone 16 128GB,New,695.495,694.7850000000001,699.3895813214732,4.60458132147312,0.6627347051927026
2026-03-17,Amazon,iPhone,iPhone 16 128GB,New,706.67,702.1,701.6205563783251,0.4794436216749318,0.0682870846994633
2026-03-18,Amazon,iPhone,iPhone 16 128GB,New,694.95,694.5250000000001,696.008640786009,1.4836407860088912,0.2136194933240547
2026-03-19,Amazon,iPhone,iPhone 16 128GB,New,696.2,699.715,700.1144614414764,0.3994614414763191,0.05708916365610557
2026-03-20,Amazon,iPhone,iPhone 16 128GB,New,697.3299999999999,706.1199999999999,701.1027238214925,5.017276178507359,0.7105415762911913
2026-03-21,Amazon,iPhone,iPhone 16 128GB,New,695.49,705.995,700.9828444026781,5.012155597321907,0.7099420813634526
2026-03-24,Amazon,iPhone,iPhone 16 128GB,New,709.08,705.465,702.3653248124762,3.0996751875238715,0.43938043524822223
2026-03-29,Amazon,iPhone,iPhone 16 128GB,New,694.31,703.36,701.9585436573527,1.4014563426472932,0.19925164107246549
2026-03-30,Amazon,iPhone,iPhone 16 128GB,New,698.66,694.18,698.9923521393407,4.81235213934076,0.693242694883281
2026-03-31,Amazon,iPhone,iPhone 16 128GB,New,690.44,696.84,697.8732097601568,1.0332097601567511,0.14827073074977773
2026-04-01,Amazon,iPhone,iPhone 16 128GB,New,704.9300000000001,699.73,697.67208971458,2.0579102854200073,0.2941006224429433
2026-04-02,Amazon,iPhone,iPhone 16 128GB,New,692.54,696.03,696.3224823776402,0.29248237764022633,0.042021518848358023
2026-04-03,Amazon,iPhone,iPhone 16 128GB,New,709.78,703.015,695.0572913158497,7.957708684150248,1.1319400985967933
2026-04-07,Amazon,iPhone,iPhone 16 128GB,New,703.98,710.51,699.5269811801262,10.983018819873791,1.5457937002820217
2026-04-08,Amazon,iPhone,iPhone 16 128GB,New,688.14,700.7049999999999,698.9710573994489,1.7339426005510177,0.24745686138261005
2026-04-10,Amazon,iPhone,iPhone 16 128GB,New,689.5,691.06,697.3625031903034,6.302503190303469,0.9120052079853369
2026-04-11,Amazon,iPhone,iPhone 16 128GB,New,694.7850000000001,710.03,699.7756201245099,10.25437987549003,1.4442178324141277
2026-04-14,Amazon,iPhone,iPhone 16 128GB,New,703.13,705.31,698.971140944381,6.338859055618968,0.8987337561666457
2026-04-15,Amazon,iPhone,iPhone 16 128GB,New,700.5450000000001,700.93,699.0565372617227,1.873462738277226,0.2672824302394285
2026-04-16,Amazon,iPhone,iPhone 16 128GB,New,702.1,712.01,699.3717879051245,12.638212094875485,1.7750048587625855
2026-04-17,Amazon,iPhone,iPhone 16 128GB,New,694.5250000000001,688.51,697.1425699875406,8.632569987540592,1.2538045907162703
2026-04-19,Amazon,iPhone,iPhone 16 128GB,New,706.1199999999999,696.12,692.0223802624344,4.097619737565651,0.5886369789067475
2026-04-21,Amazon,iPhone,iPhone 16 128GB,New,690.95,688.92,697.3687211976626,8.448721197662621,1.226371886091654
2026-04-23,Amazon,iPhone,iPhone 16 128GB,New,705.465,707.64,695.5887283698171,12.051271630182896,1.7030229537876456
2026-04-28,Amazon,iPhone,iPhone 16 128GB,New,703.36,700.79,701.8670534616328,1.077053461632886,0.15369132859100243
2026-04-29,Amazon,iPhone,iPhone 16 128GB,New,694.18,699.99,699.9857907427679,0.004209257232105301,0.0006013310521729312
2026-05-01,Amazon,iPhone,iPhone 16 128GB,New,699.73,695.71,700.4682502217711,4.75825022177105,0.6839416167326975
2026-05-02,Amazon,iPhone,iPhone 16 128GB,New,696.03,700.84,697.4664999830399,3.373500016960179,0.48135095270820427
2026-05-03,Amazon,iPhone,iPhone 16 128GB,New,703.015,699.97,691.9834673231159,7.986532676884167,1.1409821387894006
2026-05-06,Amazon,iPhone,iPhone 16 128GB,New,695.98,697.82,697.9155271946203,0.09552719462021741,0.013689374712707779
2026-05-08,Amazon,iPhone,iPhone 16 128GB,New,700.7049999999999,694.56,697.8019921116049,3.2419921116049863,0.46676919367729014
2026-05-09,Amazon,iPhone,iPhone 16 128GB,New,695.96,700.455,700.1667599142784,0.28824008572166804,0.04115040733832552
2026-05-10,Amazon,iPhone,iPhone 16 128GB,New,691.06,702.79,699.6356667964636,3.154333203536339,0.4488301204536689
2026-05-11,Amazon,iPhone,iPhone 16 128GB,New,710.03,691.98,696.5799494590598,4.599949459059758,0.6647517932685565
2026-05-14,Amazon,iPhone,iPhone 16 128GB,New,705.31,701.91,700.2185909484883,1.6914090515116413,0.24097235422086044
2026-05-15,Amazon,iPhone,iPhone 16 128GB,New,700.93,706.09,700.5236898762231,5.56631012377693,0.7883287008422338
2026-05-17,Amazon,iPhone,iPhone 16 128GB,New,688.51,686.8,705.1574591518702,18.357459151870216,2.6728973721418487
2026-05-19,Amazon,iPhone,iPhone 16 128GB,New,696.12,690.175,697.8173670835729,7.642367083572935,1.1073085932659015
2026-05-24,Amazon,iPhone,iPhone 16 128GB,New,694.06,696.13,700.1543012083987,4.024301208398697,0.5780962188669785
2026-05-25,Amazon,iPhone,iPhone 16 128GB,New,692.1,711.03,701.4157092782658,9.614290721734164,1.352163863934597
2026-05-28,Amazon,iPhone,iPhone 16 128GB,New,700.79,699.62,699.3522804609665,0.26771953903346457,0.038266421633667495
2026-05-29,Amazon,iPhone,iPhone 16 128GB,New,699.99,704.44,692.565176195645,11.87482380435506,1.6857111754521406
2026-06-02,Amazon,iPhone,iPhone 16 128GB,New,699.97,706.97,691.6098695670502,15.360130432949859,2.172670754480368
2026-06-05,Amazon,iPhone,iPhone 16 128GB,New,697.82,696.3199999999999,697.0669723963026,0.7469723963026809,0.10727429864181424
2026-06-07,Amazon,iPhone,iPhone 16 128GB,New,694.56,698.55,695.6937225947587,2.856277405241258,0.40888660872396504
2026-06-09,Amazon,iPhone,iPhone 16 128GB,New,702.79,698.14,664.8770211829119,33.26297881708808,4.76451411136564
2026-06-10,Amazon,iPhone,iPhone 16 128GB,New,691.98,554.4300000000001,663.1997178396273,108.76971783962722,19.618295878582906
2026-06-14,Amazon,iPhone,iPhone 16 128GB,New,706.09,587.17,661.4899968610014,74.31999686100141,12.657321876288199
2026-06-16,Amazon,iPhone,iPhone 16 128GB,New,686.8,589.24,696.4345322900239,107.19453229002386,18.191998555770798
2026-06-21,Amazon,iPhone,iPhone 16 128GB,New,689.42,704.52,695.7911746357886,8.728825364211389,1.2389748146555655
2026-06-23,Amazon,iPhone,iPhone 16 128GB,New,696.13,693.44,695.534915664841,2.0949156648409826,0.30210482014896495
2026-06-27,Amazon,iPhone,iPhone 16 128GB,New,699.62,689.23,701.2260498613836,11.99604986138354,1.7405002483036927
2026-06-28,Amazon,iPhone,iPhone 16 128GB,New,704.44,707.39,698.8317436138556,8.558256386144421,1.2098356474002208
2026-01-10,Amazon,iPhone,iPhone 16 128GB,Renewed/Refurbished,489.51,497.83,517.2949818926148,19.464981892614844,3.9099656293543674
2026-01-11,Amazon,iPhone,iPhone 16 128GB,Renewed/Refurbished,511.28999999999996,580.81,496.47249935523087,84.33750064476908,14.520669520974
2026-01-13,Amazon,iPhone,iPhone 16 128GB,Renewed/Refurbished,516.25,579.38,521.4881590396951,57.891840960304876,9.9920330284623
2026-01-16,Amazon,iPhone,iPhone 16 128GB,Renewed/Refurbished,518.43,583.4100000000001,519.9128734198146,63.49712658018552,10.883791258323566
2026-01-25,Amazon,iPhone,iPhone 16 128GB,Renewed/Refurbished,558.6,554.57,526.4048674988289,28.165132501171115,5.078733523481457
2026-01-29,Amazon,iPhone,iPhone 16 128GB,Renewed/Refurbished,535.2850000000001,514.18,521.720709829528,7.540709829528055,1.4665505911408563
2026-02-09,Amazon,iPhone,iPhone 16 128GB,Renewed/Refurbished,497.83,493.4,519.741505988132,26.341505988131985,5.338773001242803
2026-02-10,Amazon,iPhone,iPhone 16 128GB,Renewed/Refurbished,580.81,530.005,535.2910176456146,5.286017645614606,0.9973524109422753
2026-02-12,Amazon,iPhone,iPhone 16 128GB,Renewed/Refurbished,579.38,590.51,549.8351132760193,40.67488672398065,6.888094481715915
2026-02-15,Amazon,iPhone,iPhone 16 128GB,Renewed/Refurbished,583.4100000000001,499.46000000000004,548.1681600018599,48.708160001859824,9.75216433785685
2026-02-19,Amazon,iPhone,iPhone 16 128GB,Renewed/Refurbished,531.47,526.155,537.206218322699,11.051218322699015,2.100373145308705
2026-02-28,Amazon,iPhone,iPhone 16 128GB,Renewed/Refurbished,514.18,557.36,523.2828993385718,34.077100661428176,6.1140197828025284
2026-03-02,Amazon,iPhone,iPhone 16 128GB,Renewed/Refurbished,563.51,554.8050000000001,561.2198558710779,6.414855871077862,1.1562361318080876
2026-03-10,Amazon,iPhone,iPhone 16 128GB,Renewed/Refurbished,526.41,600.71,555.5514967661949,45.15850323380516,7.5175214718924535
2026-03-11,Amazon,iPhone,iPhone 16 128GB,Renewed/Refurbished,493.4,553.92,542.0245786798557,11.895421320144237,2.147498071949783
2026-03-21,Amazon,iPhone,iPhone 16 128GB,Renewed/Refurbished,526.155,512.82,520.3692423403679,7.549242340367869,1.4721037284754628
2026-04-01,Amazon,iPhone,iPhone 16 128GB,Renewed/Refurbished,554.8050000000001,543.05,543.6857067736696,0.6357067736696536,0.11706229144087169
2026-04-02,Amazon,iPhone,iPhone 16 128GB,Renewed/Refurbished,497.29,518.83,541.1967847861904,22.36678478619035,4.311004526760278
2026-04-04,Amazon,iPhone,iPhone 16 128GB,Renewed/Refurbished,578.12,543.22,531.1778799151571,12.042120084842963,2.216803520644115
2026-04-09,Amazon,iPhone,iPhone 16 128GB,Renewed/Refurbished,600.71,550.81,560.632780511245,9.822780511245014,1.7833337287349569
2026-04-14,Amazon,iPhone,iPhone 16 128GB,Renewed/Refurbished,537.27,548.7,573.2071589232404,24.507158923240354,4.46640403193737
2026-05-11,Amazon,iPhone,iPhone 16 128GB,Renewed/Refurbished,495.0,488.82,542.0519263883971,53.231926388397085,10.889883062967368
2026-05-13,Amazon,iPhone,iPhone 16 128GB,Renewed/Refurbished,555.71,565.87,557.9414444823301,7.928555517669906,1.4011266753264717
2026-05-16,Amazon,iPhone,iPhone 16 128GB,Renewed/Refurbished,575.95,537.145,549.6372304095961,12.492230409596118,2.3256719153294023
2026-05-18,Amazon,iPhone,iPhone 16 128GB,Renewed/Refurbished,546.9,572.77,553.6626406958364,19.107359304163538,3.3359567198288214
2026-01-04,Amazon,iPhone,iPhone 16 Pro 256GB,New,994.68,996.47,1001.2638612141363,4.793861214136314,0.48108434916618803
2026-01-06,Amazon,iPhone,iPhone 16 Pro 256GB,New,994.06,998.7,1000.1014912641253,1.4014912641252977,0.14033155743719813
2026-01-07,Amazon,iPhone,iPhone 16 Pro 256GB,New,1004.62,979.11,1013.8717778603104,34.76177786031042,3.5503444822655696
2026-01-11,Amazon,iPhone,iPhone 16 Pro 256GB,New,1008.89,999.07,1008.5536629223127,9.483662922312647,0.949249093888581
2026-01-13,Amazon,iPhone,iPhone 16 Pro 256GB,New,985.52,1006.54,986.6186736552902,19.92132634470977,1.9791887401106534
2026-01-14,Amazon,iPhone,iPhone 16 Pro 256GB,New,995.99,1005.06,1005.7125725237036,0.6525725237036113,0.06492871308216537
2026-01-15,Amazon,iPhone,iPhone 16 Pro 256GB,New,994.755,1013.56,1005.3670165982787,8.192983401721222,0.8083372865662833
2026-01-18,Amazon,iPhone,iPhone 16 Pro 256GB,New,998.59,996.245,1019.7711179884998,23.526117988499777,2.3614791530697548
2026-01-19,Amazon,iPhone,iPhone 16 Pro 256GB,New,1013.745,991.3299999999999,995.4992354411802,4.169235441180263,0.4205698850211597
2026-01-24,Amazon,iPhone,iPhone 16 Pro 256GB,New,984.1,982.83,1012.1076185728824,29.277618572882375,2.9789097374807825
2026-01-28,Amazon,iPhone,iPhone 16 Pro 256GB,New,989.845,990.24,1012.9384483219021,22.698448321902106,2.2922168688299913
2026-01-30,Amazon,iPhone,iPhone 16 Pro 256GB,New,992.48,1006.62,1013.4869715045406,6.866971504540629,0.6821811114959597
2026-01-31,Amazon,iPhone,iPhone 16 Pro 256GB,New,1012.46,1000.1,1015.4444698701855,15.344469870185435,1.5342935576627772
2026-02-03,Amazon,iPhone,iPhone 16 Pro 256GB,New,996.47,995.24,1026.489951600697,31.24995160069693,3.139941280565183
2026-02-06,Amazon,iPhone,iPhone 16 Pro 256GB,New,979.11,1018.93,994.6647856915349,24.265214308465033,2.3814407573106133
2026-02-10,Amazon,iPhone,iPhone 16 Pro 256GB,New,999.07,996.43,995.0798979059699,1.350102094030035,0.13549392270706775
2026-02-12,Amazon,iPhone,iPhone 16 Pro 256GB,New,1006.54,992.635,1011.2456788268485,18.61067882684847,1.8748763469803573
2026-02-14,Amazon,iPhone,iPhone 16 Pro 256GB,New,1013.56,1009.515,1028.067293072168,18.552293072168027,1.8377431808510054
2026-02-16,Amazon,iPhone,iPhone 16 Pro 256GB,New,1018.85,1009.05,1004.0627820790882,4.987217920911803,0.49424884008838044
2026-02-17,Amazon,iPhone,iPhone 16 Pro 256GB,New,996.245,1007.2149999999999,1016.4489002091357,9.233900209135754,0.9167754857836465
2026-02-18,Amazon,iPhone,iPhone 16 Pro 256GB,New,991.3299999999999,997.405,1017.5063014567513,20.101301456751344,2.0153600048878184
2026-02-23,Amazon,iPhone,iPhone 16 Pro 256GB,New,982.83,1007.625,1005.0535514202069,2.5714485797931275,0.25519896586459523
2026-02-25,Amazon,iPhone,iPhone 16 Pro 256GB,New,993.7,1003.06,1028.0661739358409,25.006173935840934,2.4929888477101003
2026-02-26,Amazon,iPhone,iPhone 16 Pro 256GB,New,1010.95,991.21,1007.8309210853562,16.620921085356144,1.6768314570430227
2026-02-27,Amazon,iPhone,iPhone 16 Pro 256GB,New,990.24,992.81,1009.4033696363879,16.593369636387933,1.6713539988908184
2026-03-01,Amazon,iPhone,iPhone 16 Pro 256GB,New,1006.62,986.43,1014.8811816153599,28.45118161535993,2.8842575363036334
2026-03-02,Amazon,iPhone,iPhone 16 Pro 256GB,New,1000.1,1007.14,1010.7250381640478,3.5850381640477735,0.35596224596856185
2026-03-03,Amazon,iPhone,iPhone 16 Pro 256GB,New,1009.875,986.98,1003.7458384016803,16.7658384016803,1.698700926227512
2026-03-05,Amazon,iPhone,iPhone 16 Pro 256GB,New,995.24,998.02,1002.6736269077181,4.653626907718149,0.4662859369269302
2026-03-06,Amazon,iPhone,iPhone 16 Pro 256GB,New,1011.51,998.73,1013.2450204785237,14.515020478523638,1.4533477995578021
2026-03-09,Amazon,iPhone,iPhone 16 Pro 256GB,New,1015.76,980.96,1032.1543412663898,51.194341266389756,5.218800080165323
2026-03-10,Amazon,iPhone,iPhone 16 Pro 256GB,New,1001.25,993.9,1013.1484844353392,19.248484435339265,1.9366620822355636
2026-03-11,Amazon,iPhone,iPhone 16 Pro 256GB,New,1006.2,1011.48,1023.836646610066,12.356646610066036,1.2216402311529675
2026-03-12,Amazon,iPhone,iPhone 16 Pro 256GB,New,996.43,981.35,1006.9405232275112,25.5905232275112,2.6076856603160135
2026-03-14,Amazon,iPhone,iPhone 16 Pro 256GB,New,992.635,985.42,1011.1192483692816,25.69924836928169,2.607948729402863
2026-03-19,Amazon,iPhone,iPhone 16 Pro 256GB,New,1007.2149999999999,987.2249999999999,1028.074505478881,40.849505478881156,4.137811084492507
2026-03-20,Amazon,iPhone,iPhone 16 Pro 256GB,New,997.405,1006.895,1023.9506059687074,17.05560596870737,1.6938812854078495
2026-03-21,Amazon,iPhone,iPhone 16 Pro 256GB,New,995.81,994.485,1029.10121055688,34.61621055687999,3.4808177656656456
2026-03-25,Amazon,iPhone,iPhone 16 Pro 256GB,New,1007.625,1002.97,1032.5839760767456,29.61397607674553,2.952628301618745
2026-03-26,Amazon,iPhone,iPhone 16 Pro 256GB,New,994.53,1009.21,1020.2914988418147,11.081498841814664,1.0980369637453715
2026-03-28,Amazon,iPhone,iPhone 16 Pro 256GB,New,991.21,1011.4,1015.1605062179153,3.7605062179153492,0.37181196538613304
2026-03-29,Amazon,iPhone,iPhone 16 Pro 256GB,New,992.81,1002.1099999999999,1009.6180336687539,7.508033668754024,0.7492225073848205
2026-03-31,Amazon,iPhone,iPhone 16 Pro 256GB,New,986.43,1015.2,1005.0612513665701,10.138748633429941,0.9986947038445567
2026-04-01,Amazon,iPhone,iPhone 16 Pro 256GB,New,1007.14,1008.85,1006.7281119042709,2.121888095729105,0.21032741197691476
2026-04-02,Amazon,iPhone,iPhone 16 Pro 256GB,New,986.98,1011.98,1009.7069513194148,2.273048680585248,0.22461399242922267
2026-04-05,Amazon,iPhone,iPhone 16 Pro 256GB,New,998.73,980.585,998.5711531465511,17.986153146551032,1.8342268285310332
2026-04-06,Amazon,iPhone,iPhone 16 Pro 256GB,New,1016.62,1016.17,999.9162351209811,16.25376487901883,1.5995123728331708
2026-04-08,Amazon,iPhone,iPhone 16 Pro 256GB,New,980.96,991.8,995.5492318811891,3.749231881189189,0.3780229765264357
2026-04-09,Amazon,iPhone,iPhone 16 Pro 256GB,New,993.9,993.855,1010.252655066987,16.397655066987,1.6499041678098916
2026-04-10,Amazon,iPhone,iPhone 16 Pro 256GB,New,1011.48,992.6,1029.4035981546656,36.803598154665565,3.707797517093045
2026-04-11,Amazon,iPhone,iPhone 16 Pro 256GB,New,981.35,1017.03,997.1343393224254,19.895660677574597,1.9562511113314844
2026-04-13,Amazon,iPhone,iPhone 16 Pro 256GB,New,985.42,1007.19,989.3144893736026,17.8755106263975,1.7747903202372441
2026-04-14,Amazon,iPhone,iPhone 16 Pro 256GB,New,1008.27,996.73,1005.5522469184746,8.822246918474548,0.8851190310790834
2026-04-16,Amazon,iPhone,iPhone 16 Pro 256GB,New,998.17,992.23,998.187180477074,5.957180477073962,0.6003830238023404
2026-04-18,Amazon,iPhone,iPhone 16 Pro 256GB,New,987.2249999999999,1006.645,989.6417987384496,17.00320126155043,1.6890960826855972
2026-04-19,Amazon,iPhone,iPhone 16 Pro 256GB,New,1006.895,1004.53,996.1385509624946,8.391449037505367,0.8353607196903395
2026-04-20,Amazon,iPhone,iPhone 16 Pro 256GB,New,994.485,991.33,975.8619548199192,15.468045180080821,1.5603326016645134
2026-04-24,Amazon,iPhone,iPhone 16 Pro 256GB,New,1002.97,990.7,985.274016885251,5.425983114749101,0.5476918456393561
2026-04-25,Amazon,iPhone,iPhone 16 Pro 256GB,New,1009.21,1004.725,995.389374506442,9.335625493558041,0.9291722106604335
2026-04-27,Amazon,iPhone,iPhone 16 Pro 256GB,New,1011.4,1006.97,991.1591322823622,15.810867717637848,1.5701428759186318
2026-04-28,Amazon,iPhone,iPhone 16 Pro 256GB,New,1002.1099999999999,999.0,984.5665701363819,14.43342986361813,1.444787774135949
2026-04-29,Amazon,iPhone,iPhone 16 Pro 256GB,New,987.35,1004.47,998.7788350815555,5.691164918444542,0.5665838619813974
2026-04-30,Amazon,iPhone,iPhone 16 Pro 256GB,New,1015.2,995.5,1010.4247820187807,14.924782018780661,1.4992247130869574
2026-05-02,Amazon,iPhone,iPhone 16 Pro 256GB,New,1011.98,994.61,1009.663974037283,15.053974037282956,1.5135554676991942
2026-05-03,Amazon,iPhone,iPhone 16 Pro 256GB,New,987.48,982.78,1009.9509942671897,27.170994267189712,2.764707693195803
2026-05-05,Amazon,iPhone,iPhone 16 Pro 256GB,New,980.585,993.59,994.296255119215,0.7062551192149158,0.07108114204198067
2026-05-07,Amazon,iPhone,iPhone 16 Pro 256GB,New,1009.06,994.41,986.592276060997,7.817723939002917,0.786167067809346
2026-05-08,Amazon,iPhone,iPhone 16 Pro 256GB,New,991.8,997.115,1020.0428821712408,22.927882171240753,2.299422049737568
2026-05-09,Amazon,iPhone,iPhone 16 Pro 256GB,New,993.855,1016.25,1003.1920631018314,13.057936898168577,1.2849138399181872
2026-05-10,Amazon,iPhone,iPhone 16 Pro 256GB,New,992.6,1004.91,1009.8799774588326,4.969977458832659,0.49456941007977423
2026-05-13,Amazon,iPhone,iPhone 16 Pro 256GB,New,1007.19,1011.43,1000.4315503251275,10.998449674872404,1.0874158048379428
2026-05-14,Amazon,iPhone,iPhone 16 Pro 256GB,New,996.73,993.5799999999999,1030.3919319025931,36.81193190259319,3.7049791564436876
2026-05-15,Amazon,iPhone,iPhone 16 Pro 256GB,New,1013.29,980.93,1016.7901710969572,35.86017109695729,3.65573191735978
2026-05-17,Amazon,iPhone,iPhone 16 Pro 256GB,New,1000.895,1001.14,1010.6453238344337,9.505323834433739,0.949450010431482
2026-05-18,Amazon,iPhone,iPhone 16 Pro 256GB,New,1006.645,999.945,1010.3458536096656,10.400853609665546,1.040142568807839
2026-05-19,Amazon,iPhone,iPhone 16 Pro 256GB,New,1004.53,993.79,1026.5161508757417,32.72615087574172,3.293065021356798
2026-05-20,Amazon,iPhone,iPhone 16 Pro 256GB,New,991.33,998.79,1024.4565752074457,25.666575207445703,2.5697669387404463
2026-05-24,Amazon,iPhone,iPhone 16 Pro 256GB,New,990.7,999.76,1009.655931644073,9.895931644073016,0.9898307237810091
2026-05-25,Amazon,iPhone,iPhone 16 Pro 256GB,New,1004.725,1000.46,1008.5604528515244,8.100452851524324,0.8096728356480343
2026-05-26,Amazon,iPhone,iPhone 16 Pro 256GB,New,1011.4849999999999,995.54,1002.4159072389932,6.87590723899325,0.6906711170815085
2026-05-29,Amazon,iPhone,iPhone 16 Pro 256GB,New,1004.47,1004.57,999.0253587514902,5.5446412485098335,0.5519417510486908
2026-06-01,Amazon,iPhone,iPhone 16 Pro 256GB,New,994.61,993.01,1007.5798125857748,14.569812585774798,1.4672372469335453
2026-06-02,Amazon,iPhone,iPhone 16 Pro 256GB,New,982.78,987.005,1005.2168261425492,18.21182614254917,1.8451604746226382
2026-06-03,Amazon,iPhone,iPhone 16 Pro 256GB,New,980.41,995.9100000000001,999.9602630533687,4.050263053368667,0.4066896660710974
2026-06-04,Amazon,iPhone,iPhone 16 Pro 256GB,New,993.59,1006.53,1004.9349565625491,1.5950434374508404,0.15846953766413724
2026-06-06,Amazon,iPhone,iPhone 16 Pro 256GB,New,994.41,993.46,1004.3940708822927,10.934070882292644,1.1006050452250362
2026-06-07,Amazon,iPhone,iPhone 16 Pro 256GB,New,997.115,986.185,994.5013988822999,8.31639888229995,0.8432899387335997
2026-06-09,Amazon,iPhone,iPhone 16 Pro 256GB,New,1004.91,997.515,942.2350646143741,55.27993538562589,5.5417648241506035
2026-06-11,Amazon,iPhone,iPhone 16 Pro 256GB,New,1001.925,810.52,959.2411474706673,148.72114747066735,18.348855977726316
2026-06-12,Amazon,iPhone,iPhone 16 Pro 256GB,New,1011.43,793.385,983.0588751271416,189.67387512714163,23.90691469175011
2026-06-13,Amazon,iPhone,iPhone 16 Pro 256GB,New,993.5799999999999,785.68,965.5185167122534,179.8385167122534,22.889537306823822
2026-06-14,Amazon,iPhone,iPhone 16 Pro 256GB,New,980.93,749.54,953.9321182803262,204.39211828032626,27.26900742859971
2026-06-16,Amazon,iPhone,iPhone 16 Pro 256GB,New,1001.14,800.51,998.5013638509406,197.99136385094062,24.733153096268705
2026-06-17,Amazon,iPhone,iPhone 16 Pro 256GB,New,999.945,778.27,993.7326247583603,215.46262475836033,27.68481693478617
2026-06-19,Amazon,iPhone,iPhone 16 Pro 256GB,New,998.79,992.645,983.7938547588985,8.851145241101449,0.8916727773878323
2026-06-21,Amazon,iPhone,iPhone 16 Pro 256GB,New,988.5,1002.52,992.3113303848304,10.208669615169583,1.0183008433916114
2026-06-22,Amazon,iPhone,iPhone 16 Pro 256GB,New,999.56,1012.8,988.1903522256588,24.60964777434117,2.429862536961016
2026-06-23,Amazon,iPhone,iPhone 16 Pro 256GB,New,999.76,1001.35,993.2894602109434,8.060539789056634,0.8049672730869959
2026-06-24,Amazon,iPhone,iPhone 16 Pro 256GB,New,1000.46,1016.1700000000001,992.4735014428655,23.696498557134532,2.3319423479471477
2026-06-28,Amazon,iPhone,iPhone 16 Pro 256GB,New,1004.57,1001.36,993.5646663258926,7.795333674107383,0.7784746418977573
2026-06-30,Amazon,iPhone,iPhone 16 Pro 256GB,New,981.52,995.88,978.4883232513852,17.391676748614827,1.7463626891407427
2026-01-06,Amazon,iPhone,iPhone 16 Pro 256GB,Renewed/Refurbished,855.06,853.4,767.4089984318022,85.99100156819782,10.076283286641413
2026-01-07,Amazon,iPhone,iPhone 16 Pro 256GB,Renewed/Refurbished,754.57,818.4,762.2927685171336,56.10723148286638,6.855722321953371
2026-01-12,Amazon,iPhone,iPhone 16 Pro 256GB,Renewed/Refurbished,782.61,726.59,764.1470228530069,37.557022853006856,5.168942987517975
2026-01-19,Amazon,iPhone,iPhone 16 Pro 256GB,Renewed/Refurbished,755.09,834.06,759.9202218595539,74.13977814044608,8.889022149539134
2026-02-08,Amazon,iPhone,iPhone 16 Pro 256GB,Renewed/Refurbished,784.56,732.28,775.1948359061228,42.91483590612279,5.8604408021689505
2026-02-11,Amazon,iPhone,iPhone 16 Pro 256GB,Renewed/Refurbished,726.59,811.4,771.5358630170977,39.86413698290232,4.9130067763005085
2026-02-14,Amazon,iPhone,iPhone 16 Pro 256GB,Renewed/Refurbished,735.06,721.51,775.2453927121301,53.73539271213008,7.447629653383886
2026-03-10,Amazon,iPhone,iPhone 16 Pro 256GB,Renewed/Refurbished,732.28,800.24,757.7553124340676,42.484687565932404,5.30899324776722
2026-03-13,Amazon,iPhone,iPhone 16 Pro 256GB,Renewed/Refurbished,811.4,788.6,771.7920761778042,16.80792382219579,2.1313623918584566
2026-03-29,Amazon,iPhone,iPhone 16 Pro 256GB,Renewed/Refurbished,705.02,787.87,738.412242485083,49.457757514917034,6.277400778671232
2026-04-02,Amazon,iPhone,iPhone 16 Pro 256GB,Renewed/Refurbished,798.91,767.71,769.4579357938346,1.7479357938345856,0.22768178007770973
2026-04-09,Amazon,iPhone,iPhone 16 Pro 256GB,Renewed/Refurbished,800.24,784.87,779.5274746582413,5.342525341758687,0.6806892022575315
2026-04-10,Amazon,iPhone,iPhone 16 Pro 256GB,Renewed/Refurbished,767.67,773.28,765.1470008861264,8.132999113873552,1.0517534546184502
2026-04-18,Amazon,iPhone,iPhone 16 Pro 256GB,Renewed/Refurbished,798.28,800.98,782.3864390012552,18.593560998744806,2.3213514692932162
2026-04-24,Amazon,iPhone,iPhone 16 Pro 256GB,Renewed/Refurbished,703.24,780.71,751.5438322516625,29.166167748337557,3.735851692477047
2026-04-26,Amazon,iPhone,iPhone 16 Pro 256GB,Renewed/Refurbished,746.15,762.615,766.5130039976121,3.898003997612136,0.5111365495842772
2026-04-28,Amazon,iPhone,iPhone 16 Pro 256GB,Renewed/Refurbished,787.87,781.96,770.5055164878908,11.454483512109277,1.4648426405582482
2026-05-02,Amazon,iPhone,iPhone 16 Pro 256GB,Renewed/Refurbished,767.71,794.23,766.5139675525871,27.716032447412886,3.4896733247815983
2026-05-13,Amazon,iPhone,iPhone 16 Pro 256GB,Renewed/Refurbished,761.16,762.865,769.486332522611,6.621332522610942,0.8679559977992098
2026-05-14,Amazon,iPhone,iPhone 16 Pro 256GB,Renewed/Refurbished,723.3,727.76,769.719298817171,41.959298817170975,5.765540675108687
2026-05-15,Amazon,iPhone,iPhone 16 Pro 256GB,Renewed/Refurbished,808.93,734.985,771.0487679156911,36.06376791569107,4.906735228023847
2026-05-18,Amazon,iPhone,iPhone 16 Pro 256GB,Renewed/Refurbished,800.98,732.29,779.4638652965655,47.17386529656551,6.4419649724242465
2026-05-21,Amazon,iPhone,iPhone 16 Pro 256GB,Renewed/Refurbished,807.59,716.04,768.1845042912236,52.1445042912236,7.28234516105575
2026-05-25,Amazon,iPhone,iPhone 16 Pro 256GB,Renewed/Refurbished,729.75,795.665,767.3426286586492,28.32237134135073,3.5595849184456694
2026-05-26,Amazon,iPhone,iPhone 16 Pro 256GB,Renewed/Refurbished,762.615,784.69,762.9998945513832,21.690105448616805,2.764162337817075
2026-06-12,Amazon,iPhone,iPhone 16 Pro 256GB,Renewed/Refurbished,762.865,647.04,716.8441824036518,69.8041824036518,10.788232938249845
2026-06-13,Amazon,iPhone,iPhone 16 Pro 256GB,Renewed/Refurbished,727.76,606.45,729.1479740359781,122.69797403597806,20.232166548928692
2026-06-14,Amazon,iPhone,iPhone 16 Pro 256GB,Renewed/Refurbished,734.985,638.29,708.1987681852346,69.90876818523463,10.95250876329484
2026-06-16,Amazon,iPhone,iPhone 16 Pro 256GB,Renewed/Refurbished,774.88,599.385,765.2176199330146,165.8326199330146,27.667128795851514
2026-06-17,Amazon,iPhone,iPhone 16 Pro 256GB,Renewed/Refurbished,732.29,578.47,766.4578750010969,187.98787500109688,32.49742856173991
2026-06-24,Amazon,iPhone,iPhone 16 Pro 256GB,Renewed/Refurbished,795.665,718.77,758.9455162457324,40.17551624573241,5.589481509485984
2026-01-02,Amazon,iPhone,iPhone 17 128GB,New,839.27,839.72,848.9891049829397,9.269104982939666,1.1038328231957872
2026-01-05,Amazon,iPhone,iPhone 17 128GB,New,848.595,860.27,840.6163038626175,19.65369613738244,2.284596247385407
2026-01-06,Amazon,iPhone,iPhone 17 128GB,New,857.15,857.06,837.7825354828852,19.27746451711471,2.249254954975697
2026-01-07,Amazon,iPhone,iPhone 17 128GB,New,845.97,833.045,842.1398533359798,9.094853335979792,1.091760149329243
2026-01-08,Amazon,iPhone,iPhone 17 128GB,New,845.81,857.72,842.6941808067738,15.025819193226198,1.7518326718773256
2026-01-09,Amazon,iPhone,iPhone 17 128GB,New,845.47,841.22,848.745423764258,7.525423764257994,0.8945845039654303
2026-01-10,Amazon,iPhone,iPhone 17 128GB,New,838.5250000000001,853.59,841.270821457154,12.319178542845975,1.4432196420817927
2026-01-11,Amazon,iPhone,iPhone 17 128GB,New,847.15,854.98,849.311484412902,5.668515587098,0.6629997879597183
2026-01-12,Amazon,iPhone,iPhone 17 128GB,New,854.53,841.175,839.9075549762323,1.2674450237676638,0.15067554596459284
2026-01-13,Amazon,iPhone,iPhone 17 128GB,New,847.35,856.05,837.8327468807748,18.21725311922512,2.1280594730710964
2026-01-14,Amazon,iPhone,iPhone 17 128GB,New,851.755,846.085,834.9270429435812,11.157957056418809,1.318774952447899
2026-01-15,Amazon,iPhone,iPhone 17 128GB,New,851.11,858.755,839.6175319948285,19.137468005171513,2.2285131388081014
2026-01-17,Amazon,iPhone,iPhone 17 128GB,New,855.44,859.18,838.7395181067118,20.440481893288165,2.379068634429126
2026-01-18,Amazon,iPhone,iPhone 17 128GB,New,848.015,848.43,837.1142170109008,11.315782989099148,1.3337320685382588
2026-01-19,Amazon,iPhone,iPhone 17 128GB,New,852.6400000000001,851.745,838.6210766546292,13.123923345370827,1.5408277530682102
2026-01-20,Amazon,iPhone,iPhone 17 128GB,New,852.3299999999999,854.81,840.5261106332596,14.283889366740368,1.6710016689954925
2026-01-21,Amazon,iPhone,iPhone 17 128GB,New,857.09,852.3,838.1087269698565,14.191273030143407,1.6650560870753734
2026-01-22,Amazon,iPhone,iPhone 17 128GB,New,836.345,847.695,849.5163535174321,1.821353517432044,0.2148595329018154
2026-01-23,Amazon,iPhone,iPhone 17 128GB,New,862.35,837.88,843.2336226962279,5.353622696227944,0.6389486198773028
2026-01-24,Amazon,iPhone,iPhone 17 128GB,New,851.585,840.3,839.1122952399775,1.1877047600224842,0.14134294418927576
2026-01-25,Amazon,iPhone,iPhone 17 128GB,New,846.45,862.85,848.2196817937634,14.630318206236666,1.6955807157949432
2026-01-26,Amazon,iPhone,iPhone 17 128GB,New,858.06,850.7850000000001,841.1847130274406,9.600286972559502,1.1284034124437432
2026-01-27,Amazon,iPhone,iPhone 17 128GB,New,843.11,864.61,842.6385040013861,21.971495998613932,2.541203085624031
2026-01-28,Amazon,iPhone,iPhone 17 128GB,New,844.385,847.6,841.1140311659967,6.485968834003302,0.765215766163674
2026-01-29,Amazon,iPhone,iPhone 17 128GB,New,850.36,849.4749999999999,843.3646038377782,6.110396162221718,0.7193144191673351
2026-01-30,Amazon,iPhone,iPhone 17 128GB,New,847.7049999999999,862.6,839.5211372081775,23.07886279182253,2.6754999758662796
2026-01-31,Amazon,iPhone,iPhone 17 128GB,New,846.92,839.04,845.4963175150015,6.456317515001501,0.7694886435690196
2026-02-01,Amazon,iPhone,iPhone 17 128GB,New,839.72,851.1,843.9411846147912,7.158815385208868,0.8411250599469943
2026-02-04,Amazon,iPhone,iPhone 17 128GB,New,860.27,849.98,838.7587541602095,11.221245839790527,1.3201776323902359
2026-02-05,Amazon,iPhone,iPhone 17 128GB,New,857.06,861.57,836.4321888306446,25.137811169355473,2.91767484584601
2026-02-06,Amazon,iPhone,iPhone 17 128GB,New,833.045,842.7249999999999,842.7588499521909,0.03384995219096254,0.004016725763560182
2026-02-07,Amazon,iPhone,iPhone 17 128GB,New,857.72,849.58,847.4116247322701,2.168375267729971,0.255229085869485
2026-02-08,Amazon,iPhone,iPhone 17 128GB,New,841.22,859.77,846.9906796767366,12.779320323263391,1.4863649956690035
2026-02-09,Amazon,iPhone,iPhone 17 128GB,New,853.59,852.3199999999999,837.8609186909736,14.459081309026374,1.696438111158529
2026-02-10,Amazon,iPhone,iPhone 17 128GB,New,854.98,844.63,836.0343938241115,8.59560617588852,1.0176771102007411
2026-02-11,Amazon,iPhone,iPhone 17 128GB,New,841.175,838.24,840.3870034221821,2.147003422182138,0.2561323036579187
2026-02-12,Amazon,iPhone,iPhone 17 128GB,New,856.05,838.85,840.5502304841981,1.700230484198073,0.20268587759409584
2026-02-13,Amazon,iPhone,iPhone 17 128GB,New,846.085,842.63,835.9138113263399,6.716188673660099,0.7970507427530588
2026-02-14,Amazon,iPhone,iPhone 17 128GB,New,858.755,847.62,834.3818360426868,13.23816395731319,1.5618041052963816
2026-02-16,Amazon,iPhone,iPhone 17 128GB,New,859.18,850.005,835.3574193379243,14.647580662075711,1.7232346470992186
2026-02-17,Amazon,iPhone,iPhone 17 128GB,New,848.43,844.825,837.3888637461267,7.436136253873315,0.8801984143311709
2026-02-18,Amazon,iPhone,iPhone 17 128GB,New,851.745,853.88,837.1906391614382,16.68936083856181,1.9545323509816148
2026-02-19,Amazon,iPhone,iPhone 17 128GB,New,854.81,846.38,846.6408638405106,0.2608638405106376,0.030821125323216236
2026-02-20,Amazon,iPhone,iPhone 17 128GB,New,852.3,845.6,837.5339158266745,8.066084173325521,0.9538888568265753
2026-02-21,Amazon,iPhone,iPhone 17 128GB,New,847.695,849.5550000000001,841.955047118617,7.599952881383047,0.8945804428651524
2026-02-22,Amazon,iPhone,iPhone 17 128GB,New,837.88,856.705,844.5429397696136,12.162060230386487,1.4196322223386681
2026-02-23,Amazon,iPhone,iPhone 17 128GB,New,840.3,846.84,841.0125734784316,5.827426521568441,0.6881378444060792
2026-02-24,Amazon,iPhone,iPhone 17 128GB,New,862.85,849.73,841.0883144118607,8.641685588139353,1.0169919372199818
2026-02-25,Amazon,iPhone,iPhone 17 128GB,New,850.7850000000001,837.9649999999999,839.77678821049,1.8117882104901355,0.2162128741045432
2026-02-26,Amazon,iPhone,iPhone 17 128GB,New,864.61,857.99,842.9872494439849,15.002750556015144,1.7485927057442563
2026-02-27,Amazon,iPhone,iPhone 17 128GB,New,847.6,854.87,841.5446795802868,13.325320419713194,1.5587540116875307
2026-02-28,Amazon,iPhone,iPhone 17 128GB,New,849.4749999999999,846.44,840.2613538763206,6.178646123679414,0.7299567746892176
2026-03-01,Amazon,iPhone,iPhone 17 128GB,New,862.6,854.115,838.2180798243274,15.896920175672562,1.861215430670643
2026-03-02,Amazon,iPhone,iPhone 17 128GB,New,839.04,854.2950000000001,853.3303098903958,0.9646901096042484,0.11292236400824637
2026-03-04,Amazon,iPhone,iPhone 17 128GB,New,843.2049999999999,847.44,846.2947870445846,1.1452129554154453,0.1351379396081664
2026-03-05,Amazon,iPhone,iPhone 17 128GB,New,835.59,841.49,846.0501544492973,4.560154449297329,0.5419142769726709
2026-03-06,Amazon,iPhone,iPhone 17 128GB,New,849.98,857.82,844.203806636188,13.616193363812044,1.5873019239248376
2026-03-07,Amazon,iPhone,iPhone 17 128GB,New,861.57,843.3499999999999,841.2007544475043,2.149245552495586,0.2548462147976031
2026-03-08,Amazon,iPhone,iPhone 17 128GB,New,842.7249999999999,848.86,842.4351888354919,6.424811164508128,0.7568752402643696
2026-03-09,Amazon,iPhone,iPhone 17 128GB,New,849.58,839.72,841.4512249012031,1.7312249012030634,0.20616692483245166
2026-03-10,Amazon,iPhone,iPhone 17 128GB,New,859.77,861.0450000000001,851.4137553614504,9.631244638549674,1.1185529953196027
2026-03-11,Amazon,iPhone,iPhone 17 128GB,New,852.3199999999999,857.885,837.4312598240084,20.453740175991584,2.384205362722461
2026-03-12,Amazon,iPhone,iPhone 17 128GB,New,844.63,846.9200000000001,849.7806893666203,2.8606893666202495,0.33777563012093814
2026-03-13,Amazon,iPhone,iPhone 17 128GB,New,838.24,858.815,841.8285910642811,16.98640893571894,1.9778891770310183
2026-03-14,Amazon,iPhone,iPhone 17 128GB,New,838.85,835.04,845.1987653974353,10.158765397435332,1.2165603321320333
2026-03-15,Amazon,iPhone,iPhone 17 128GB,New,842.63,850.145,850.0983875356789,0.046612464321128755,0.005482884016388823
2026-03-16,Amazon,iPhone,iPhone 17 128GB,New,847.62,844.2,839.4489821111307,4.751017888869342,0.5627834504701897
2026-03-17,Amazon,iPhone,iPhone 17 128GB,New,853.75,850.7,837.121768408533,13.578231591467102,1.5961245552447514
2026-03-18,Amazon,iPhone,iPhone 17 128GB,New,850.005,848.07,831.7225522841375,16.347447715862586,1.927605942417794
2026-03-19,Amazon,iPhone,iPhone 17 128GB,New,844.825,850.515,842.458129086573,8.05687091342702,0.9472932180416594
2026-03-20,Amazon,iPhone,iPhone 17 128GB,New,853.88,850.15,839.1577351771219,10.992264822878042,1.2929794533762327
2026-03-21,Amazon,iPhone,iPhone 17 128GB,New,846.38,855.2049999999999,839.461876020704,15.743123979295888,1.8408596744986159
2026-03-22,Amazon,iPhone,iPhone 17 128GB,New,845.6,848.735,843.9477734133797,4.787226586620363,0.5640425558767299
2026-03-23,Amazon,iPhone,iPhone 17 128GB,New,849.5550000000001,838.62,840.9749592072326,2.3549592072325822,0.2808136232420622
2026-03-24,Amazon,iPhone,iPhone 17 128GB,New,856.705,848.93,848.4369204153401,0.4930795846598812,0.05808247849173445
2026-03-25,Amazon,iPhone,iPhone 17 128GB,New,846.84,844.22,840.9975802776235,3.2224197223765714,0.38170378839361435
2026-03-26,Amazon,iPhone,iPhone 17 128GB,New,849.73,850.16,836.1246651008719,14.035334899128088,1.6509051118763631
2026-03-27,Amazon,iPhone,iPhone 17 128GB,New,837.9649999999999,844.74,843.150993445086,1.5890065549140218,0.1881059917742763
2026-03-28,Amazon,iPhone,iPhone 17 128GB,New,857.99,842.48,840.086739986677,2.3932600133230153,0.2840732140018772
2026-03-29,Amazon,iPhone,iPhone 17 128GB,New,854.87,863.3,841.2379795922952,22.062020407704722,2.5555450489638276
2026-03-30,Amazon,iPhone,iPhone 17 128GB,New,846.44,846.075,838.6631879009536,7.411812099046415,0.876023059308739
2026-03-31,Amazon,iPhone,iPhone 17 128GB,New,854.115,849.46,839.9090284239893,9.550971576010738,1.1243580128564898
2026-04-01,Amazon,iPhone,iPhone 17 128GB,New,854.2950000000001,850.76,836.8628613911221,13.897138608877867,1.6334969449524974
2026-04-03,Amazon,iPhone,iPhone 17 128GB,New,847.44,854.92,841.1395719495372,13.780428050462774,1.611896791566787
2026-04-04,Amazon,iPhone,iPhone 17 128GB,New,841.49,847.96,844.1505080967074,3.80949190329261,0.44925372697917465
2026-04-05,Amazon,iPhone,iPhone 17 128GB,New,857.82,839.3,839.2328630780743,0.06713692192568033,0.007999156669329242
2026-04-06,Amazon,iPhone,iPhone 17 128GB,New,843.3499999999999,834.14,841.032008654208,6.892008654207984,0.8262412369875541
2026-04-07,Amazon,iPhone,iPhone 17 128GB,New,848.86,851.915,840.619434084494,11.295565915506018,1.3259029264076838
2026-04-08,Amazon,iPhone,iPhone 17 128GB,New,839.72,838.12,839.920219884397,1.8002198843970518,0.21479261733368155
2026-04-09,Amazon,iPhone,iPhone 17 128GB,New,861.0450000000001,855.895,836.3397084064788,19.555291593521133,2.284776940339777
2026-04-10,Amazon,iPhone,iPhone 17 128GB,New,857.885,844.335,843.1747089936254,1.1602910063746776,0.13742069277889435
2026-04-12,Amazon,iPhone,iPhone 17 128GB,New,858.815,852.715,846.3518410776911,6.363158922308912,0.7462234066844036
2026-04-13,Amazon,iPhone,iPhone 17 128GB,New,835.04,850.95,853.4731369618964,2.523136961896398,0.2965082510013982
2026-04-15,Amazon,iPhone,iPhone 17 128GB,New,844.2,842.62,840.5946942338846,2.025305766115366,0.24035814081262802
2026-04-17,Amazon,iPhone,iPhone 17 128GB,New,848.07,853.665,843.6738299767958,9.991170023204177,1.1703853412291914
2026-04-18,Amazon,iPhone,iPhone 17 128GB,New,850.515,849.27,839.3753993468154,9.894600653184625,1.1650712556883707
2026-04-19,Amazon,iPhone,iPhone 17 128GB,New,850.15,853.18,833.1492508439585,20.030749156041452,2.3477752825946987
2026-04-20,Amazon,iPhone,iPhone 17 128GB,New,855.2049999999999,838.15,837.5907600250075,0.5592399749924652,0.06672313726570009
2026-04-21,Amazon,iPhone,iPhone 17 128GB,New,848.735,842.8,841.2163974582924,1.5836025417075916,0.1878977861541993
2026-04-22,Amazon,iPhone,iPhone 17 128GB,New,838.62,850.99,840.4172396538663,10.572760346133691,1.2424071194883244
2026-04-23,Amazon,iPhone,iPhone 17 128GB,New,848.93,842.7,850.7311820775747,8.031182077574613,0.9530297944196763
2026-04-24,Amazon,iPhone,iPhone 17 128GB,New,844.22,847.99,841.1260071680942,6.863992831905762,0.8094426622844328
2026-04-25,Amazon,iPhone,iPhone 17 128GB,New,850.16,848.195,847.740517347518,0.45448265248205644,0.053582331006673756
2026-04-26,Amazon,iPhone,iPhone 17 128GB,New,844.74,850.53,851.1031104810376,0.5731104810375882,0.06738274735019203
2026-04-27,Amazon,iPhone,iPhone 17 128GB,New,842.48,837.32,835.6071914966864,1.7128085033136813,0.20455841295008853
2026-04-28,Amazon,iPhone,iPhone 17 128GB,New,863.3,841.52,834.5339208544926,6.986079145507347,0.8301738693682084
2026-04-29,Amazon,iPhone,iPhone 17 128GB,New,846.075,857.815,836.6919570109893,21.12304298901074,2.4624240645139968
2026-04-30,Amazon,iPhone,iPhone 17 128GB,New,849.46,856.62,837.7108631392597,18.90913686074032,2.20741248870448
2026-05-01,Amazon,iPhone,iPhone 17 128GB,New,850.76,840.12,838.3520303976571,1.7679696023428733,0.21044250849198606
2026-05-02,Amazon,iPhone,iPhone 17 128GB,New,841.87,842.895,842.3511907713245,0.5438092286755136,0.0645168412050746
2026-05-03,Amazon,iPhone,iPhone 17 128GB,New,854.92,837.1,840.6964364364213,3.5964364364212997,0.429630442769239
2026-05-04,Amazon,iPhone,iPhone 17 128GB,New,847.96,839.37,837.3332885117222,2.036711488277774,0.24264763909572348
2026-05-05,Amazon,iPhone,iPhone 17 128GB,New,839.3,846.73,841.8680425362512,4.8619574637488086,0.5742039922701225
2026-05-06,Amazon,iPhone,iPhone 17 128GB,New,834.14,852.835,841.1096638988984,11.725336101101675,1.3748657244486535
2026-05-07,Amazon,iPhone,iPhone 17 128GB,New,851.915,852.775,839.9968031389319,12.778196861068068,1.498425359686678
2026-05-08,Amazon,iPhone,iPhone 17 128GB,New,838.12,839.8499999999999,843.5464344302175,3.6964344302175505,0.44013031258171703
2026-05-09,Amazon,iPhone,iPhone 17 128GB,New,855.895,859.1,835.0931969230492,24.00680307695086,2.7944131156967593
2026-05-10,Amazon,iPhone,iPhone 17 128GB,New,844.335,856.57,839.078776940605,17.491223059394997,2.0420074318964003
2026-05-12,Amazon,iPhone,iPhone 17 128GB,New,852.715,848.64,837.1466119195684,11.4933880804316,1.3543302319513104
2026-05-13,Amazon,iPhone,iPhone 17 128GB,New,850.95,843.38,847.9956957351716,4.615695735171585,0.5472854152542844
2026-05-15,Amazon,iPhone,iPhone 17 128GB,New,842.62,834.83,843.6183589871175,8.788358987117476,1.0527124069711769
2026-05-17,Amazon,iPhone,iPhone 17 128GB,New,853.665,842.77,841.0152302953434,1.75476970465661,0.20821454307303416
2026-05-18,Amazon,iPhone,iPhone 17 128GB,New,849.27,853.29,838.2178193812503,15.072180618749712,1.766360864272371
2026-05-19,Amazon,iPhone,iPhone 17 128GB,New,853.18,854.97,837.1900828561993,17.77991714380073,2.079595441220245
2026-05-20,Amazon,iPhone,iPhone 17 128GB,New,838.15,855.55,842.6971181871909,12.852881812809073,1.5022946423714656
2026-05-21,Amazon,iPhone,iPhone 17 128GB,New,842.8,841.095,842.9412292098323,1.846229209832245,0.21950305373735962
2026-05-22,Amazon,iPhone,iPhone 17 128GB,New,850.99,854.42,839.062674525844,15.357325474155914,1.797397705362224
2026-05-23,Amazon,iPhone,iPhone 17 128GB,New,842.7,845.5550000000001,846.119186783354,0.5641867833539891,0.06672384213374519
2026-05-24,Amazon,iPhone,iPhone 17 128GB,New,847.99,842.89,841.702731059841,1.187268940159015,0.14085692559634294
2026-05-25,Amazon,iPhone,iPhone 17 128GB,New,848.195,849.43,840.4999955956423,8.930004404357646,1.051293738666829
2026-05-26,Amazon,iPhone,iPhone 17 128GB,New,850.53,845.925,832.1296074407973,13.795392559202696,1.630805633974962
2026-05-27,Amazon,iPhone,iPhone 17 128GB,New,837.32,850.44,838.2173715591122,12.222628440887888,1.4372123184337389
2026-05-28,Amazon,iPhone,iPhone 17 128GB,New,841.52,853.35,843.5971483495782,9.752851650421803,1.1428899807138693
2026-05-29,Amazon,iPhone,iPhone 17 128GB,New,857.815,851.7650000000001,837.3647315493822,14.400268450617887,1.6906386680149907
2026-05-30,Amazon,iPhone,iPhone 17 128GB,New,856.62,841.845,835.2497504505197,6.595249549480286,0.7834280122208109
2026-05-31,Amazon,iPhone,iPhone 17 128GB,New,840.12,840.785,841.7800710435778,0.9950710435778092,0.11835023740644864
2026-06-01,Amazon,iPhone,iPhone 17 128GB,New,842.895,860.63,847.5552598076081,13.074740192391914,1.519205720506131
2026-06-02,Amazon,iPhone,iPhone 17 128GB,New,837.1,855.16,844.4600865337368,10.699913466263183,1.2512177213928601
2026-06-03,Amazon,iPhone,iPhone 17 128GB,New,839.37,857.27,844.1741266283606,13.095873371639414,1.52762529560575
2026-06-04,Amazon,iPhone,iPhone 17 128GB,New,846.73,858.72,841.9223541718254,16.79764582817461,1.956126074643028
2026-06-05,Amazon,iPhone,iPhone 17 128GB,New,852.835,839.865,842.0262015281071,2.1612015281070853,0.25732725236878373
2026-06-06,Amazon,iPhone,iPhone 17 128GB,New,852.775,846.95,838.0723686469609,8.877631353039192,1.0481883644889536
2026-06-07,Amazon,iPhone,iPhone 17 128GB,New,839.8499999999999,858.8,837.8641495912269,20.935850408773035,2.437802795618658
2026-06-08,Amazon,iPhone,iPhone 17 128GB,New,859.1,848.14,824.9674156028155,23.172584397184437,2.7321650195939866
2026-06-09,Amazon,iPhone,iPhone 17 128GB,New,856.57,851.595,800.510625395869,51.08437460413097,5.998670096011716
2026-06-10,Amazon,iPhone,iPhone 17 128GB,New,856.55,763.62,796.0425892355167,32.42258923551674,4.245906240737113
2026-06-11,Amazon,iPhone,iPhone 17 128GB,New,848.64,767.73,811.7743316017607,44.04433160176063,5.7369559092077465
2026-06-12,Amazon,iPhone,iPhone 17 128GB,New,843.38,725.485,811.7478354284021,86.26283542840213,11.890367881955124
2026-06-13,Amazon,iPhone,iPhone 17 128GB,New,851.4449999999999,780.61,804.9958346414147,24.385834641414704,3.1239459706402304
2026-06-14,Amazon,iPhone,iPhone 17 128GB,New,834.83,765.825,812.5936590191765,46.768659019176425,6.10696425673965
2026-06-15,Amazon,iPhone,iPhone 17 128GB,New,846.62,754.12,840.3332884143758,86.21328841437582,11.432303667105478
2026-06-16,Amazon,iPhone,iPhone 17 128GB,New,842.77,742.4649999999999,842.6700802803102,100.20508028031031,13.496269895592427
2026-06-17,Amazon,iPhone,iPhone 17 128GB,New,853.29,758.11,837.6017354381804,79.4917354381804,10.485514692878395
2026-06-18,Amazon,iPhone,iPhone 17 128GB,New,854.97,753.275,838.8628324611004,85.58783246110045,11.36209650673399
2026-06-19,Amazon,iPhone,iPhone 17 128GB,New,855.55,852.71,838.4869646893561,14.223035310643922,1.6679803579932124
2026-06-20,Amazon,iPhone,iPhone 17 128GB,New,841.095,846.87,840.8014641919428,6.068535808057163,0.716584104768992
2026-06-21,Amazon,iPhone,iPhone 17 128GB,New,854.42,848.74,831.1562142594285,17.583785740571557,2.071751742650465
2026-06-22,Amazon,iPhone,iPhone 17 128GB,New,845.5550000000001,855.62,847.3689247166833,8.251075283316709,0.9643387582474356
2026-06-23,Amazon,iPhone,iPhone 17 128GB,New,842.89,850.51,840.8687321467853,9.641267853214686,1.1335866542679904
2026-06-24,Amazon,iPhone,iPhone 17 128GB,New,849.43,846.0799999999999,839.2403804379908,6.839619562009148,0.8083892258426092
2026-06-25,Amazon,iPhone,iPhone 17 128GB,New,845.925,858.9,840.5257635245245,18.374236475475527,2.1392754075533276
2026-06-27,Amazon,iPhone,iPhone 17 128GB,New,853.35,850.5,841.3711976340867,9.128802365913316,1.0733453693019772
2026-06-28,Amazon,iPhone,iPhone 17 128GB,New,851.7650000000001,850.53,840.0989219747562,10.431078025243778,1.2264209405010733
2026-06-29,Amazon,iPhone,iPhone 17 128GB,New,841.845,846.79,826.054467817328,20.735532182671932,2.4487219006686347
2026-06-30,Amazon,iPhone,iPhone 17 128GB,New,840.785,843.835,840.3770147851136,3.4579852148864347,0.4097940017759911
2026-07-01,Amazon,iPhone,iPhone 17 128GB,New,860.63,844.12,837.3257781455271,6.79422185447288,0.8048881503190162
2026-01-07,Amazon,iPhone,iPhone 17 128GB,Renewed/Refurbished,692.03,713.49,683.921339399446,29.56866060055404,4.1442291553566335
2026-01-10,Amazon,iPhone,iPhone 17 128GB,Renewed/Refurbished,655.96,656.21,657.356166281453,1.14616628145302,0.1746645557752884
2026-01-11,Amazon,iPhone,iPhone 17 128GB,Renewed/Refurbished,631.5899999999999,664.72,659.2641885759933,5.455811424006697,0.8207683572040403
2026-01-14,Amazon,iPhone,iPhone 17 128GB,Renewed/Refurbished,619.39,666.92,652.2568354263831,14.663164573616882,2.198639203145337
2026-01-15,Amazon,iPhone,iPhone 17 128GB,Renewed/Refurbished,615.13,585.75,669.6008459901495,83.85084599014954,14.315125222390018
2026-01-18,Amazon,iPhone,iPhone 17 128GB,Renewed/Refurbished,608.31,712.25,654.4337256922615,57.81627430773847,8.117413030219511
2026-01-19,Amazon,iPhone,iPhone 17 128GB,Renewed/Refurbished,718.16,611.12,684.5016481230934,73.38164812309344,12.007731398594947
2026-01-21,Amazon,iPhone,iPhone 17 128GB,Renewed/Refurbished,658.85,693.01,677.4038664392367,15.606133560763283,2.2519348293333836
2026-01-22,Amazon,iPhone,iPhone 17 128GB,Renewed/Refurbished,694.32,700.98,655.5832872002943,45.39671279970571,6.4761780364212544
2026-01-24,Amazon,iPhone,iPhone 17 128GB,Renewed/Refurbished,691.9100000000001,628.44,664.7311179457402,36.2911179457401,5.774794402924718
2026-01-25,Amazon,iPhone,iPhone 17 128GB,Renewed/Refurbished,673.14,629.86,699.0482435299708,69.1882435299708,10.984701922644842
2026-01-26,Amazon,iPhone,iPhone 17 128GB,Renewed/Refurbished,594.14,715.99,647.971780155803,68.018219844197,9.49988405483275
2026-02-01,Amazon,iPhone,iPhone 17 128GB,Renewed/Refurbished,647.12,676.465,639.7205566274645,36.74444337253556,5.431832152814344
2026-02-06,Amazon,iPhone,iPhone 17 128GB,Renewed/Refurbished,713.49,697.25,691.6908359859417,5.559164014058297,0.7972985319552953
2026-02-10,Amazon,iPhone,iPhone 17 128GB,Renewed/Refurbished,664.72,586.95,661.7335278012665,74.78352780126647,12.741038896203506
2026-02-13,Amazon,iPhone,iPhone 17 128GB,Renewed/Refurbished,666.92,635.86,658.8964744843306,23.036474484330597,3.622884673407762
2026-02-14,Amazon,iPhone,iPhone 17 128GB,Renewed/Refurbished,585.75,693.9649999999999,656.6770928070159,37.287907192983994,5.373168271164108
2026-02-18,Amazon,iPhone,iPhone 17 128GB,Renewed/Refurbished,611.12,700.68,678.8452733126059,21.834726687394095,3.116219484985171
2026-02-19,Amazon,iPhone,iPhone 17 128GB,Renewed/Refurbished,620.89,642.97,658.1230349792061,15.15303497920604,2.3567250383697593
2026-02-23,Amazon,iPhone,iPhone 17 128GB,Renewed/Refurbished,628.44,646.19,659.9735223757377,13.783522375737675,2.1330448282606778
2026-02-24,Amazon,iPhone,iPhone 17 128GB,Renewed/Refurbished,629.86,585.69,650.6776259903526,64.98762599035251,11.095908414067598
2026-02-26,Amazon,iPhone,iPhone 17 128GB,Renewed/Refurbished,646.7750000000001,660.15,672.6235446466028,12.473544646602818,1.889501574884923
2026-03-07,Amazon,iPhone,iPhone 17 128GB,Renewed/Refurbished,607.77,691.46,665.0455371298431,26.414462870156967,3.8200999146960006
2026-03-08,Amazon,iPhone,iPhone 17 128GB,Renewed/Refurbished,697.25,608.51,653.8567719487193,45.346771948719265,7.452099710558457
2026-03-12,Amazon,iPhone,iPhone 17 128GB,Renewed/Refurbished,586.95,607.015,673.0143518592354,65.99935185923539,10.872771160389016
2026-03-13,Amazon,iPhone,iPhone 17 128GB,Renewed/Refurbished,666.775,615.99,650.5600867696832,34.570086769683144,5.612118178815102
2026-03-15,Amazon,iPhone,iPhone 17 128GB,Renewed/Refurbished,635.86,614.16,655.1756112199234,41.01561121992347,6.678326693357345
2026-03-16,Amazon,iPhone,iPhone 17 128GB,Renewed/Refurbished,693.9649999999999,661.955,651.0160489946754,10.938951005324611,1.6525218489662608
2026-03-17,Amazon,iPhone,iPhone 17 128GB,Renewed/Refurbished,670.87,713.01,666.3587492881193,46.65125071188072,6.542860648782026
2026-03-20,Amazon,iPhone,iPhone 17 128GB,Renewed/Refurbished,700.68,631.085,673.3565599601251,42.271559960125046,6.698235572090137
2026-03-21,Amazon,iPhone,iPhone 17 128GB,Renewed/Refurbished,642.97,674.775,668.3561533331426,6.418846666857348,0.9512573327194025
2026-03-24,Amazon,iPhone,iPhone 17 128GB,Renewed/Refurbished,685.97,652.38,657.8720607357699,5.492060735769883,0.8418499548989673
2026-03-25,Amazon,iPhone,iPhone 17 128GB,Renewed/Refurbished,646.19,639.84,663.9295296205769,24.089529620576855,3.764930235774077
2026-03-31,Amazon,iPhone,iPhone 17 128GB,Renewed/Refurbished,679.7,652.0,656.5490871092753,4.54908710927532,0.697712746821368
2026-04-01,Amazon,iPhone,iPhone 17 128GB,Renewed/Refurbished,710.03,675.5699999999999,661.802667253569,13.767332746430952,2.0378839715249275
2026-04-06,Amazon,iPhone,iPhone 17 128GB,Renewed/Refurbished,691.46,652.37,668.2396651443158,15.869665144315832,2.432617248542366
2026-04-07,Amazon,iPhone,iPhone 17 128GB,Renewed/Refurbished,608.51,705.5999999999999,659.471927921034,46.12807207896594,6.537425181259346
2026-04-10,Amazon,iPhone,iPhone 17 128GB,Renewed/Refurbished,661.69,611.82,679.2229412170994,67.4029412170994,11.016792719606974
2026-04-12,Amazon,iPhone,iPhone 17 128GB,Renewed/Refurbished,615.99,616.62,661.022676795242,44.40267679524197,7.200979013856504
2026-04-14,Amazon,iPhone,iPhone 17 128GB,Renewed/Refurbished,614.16,624.07,678.7634959628652,54.6934959628652,8.7640001863357
2026-04-15,Amazon,iPhone,iPhone 17 128GB,Renewed/Refurbished,661.955,629.84,649.2200242145271,19.38002421452711,3.076975773931016
2026-04-16,Amazon,iPhone,iPhone 17 128GB,Renewed/Refurbished,713.01,697.61,680.6474711037142,16.96252889628579,2.431520318843736
2026-04-20,Amazon,iPhone,iPhone 17 128GB,Renewed/Refurbished,674.775,650.14,643.4757899746877,6.664210025312286,1.0250423024752031
2026-04-21,Amazon,iPhone,iPhone 17 128GB,Renewed/Refurbished,654.13,628.05,647.2206331045447,19.170633104544777,3.052405557606047
2026-04-23,Amazon,iPhone,iPhone 17 128GB,Renewed/Refurbished,652.38,723.89,658.9781980233216,64.91180197667836,8.967080906861312
2026-04-30,Amazon,iPhone,iPhone 17 128GB,Renewed/Refurbished,652.0,627.38,656.8094432788082,29.429443278808208,4.690848174759828
2026-05-01,Amazon,iPhone,iPhone 17 128GB,Renewed/Refurbished,675.5699999999999,699.535,657.1924074144705,42.342592585529474,6.052962694579897
2026-05-05,Amazon,iPhone,iPhone 17 128GB,Renewed/Refurbished,662.44,671.22,657.3333018597771,13.886698140222961,2.068874309499562
2026-05-06,Amazon,iPhone,iPhone 17 128GB,Renewed/Refurbished,652.37,666.76,655.5700462760522,11.189953723947838,1.6782581024578316
2026-05-07,Amazon,iPhone,iPhone 17 128GB,Renewed/Refurbished,705.5999999999999,686.59,662.9615237294204,23.628476270579654,3.4414244702922634
2026-05-08,Amazon,iPhone,iPhone 17 128GB,Renewed/Refurbished,631.67,587.78,670.4969041827642,82.71690418276421,14.072766031978666
2026-05-10,Amazon,iPhone,iPhone 17 128GB,Renewed/Refurbished,611.82,667.41,664.2378672635778,3.1721327364222134,0.4752899621555286
2026-05-12,Amazon,iPhone,iPhone 17 128GB,Renewed/Refurbished,616.62,631.57,649.0063558823907,17.43635588239067,2.7607954593141963
2026-05-15,Amazon,iPhone,iPhone 17 128GB,Renewed/Refurbished,629.84,588.07,662.1058163602304,74.03581636023034,12.58962646627618
2026-05-21,Amazon,iPhone,iPhone 17 128GB,Renewed/Refurbished,628.05,642.1700000000001,646.8216905857537,4.651690585753613,0.7243705850092051
2026-05-22,Amazon,iPhone,iPhone 17 128GB,Renewed/Refurbished,628.87,659.04,653.1017336427406,5.938266357259408,0.9010479420459165
2026-05-23,Amazon,iPhone,iPhone 17 128GB,Renewed/Refurbished,723.89,634.1,685.9833764660442,51.88337646604418,8.182207296332468
2026-05-25,Amazon,iPhone,iPhone 17 128GB,Renewed/Refurbished,677.01,703.61,669.9959314649938,33.614068535006254,4.777372199799072
2026-05-29,Amazon,iPhone,iPhone 17 128GB,Renewed/Refurbished,625.04,617.0350000000001,661.9044912918608,44.869491291860754,7.271790302310363
2026-05-31,Amazon,iPhone,iPhone 17 128GB,Renewed/Refurbished,699.535,673.4,641.1915361935419,32.2084638064581,4.782961658220685
2026-06-01,Amazon,iPhone,iPhone 17 128GB,Renewed/Refurbished,603.49,683.065,667.3146392865071,15.75036071349291,2.3058362986674634
2026-06-02,Amazon,iPhone,iPhone 17 128GB,Renewed/Refurbished,668.885,658.515,658.9607295819633,0.4457295819632918,0.06768708107837966
2026-06-03,Amazon,iPhone,iPhone 17 128GB,Renewed/Refurbished,652.54,656.29,673.8041387174949,17.514138717494916,2.6686584768158763
2026-06-04,Amazon,iPhone,iPhone 17 128GB,Renewed/Refurbished,671.22,636.42,664.781498830463,28.361498830463006,4.456412248273626
2026-06-05,Amazon,iPhone,iPhone 17 128GB,Renewed/Refurbished,666.76,650.66,649.0724461939802,1.5875538060197414,0.2439913020655552
2026-06-06,Amazon,iPhone,iPhone 17 128GB,Renewed/Refurbished,686.59,660.85,653.5741322575446,7.275867742455375,1.1009862665439019
2026-06-07,Amazon,iPhone,iPhone 17 128GB,Renewed/Refurbished,587.78,692.61,663.8900991576307,28.71990084236927,4.146619431190608
2026-06-09,Amazon,iPhone,iPhone 17 128GB,Renewed/Refurbished,667.41,611.29,626.1329109977542,14.842910997754188,2.42812920181161
2026-06-10,Amazon,iPhone,iPhone 17 128GB,Renewed/Refurbished,670.83,561.16,621.7117382707947,60.55173827079477,10.790458740964212
2026-06-14,Amazon,iPhone,iPhone 17 128GB,Renewed/Refurbished,588.07,561.64,600.5824437423785,38.94244374237849,6.93370196965645
2026-06-17,Amazon,iPhone,iPhone 17 128GB,Renewed/Refurbished,682.72,609.395,649.9434179106556,40.548417910655644,6.653880965655387
2026-06-20,Amazon,iPhone,iPhone 17 128GB,Renewed/Refurbished,642.1700000000001,688.29,655.5223914006401,32.767608599359846,4.7607271062139285
2026-06-21,Amazon,iPhone,iPhone 17 128GB,Renewed/Refurbished,659.04,620.31,648.5758560796985,28.26585607969855,4.556730679772784
2026-06-23,Amazon,iPhone,iPhone 17 128GB,Renewed/Refurbished,664.05,646.1,649.646421928945,3.5464219289449375,0.548896754209091
2026-06-24,Amazon,iPhone,iPhone 17 128GB,Renewed/Refurbished,703.61,609.56,662.2487654591545,52.688765459154524,8.643737361236717
2026-07-01,Amazon,iPhone,iPhone 17 128GB,Renewed/Refurbished,683.065,657.3,656.8861784621542,0.4138215378457062,0.062957787592531
2026-01-14,Flipkart,Watch,Apple Watch Series 6 (44mm),New,260.0,254.98,259.6645575748058,4.684557574805837,1.8372254980021323
2026-01-23,Flipkart,Watch,Apple Watch Series 6 (44mm),New,255.28,258.48,258.3967828381817,0.08321716181831107,0.032194816549950114
2026-02-02,Flipkart,Watch,Apple Watch Series 6 (44mm),New,253.36,255.265,258.3337674454391,3.068767445439107,1.202188880355359
2026-02-13,Flipkart,Watch,Apple Watch Series 6 (44mm),New,254.98,261.5,257.4499994431257,4.050000556874295,1.5487573831259254
2026-02-16,Flipkart,Watch,Apple Watch Series 6 (44mm),New,262.18,255.51,262.7635645795553,7.253564579555302,2.8388574144085568
2026-02-22,Flipkart,Watch,Apple Watch Series 6 (44mm),New,258.48,253.94,255.45163382332743,1.5116338233274291,0.5952720419498421
2026-02-25,Flipkart,Watch,Apple Watch Series 6 (44mm),New,257.56,254.23,257.9148688067049,3.684868806704884,1.4494232807713032
2026-03-03,Flipkart,Watch,Apple Watch Series 6 (44mm),New,259.375,256.4,259.9200138952175,3.5200138952175166,1.3728603335481735
2026-03-10,Flipkart,Watch,Apple Watch Series 6 (44mm),New,253.54,257.93,261.17341746514256,3.2434174651425565,1.2574797290515087
2026-03-27,Flipkart,Watch,Apple Watch Series 6 (44mm),New,254.23,260.21,255.237015595405,4.972984404594968,1.91114269420659
2026-04-02,Flipkart,Watch,Apple Watch Series 6 (44mm),New,256.4,256.79,259.689892836681,2.8998928366809764,1.1292857341333293
2026-04-09,Flipkart,Watch,Apple Watch Series 6 (44mm),New,257.93,256.86,261.28972211501025,4.429722115010236,1.7245667348011509
2026-04-11,Flipkart,Watch,Apple Watch Series 6 (44mm),New,256.68,252.49,257.1028342969173,4.612834296917299,1.8269374220433676
2026-04-26,Flipkart,Watch,Apple Watch Series 6 (44mm),New,260.21,255.625,252.5948238670336,3.030176132966403,1.1853989762215758
2026-04-27,Flipkart,Watch,Apple Watch Series 6 (44mm),New,252.82,259.43,253.7974743263004,5.632525673699604,2.171115782176157
2026-05-09,Flipkart,Watch,Apple Watch Series 6 (44mm),New,256.86,259.36,255.90320662355663,3.456793376443386,1.33281669357009
2026-05-24,Flipkart,Watch,Apple Watch Series 6 (44mm),New,254.96,257.26,259.32926979852334,2.069269798523351,0.8043496068270819
2026-05-26,Flipkart,Watch,Apple Watch Series 6 (44mm),New,255.625,258.06,252.83721525488016,5.222784745119839,2.023864506362799
2026-06-06,Flipkart,Watch,Apple Watch Series 6 (44mm),New,256.82,259.395,254.33794403175693,5.0570559682430485,1.9495579977420723
2026-06-12,Flipkart,Watch,Apple Watch Series 6 (44mm),New,259.42,261.41,257.0658487334663,4.344151266533743,1.6618152582279722
2026-06-13,Flipkart,Watch,Apple Watch Series 6 (44mm),New,257.24,257.37,257.0028402278231,0.36715977217687623,0.14265834097869848
2026-06-25,Flipkart,Watch,Apple Watch Series 6 (44mm),New,258.06,260.61,257.8511100483361,2.758889951663889,1.058627816148225
2026-07-01,Flipkart,Watch,Apple Watch Series 6 (44mm),New,255.65,252.63,258.8684233028904,6.238423302890396,2.4693913244232264
2026-01-08,Flipkart,Watch,Apple Watch Series 6 (44mm),Renewed/Refurbished,217.12,192.28,197.04496923323654,4.764969233236542,2.4781408535659155
2026-03-01,Flipkart,Watch,Apple Watch Series 6 (44mm),Renewed/Refurbished,187.6,199.67,193.1158123763514,6.554187623648573,3.2825099532471445
2026-04-12,Flipkart,Watch,Apple Watch Series 6 (44mm),Renewed/Refurbished,215.8,190.98,200.71090426567832,9.730904265678333,5.095247809026251
2026-05-12,Flipkart,Watch,Apple Watch Series 6 (44mm),Renewed/Refurbished,190.98,200.51,192.06940113060546,8.440598869394535,4.209565043835487
2026-01-02,Flipkart,Watch,Apple Watch Series 7 (45mm),New,252.58,252.31,255.70394189368824,3.393941893688236,1.3451475937094195
2026-01-09,Flipkart,Watch,Apple Watch Series 7 (45mm),New,255.76,260.19,257.2162382973997,2.9737617026003136,1.1429192907491885
2026-01-15,Flipkart,Watch,Apple Watch Series 7 (45mm),New,256.66,261.1,259.55762500896606,1.5423749910339666,0.5907219421807608
2026-01-16,Flipkart,Watch,Apple Watch Series 7 (45mm),New,259.42,261.01,262.17424142896635,1.1642414289663634,0.44605242288278746
2026-02-04,Flipkart,Watch,Apple Watch Series 7 (45mm),New,260.21,253.49,254.52970349456285,1.0397034945628434,0.41015562529600513
2026-02-11,Flipkart,Watch,Apple Watch Series 7 (45mm),New,255.89,252.37,262.4477398145153,10.077739814515269,3.993240010506506
2026-02-15,Flipkart,Watch,Apple Watch Series 7 (45mm),New,261.01,259.72,259.1664790885858,0.553520911414239,0.21312217442408707
2026-03-06,Flipkart,Watch,Apple Watch Series 7 (45mm),New,253.49,252.46,259.44637890109834,6.986378901098334,2.7673211206125066
2026-03-08,Flipkart,Watch,Apple Watch Series 7 (45mm),New,253.51999999999998,259.35,259.2075705569741,0.1424294430259465,0.05491784963406459
2026-03-11,Flipkart,Watch,Apple Watch Series 7 (45mm),New,261.77,261.28,261.700486704127,0.42048670412702904,0.1609333680829107
2026-03-17,Flipkart,Watch,Apple Watch Series 7 (45mm),New,259.72,258.77,258.2644041498888,0.5055958501112059,0.19538426019677937
2026-04-02,Flipkart,Watch,Apple Watch Series 7 (45mm),New,258.21,256.18,258.1520416403444,1.9720416403444005,0.769787508917324
2026-04-07,Flipkart,Watch,Apple Watch Series 7 (45mm),New,259.35,253.18,255.089140008676,1.9091400086759904,0.7540643055043804
2026-04-10,Flipkart,Watch,Apple Watch Series 7 (45mm),New,261.28,257.96,265.07759054718247,7.117590547182488,2.7591838064748364
2026-04-17,Flipkart,Watch,Apple Watch Series 7 (45mm),New,257.47,253.62,260.17614357848265,6.556143578482647,2.5850262512746025
2026-04-23,Flipkart,Watch,Apple Watch Series 7 (45mm),New,257.43,258.28,257.2733263993808,1.0066736006191945,0.38976057016385107
2026-04-24,Flipkart,Watch,Apple Watch Series 7 (45mm),New,261.31,261.67,254.81115882918118,6.858841170818835,2.6211797954747715
2026-04-26,Flipkart,Watch,Apple Watch Series 7 (45mm),New,256.16,256.56,257.2534162571202,0.693416257120191,0.27027449996889263
2026-05-10,Flipkart,Watch,Apple Watch Series 7 (45mm),New,257.96,260.82500000000005,258.3840375008619,2.440962499138152,0.9358621677899556
2026-05-18,Flipkart,Watch,Apple Watch Series 7 (45mm),New,255.14,260.0,257.4422731133366,2.5577268866633744,0.983741110255144
2026-05-23,Flipkart,Watch,Apple Watch Series 7 (45mm),New,258.28,262.51,257.1944443788422,5.315555621157785,2.0248964310532114
2026-05-27,Flipkart,Watch,Apple Watch Series 7 (45mm),New,257.36,256.595,257.7072125536683,1.1122125536682574,0.4334505947770835
2026-05-29,Flipkart,Watch,Apple Watch Series 7 (45mm),New,259.97,253.345,258.63926308719545,5.294263087195446,2.089744454082554
2026-05-31,Flipkart,Watch,Apple Watch Series 7 (45mm),New,261.96,254.71,256.6847356633149,1.974735663314874,0.7752878423755935
2026-06-04,Flipkart,Watch,Apple Watch Series 7 (45mm),New,259.22,259.75,253.69432881105217,6.0556711889478265,2.331345982270578
2026-06-05,Flipkart,Watch,Apple Watch Series 7 (45mm),New,253.54,259.395,255.80766084113628,3.587339158863699,1.3829638809012121
2026-06-08,Flipkart,Watch,Apple Watch Series 7 (45mm),New,255.19,261.89,258.18564926088766,3.7043507391123285,1.4144681885953372
2026-06-09,Flipkart,Watch,Apple Watch Series 7 (45mm),New,260.82500000000005,253.93,258.7214771095964,4.7914771095963715,1.8869283304833502
2026-06-11,Flipkart,Watch,Apple Watch Series 7 (45mm),New,253.08,261.095,255.39097610554091,5.704023894459112,2.184654587203551
2026-06-13,Flipkart,Watch,Apple Watch Series 7 (45mm),New,261.98,254.745,255.47106319731205,0.7260631973120439,0.28501568129386007
2026-06-17,Flipkart,Watch,Apple Watch Series 7 (45mm),New,260.0,261.07,263.24160186655644,2.1716018665564434,0.831808276154458
2026-06-19,Flipkart,Watch,Apple Watch Series 7 (45mm),New,260.37,257.46,259.8013152480367,2.3413152480367216,0.9093899044654401
2026-06-22,Flipkart,Watch,Apple Watch Series 7 (45mm),New,262.51,256.67,264.5563314956061,7.8863314956061,3.0725567832649316
2026-06-26,Flipkart,Watch,Apple Watch Series 7 (45mm),New,256.595,256.3,256.01275220119265,0.28724779880735696,0.11207483371336595
2026-06-29,Flipkart,Watch,Apple Watch Series 7 (45mm),New,260.46,262.35,258.59153589234324,3.7584641076567777,1.43261448738585
2026-06-30,Flipkart,Watch,Apple Watch Series 7 (45mm),New,254.71,256.27,260.7948529131806,4.5248529131806094,1.7656584513133062
2026-03-25,Flipkart,Watch,Apple Watch Series 7 (45mm),Renewed/Refurbished,194.57,183.32,209.0626400679995,25.742640067999503,14.042461307003876
2026-05-04,Flipkart,Watch,Apple Watch Series 7 (45mm),Renewed/Refurbished,195.74,193.1,208.53350864824836,15.433508648248363,7.992495415975331
2026-06-10,Flipkart,Watch,Apple Watch Series 7 (45mm),Renewed/Refurbished,202.59,190.0,201.67899856839074,11.678998568390739,6.1468413517846
2026-06-11,Flipkart,Watch,Apple Watch Series 7 (45mm),Renewed/Refurbished,212.27,212.06,211.82999542437642,0.2300045756235818,0.10846202755049598
2026-06-16,Flipkart,Watch,Apple Watch Series 7 (45mm),Renewed/Refurbished,183.4,179.25,208.21584066640423,28.965840666404233,16.159464806920074
2026-01-03,Flipkart,Watch,Apple Watch Series 8 (45mm),New,259.945,257.9,258.7893302587071,0.8893302587071048,0.34483530775769866
2026-01-04,Flipkart,Watch,Apple Watch Series 8 (45mm),New,254.84,257.08,266.9536982268065,9.873698226806539,3.8407103729603778
2026-01-05,Flipkart,Watch,Apple Watch Series 8 (45mm),New,260.28499999999997,254.5,259.84042873455115,5.340428734551153,2.0984002886252076
2026-01-07,Flipkart,Watch,Apple Watch Series 8 (45mm),New,258.91499999999996,261.79,255.5203572772669,6.269642722733124,2.3949129923729418
2026-01-13,Flipkart,Watch,Apple Watch Series 8 (45mm),New,253.6,257.34,257.728458120448,0.3884581204480355,0.15095131749748797
2026-01-14,Flipkart,Watch,Apple Watch Series 8 (45mm),New,262.02,259.23,259.5507143352329,0.3207143352328785,0.12371806319981425
2026-01-31,Flipkart,Watch,Apple Watch Series 8 (45mm),New,260.80499999999995,259.81,254.35966429343705,5.450335706562953,2.0978159834351846
2026-02-03,Flipkart,Watch,Apple Watch Series 8 (45mm),New,257.08,253.31,260.1387523574692,6.82875235746917,2.695808439251972
2026-02-04,Flipkart,Watch,Apple Watch Series 8 (45mm),New,254.5,253.34,256.8620928753311,3.522092875331083,1.3902632333350766
2026-02-12,Flipkart,Watch,Apple Watch Series 8 (45mm),New,257.34,252.55,258.7858943165691,6.235894316569102,2.469172170488656
2026-02-13,Flipkart,Watch,Apple Watch Series 8 (45mm),New,259.23,257.94,258.93409246967707,0.9940924696770708,0.3853967859490854
2026-02-15,Flipkart,Watch,Apple Watch Series 8 (45mm),New,256.01,261.07,257.5801750723543,3.4898249276457136,1.336739161008815
2026-03-05,Flipkart,Watch,Apple Watch Series 8 (45mm),New,253.31,252.82,254.96532138801268,2.1453213880126896,0.8485568341162446
2026-03-06,Flipkart,Watch,Apple Watch Series 8 (45mm),New,253.34,259.48,254.80050256866537,4.679497431334653,1.8034135314223265
2026-03-15,Flipkart,Watch,Apple Watch Series 8 (45mm),New,257.94,260.33,256.5484071966181,3.7815928033818977,1.4526150667928774
2026-03-17,Flipkart,Watch,Apple Watch Series 8 (45mm),New,261.07,252.36,260.7103527679828,8.35035276798277,3.3089050435816967
2026-04-04,Flipkart,Watch,Apple Watch Series 8 (45mm),New,252.82,255.77,257.19152415619874,1.4215241561987284,0.5557822090936108
2026-04-05,Flipkart,Watch,Apple Watch Series 8 (45mm),New,259.48,261.28,254.9397032152953,6.3402967847046625,2.4266292041888637
2026-04-16,Flipkart,Watch,Apple Watch Series 8 (45mm),New,252.36,258.98,255.0458931957997,3.9341068042003258,1.5190774593406153
2026-04-18,Flipkart,Watch,Apple Watch Series 8 (45mm),New,257.015,256.38,256.9731547298896,0.5931547298895907,0.23135764485903376
2026-04-28,Flipkart,Watch,Apple Watch Series 8 (45mm),New,254.19,259.5,256.7418287793872,2.7581712206127804,1.0628790830877766
2026-04-29,Flipkart,Watch,Apple Watch Series 8 (45mm),New,259.93,252.96,255.05878096560468,2.098780965604675,0.8296888700208234
2026-05-03,Flipkart,Watch,Apple Watch Series 8 (45mm),New,259.64,256.26,255.31416893014773,0.945831069852261,0.36909040421925426
2026-05-04,Flipkart,Watch,Apple Watch Series 8 (45mm),New,255.77,262.17499999999995,255.82388250086785,6.351117499132101,2.422472584774331
2026-05-07,Flipkart,Watch,Apple Watch Series 8 (45mm),New,257.37,258.09,257.598669915125,0.49133008487496,0.19037160869268863
2026-05-16,Flipkart,Watch,Apple Watch Series 8 (45mm),New,258.98,261.3,255.50560580448524,5.794394195514769,2.217525524498572
2026-05-18,Flipkart,Watch,Apple Watch Series 8 (45mm),New,256.38,260.71,254.38816278923434,6.321837210765636,2.4248541332383247
2026-05-21,Flipkart,Watch,Apple Watch Series 8 (45mm),New,252.91,257.275,252.75452400097623,4.520475999023745,1.7570599549212886
2026-05-23,Flipkart,Watch,Apple Watch Series 8 (45mm),New,260.99,260.05,252.11471862195066,7.935281378049353,3.05144448300302
2026-05-28,Flipkart,Watch,Apple Watch Series 8 (45mm),New,259.5,258.52,260.0187107939059,1.4987107939059001,0.5797272141056399
2026-06-02,Flipkart,Watch,Apple Watch Series 8 (45mm),New,256.26,260.17,257.1207027940394,3.049297205960613,1.1720402836455444
2026-06-03,Flipkart,Watch,Apple Watch Series 8 (45mm),New,262.17499999999995,259.945,253.63156085122068,6.31343914877931,2.4287596025233453
2026-06-08,Flipkart,Watch,Apple Watch Series 8 (45mm),New,258.53000000000003,259.735,256.6505353305956,3.08446466940444,1.187542945465355
2026-06-10,Flipkart,Watch,Apple Watch Series 8 (45mm),New,257.33,262.33,254.72332011286227,7.606679887137716,2.8996606896419457
2026-06-14,Flipkart,Watch,Apple Watch Series 8 (45mm),New,261.31,253.07,256.1840514527168,3.114051452716808,1.2305099192779894
2026-06-15,Flipkart,Watch,Apple Watch Series 8 (45mm),New,261.3,258.605,251.04422270506268,7.560777294937338,2.9236779238364834
2026-06-17,Flipkart,Watch,Apple Watch Series 8 (45mm),New,260.71,259.865,257.39366492710326,2.47133507289675,0.9510072818181555
2026-06-21,Flipkart,Watch,Apple Watch Series 8 (45mm),New,253.16,259.88,255.39563711776708,4.484362882232915,1.725551363026364
2026-06-22,Flipkart,Watch,Apple Watch Series 8 (45mm),New,260.05,258.07,255.01405530487483,3.055944695125163,1.184153406101121
2026-06-30,Flipkart,Watch,Apple Watch Series 8 (45mm),New,256.01,253.05,254.1539419987584,1.103941998758387,0.4362544946684002
2026-01-03,Flipkart,Watch,Apple Watch Series 8 (45mm),Renewed/Refurbished,200.0,205.79,194.53501050407635,11.254989495923638,5.469162493767257
2026-02-02,Flipkart,Watch,Apple Watch Series 8 (45mm),Renewed/Refurbished,205.79,199.61,205.0046992371972,5.394699237197187,2.7026197270663728
2026-02-04,Flipkart,Watch,Apple Watch Series 8 (45mm),Renewed/Refurbished,187.69,217.37,206.01571785791123,11.354282142088778,5.223481686566121
2026-02-09,Flipkart,Watch,Apple Watch Series 8 (45mm),Renewed/Refurbished,202.23,204.93,203.0482273723245,1.8817726276755025,0.9182514164229262
2026-03-04,Flipkart,Watch,Apple Watch Series 8 (45mm),Renewed/Refurbished,199.61,205.92,202.89814454218754,3.0218554578124497,1.4674900241901951
2026-03-31,Flipkart,Watch,Apple Watch Series 8 (45mm),Renewed/Refurbished,193.46,210.64,203.40735210326034,7.23264789673965,3.4336535780192037
2026-04-22,Flipkart,Watch,Apple Watch Series 8 (45mm),Renewed/Refurbished,193.87,192.21,204.9061898536919,12.696189853691891,6.605374254040836
2026-05-27,Flipkart,Watch,Apple Watch Series 8 (45mm),Renewed/Refurbished,203.7,192.47,176.26677480623493,16.203225193765064,8.418571826136574
2026-06-25,Flipkart,Watch,Apple Watch Series 8 (45mm),Renewed/Refurbished,186.03,205.5,197.71990981132183,7.780090188678173,3.7859319652935146
2026-06-28,Flipkart,Watch,Apple Watch Series 8 (45mm),Renewed/Refurbished,212.04000000000002,198.42,192.9143741014982,5.5056258985017905,2.7747333426578926
2026-01-02,Flipkart,Watch,Apple Watch Series 9 (45mm),New,257.88,260.87,251.18690332860115,9.683096671398857,3.7118475376236657
2026-01-06,Flipkart,Watch,Apple Watch Series 9 (45mm),New,258.025,255.57500000000002,255.74319425876257,0.16819425876255423,0.0658101374401073
2026-01-07,Flipkart,Watch,Apple Watch Series 9 (45mm),New,260.76,258.29,257.15814422643285,1.1318557735671675,0.4382112251992595
2026-01-08,Flipkart,Watch,Apple Watch Series 9 (45mm),New,254.51,259.67,258.0294874644399,1.6405125355601058,0.6317682194940138
2026-01-16,Flipkart,Watch,Apple Watch Series 9 (45mm),New,259.06,257.68,256.79346083356916,0.8865391664308504,0.3440465563609323
2026-01-20,Flipkart,Watch,Apple Watch Series 9 (45mm),New,261.41,255.3,256.9779932454601,1.6779932454600726,0.65726331588722
2026-01-21,Flipkart,Watch,Apple Watch Series 9 (45mm),New,260.99,260.49,258.983345905253,1.5066540947470344,0.5783922971119945
2026-01-22,Flipkart,Watch,Apple Watch Series 9 (45mm),New,255.79,257.11,260.2759104962841,3.1659104962840843,1.2313447537178965
2026-01-28,Flipkart,Watch,Apple Watch Series 9 (45mm),New,254.56,257.01,258.49784395828794,1.4878439582879537,0.5789050847390972
2026-02-01,Flipkart,Watch,Apple Watch Series 9 (45mm),New,260.87,253.73,255.29216571982766,1.562165719827675,0.6156803372985753
2026-02-04,Flipkart,Watch,Apple Watch Series 9 (45mm),New,261.41,260.255,260.75578254251684,0.5007825425168448,0.19241995063182066
2026-02-05,Flipkart,Watch,Apple Watch Series 9 (45mm),New,255.57500000000002,254.81,263.84402647117736,9.034026471177356,3.545397147355817
2026-02-07,Flipkart,Watch,Apple Watch Series 9 (45mm),New,259.67,254.47,260.7123451301993,6.242345130199311,2.453077034699301
2026-02-09,Flipkart,Watch,Apple Watch Series 9 (45mm),New,256.53,261.08,259.0251168747722,2.054883125227775,0.7870702946329765
2026-02-12,Flipkart,Watch,Apple Watch Series 9 (45mm),New,255.55,256.94,255.8502988535933,1.0897011464066964,0.42410724153759494
2026-02-15,Flipkart,Watch,Apple Watch Series 9 (45mm),New,257.68,261.95,258.3618805476092,3.5881194523907993,1.3697726483644967
2026-03-06,Flipkart,Watch,Apple Watch Series 9 (45mm),New,260.255,254.17,255.88826060986946,1.7182606098694748,0.6760280953178875
2026-03-14,Flipkart,Watch,Apple Watch Series 9 (45mm),New,256.94,252.45,258.05024744622506,5.600247446225069,2.2183590597049196
2026-03-15,Flipkart,Watch,Apple Watch Series 9 (45mm),New,257.62,253.13,259.88702152312857,6.7570215231285715,2.669387873080461
2026-03-17,Flipkart,Watch,Apple Watch Series 9 (45mm),New,261.95,261.18,259.04908141896874,2.130918581031267,0.8158812240720067
2026-03-19,Flipkart,Watch,Apple Watch Series 9 (45mm),New,259.98,260.98,259.967697493093,1.0123025069070195,0.3878850896264156
2026-03-20,Flipkart,Watch,Apple Watch Series 9 (45mm),New,253.32,256.76,254.8294947778939,1.9305052221060919,0.7518714839173126
2026-03-24,Flipkart,Watch,Apple Watch Series 9 (45mm),New,258.03,256.815,261.0703588226428,4.2553588226427905,1.6569744067296654
2026-03-26,Flipkart,Watch,Apple Watch Series 9 (45mm),New,256.455,257.07,260.25026090805846,3.1802609080584716,1.2371186478618554
2026-03-30,Flipkart,Watch,Apple Watch Series 9 (45mm),New,259.08,256.91,260.7003098649011,3.790309864901076,1.475345399128518
2026-04-05,Flipkart,Watch,Apple Watch Series 9 (45mm),New,254.17,262.02,257.833078783104,4.186921216895996,1.5979395530478575
2026-04-07,Flipkart,Watch,Apple Watch Series 9 (45mm),New,260.72,254.47,256.2411585556854,1.771158555685389,0.6960186095356581
2026-04-11,Flipkart,Watch,Apple Watch Series 9 (45mm),New,261.5,252.86,256.7725125003635,3.912512500363505,1.5473038441681186
2026-04-12,Flipkart,Watch,Apple Watch Series 9 (45mm),New,252.93,261.095,256.82069146453017,4.2743085354698565,1.6370702370669128
2026-04-14,Flipkart,Watch,Apple Watch Series 9 (45mm),New,253.13,256.62,256.1502273123553,0.46977268764470637,0.18306160378953562
2026-04-19,Flipkart,Watch,Apple Watch Series 9 (45mm),New,256.76,257.025,259.54003984961764,2.515039849617665,0.9785195407519367
2026-04-22,Flipkart,Watch,Apple Watch Series 9 (45mm),New,254.12,255.62,256.28627074658465,0.6662707465846438,0.26064891111205846
2026-04-23,Flipkart,Watch,Apple Watch Series 9 (45mm),New,256.815,260.11,256.81975940502247,3.290240594977547,1.2649419841519154
2026-04-24,Flipkart,Watch,Apple Watch Series 9 (45mm),New,254.06,261.18,258.6557459866712,2.5242540133288003,0.9664805932034612
2026-04-25,Flipkart,Watch,Apple Watch Series 9 (45mm),New,257.07,261.15,256.88963029415464,4.260369705845335,1.6313879784971608
2026-04-30,Flipkart,Watch,Apple Watch Series 9 (45mm),New,259.12,255.54,258.6486393851651,3.1086393851651053,1.216498154952299
2026-05-02,Flipkart,Watch,Apple Watch Series 9 (45mm),New,255.54,252.54,254.52873231980743,1.9887323198074398,0.7874920091104142
2026-05-05,Flipkart,Watch,Apple Watch Series 9 (45mm),New,262.02,261.86,258.4820973209309,3.377902679069109,1.2899651260479297
2026-05-06,Flipkart,Watch,Apple Watch Series 9 (45mm),New,257.45,252.65,257.761343062568,5.111343062568011,2.0230924451090484
2026-05-07,Flipkart,Watch,Apple Watch Series 9 (45mm),New,254.47,255.75,258.2379442311803,2.487944231180279,0.9728032184478119
2026-05-08,Flipkart,Watch,Apple Watch Series 9 (45mm),New,255.82,253.83499999999998,259.3251627981924,5.4901627981924435,2.1628864412679274
2026-05-11,Flipkart,Watch,Apple Watch Series 9 (45mm),New,252.86,260.45,256.30272366851887,4.147276331481123,1.5923502904515736
2026-05-12,Flipkart,Watch,Apple Watch Series 9 (45mm),New,261.095,262.04,256.72123570199346,5.318764298006556,2.029752823235596
2026-05-21,Flipkart,Watch,Apple Watch Series 9 (45mm),New,259.0,253.81,257.85970900800754,4.0497090080075395,1.5955671596893501
2026-05-22,Flipkart,Watch,Apple Watch Series 9 (45mm),New,255.62,254.13,258.02563730552083,3.895637305520836,1.5329309036795482
2026-05-23,Flipkart,Watch,Apple Watch Series 9 (45mm),New,260.11,254.96,255.0079559627444,0.047955962744396174,0.01880921036413405
2026-05-25,Flipkart,Watch,Apple Watch Series 9 (45mm),New,261.15,252.97,258.00950293838116,5.039502938381162,1.9921346161130418
2026-05-28,Flipkart,Watch,Apple Watch Series 9 (45mm),New,255.57,257.675,254.36473383737717,3.3102661626228382,1.2846671825450038
2026-05-30,Flipkart,Watch,Apple Watch Series 9 (45mm),New,255.54,259.25,256.41254269157685,2.8374573084231542,1.0944869077813517
2026-05-31,Flipkart,Watch,Apple Watch Series 9 (45mm),New,261.73,256.31,252.71062508488131,3.5993749151186876,1.4043053002686932
2026-06-04,Flipkart,Watch,Apple Watch Series 9 (45mm),New,261.86,253.75,261.105951452436,7.355951452435988,2.898897124112705
2026-06-05,Flipkart,Watch,Apple Watch Series 9 (45mm),New,252.65,259.22,256.9769085382896,2.243091461710435,0.8653234556401647
2026-06-06,Flipkart,Watch,Apple Watch Series 9 (45mm),New,255.75,255.17,254.49473041831516,0.6752695816848302,0.2646351772092449
2026-06-10,Flipkart,Watch,Apple Watch Series 9 (45mm),New,260.45,259.24,256.69752172872296,2.542478271277048,0.9807430455473877
2026-06-11,Flipkart,Watch,Apple Watch Series 9 (45mm),New,262.04,254.79,265.56885670776546,10.77885670776547,4.230486560604996
2026-06-15,Flipkart,Watch,Apple Watch Series 9 (45mm),New,257.075,257.31,259.77965224708964,2.469652247089641,0.9597964506197354
2026-06-16,Flipkart,Watch,Apple Watch Series 9 (45mm),New,253.26,255.84,256.83595663214237,0.9959566321423665,0.3892888649712189
2026-06-20,Flipkart,Watch,Apple Watch Series 9 (45mm),New,253.81,256.55,256.178578957147,0.3714210428530009,0.14477530417189668
2026-06-21,Flipkart,Watch,Apple Watch Series 9 (45mm),New,254.13,257.97,255.93871083147513,2.031289168524893,0.7874129427936941
2026-06-22,Flipkart,Watch,Apple Watch Series 9 (45mm),New,254.96,257.23,261.6036063665932,4.373606366593208,1.7002707174875433
2026-06-24,Flipkart,Watch,Apple Watch Series 9 (45mm),New,252.97,260.66,257.1618330101721,3.4981669898279506,1.3420421199370636
2026-06-26,Flipkart,Watch,Apple Watch Series 9 (45mm),New,259.65999999999997,255.23,255.84867554690294,0.6186755469029492,0.24239922693372615
2026-06-28,Flipkart,Watch,Apple Watch Series 9 (45mm),New,256.28,258.52,254.57956906449056,3.9404309355094256,1.5242267273361543
2026-01-16,Flipkart,Watch,Apple Watch Series 9 (45mm),Renewed/Refurbished,204.0,203.1,196.07502308788798,7.02497691211201,3.458875879917287
2026-01-20,Flipkart,Watch,Apple Watch Series 9 (45mm),Renewed/Refurbished,184.36,217.54,207.71019546074558,9.829804539254411,4.518619352419974
2026-01-27,Flipkart,Watch,Apple Watch Series 9 (45mm),Renewed/Refurbished,183.4,194.61,203.2705399762633,8.660539976263294,4.450202957845585
2026-01-29,Flipkart,Watch,Apple Watch Series 9 (45mm),Renewed/Refurbished,186.47,192.66,199.43986696328875,6.779866963288754,3.5190838592799514
2026-02-01,Flipkart,Watch,Apple Watch Series 9 (45mm),Renewed/Refurbished,216.28,184.03,207.95956521859398,23.92956521859398,13.003078421232397
2026-02-19,Flipkart,Watch,Apple Watch Series 9 (45mm),Renewed/Refurbished,217.54,193.68,208.36015184250152,14.680151842501516,7.579590996747994
2026-03-04,Flipkart,Watch,Apple Watch Series 9 (45mm),Renewed/Refurbished,199.35,203.3,187.65283692966852,15.647163070331487,7.6965878358738244
2026-03-25,Flipkart,Watch,Apple Watch Series 9 (45mm),Renewed/Refurbished,187.385,202.89,201.90656016619198,0.9834398338080064,0.48471577397013477
2026-05-01,Flipkart,Watch,Apple Watch Series 9 (45mm),Renewed/Refurbished,204.57,198.61,213.8071418604792,15.197141860479178,7.65175059688796
2026-05-17,Flipkart,Watch,Apple Watch Series 9 (45mm),Renewed/Refurbished,212.45999999999998,180.3,232.4220274424885,52.1220274424885,28.90850107736467
2026-05-28,Flipkart,Watch,Apple Watch Series 9 (45mm),Renewed/Refurbished,219.47,212.45,210.67594468492553,1.7740553150744631,0.8350460414565606
2026-06-06,Flipkart,Watch,Apple Watch Series 9 (45mm),Renewed/Refurbished,204.72,190.55,210.41197073236697,19.861970732366956,10.423495529974785
2026-06-28,Flipkart,Watch,Apple Watch Series 9 (45mm),Renewed/Refurbished,207.76999999999998,196.17,207.2991188345494,11.129118834549416,5.673201220650159
2026-01-03,Flipkart,Watch,Apple Watch Series X (45mm),New,328.47,333.79,324.67520710857815,9.114792891421871,2.7306968127930347
2026-01-06,Flipkart,Watch,Apple Watch Series X (45mm),New,330.1,328.025,328.1916427385702,0.16664273857020362,0.05080184088718958
2026-01-08,Flipkart,Watch,Apple Watch Series X (45mm),New,327.4,332.85,326.37328215263705,6.476717847362977,1.9458368175944047
2026-01-09,Flipkart,Watch,Apple Watch Series X (45mm),New,332.97,326.3,327.6602638282778,1.3602638282777662,0.4168752155310347
2026-01-11,Flipkart,Watch,Apple Watch Series X (45mm),New,327.14,328.03,328.40579995777205,0.37579995777207387,0.11456267956347709
2026-01-12,Flipkart,Watch,Apple Watch Series X (45mm),New,323.42,323.865,327.94041894298624,4.075418942986232,1.2583696734708079
2026-01-15,Flipkart,Watch,Apple Watch Series X (45mm),New,333.71,324.69,336.7642946170181,12.074294617018097,3.7187146561391167
2026-01-16,Flipkart,Watch,Apple Watch Series X (45mm),New,329.16499999999996,330.31,327.11663116839946,3.1933688316005373,0.9667793380765152
2026-01-17,Flipkart,Watch,Apple Watch Series X (45mm),New,328.24,325.11,329.1678377433659,4.057837743365894,1.2481430110934435
2026-01-22,Flipkart,Watch,Apple Watch Series X (45mm),New,327.7,331.49,328.8761324965424,2.613867503457584,0.7885207709003541
2026-01-24,Flipkart,Watch,Apple Watch Series X (45mm),New,327.17499999999995,331.02,327.0383006263268,3.981699373673166,1.2028576441523673
2026-01-27,Flipkart,Watch,Apple Watch Series X (45mm),New,332.26,326.96,329.3750545820356,2.415054582035623,0.7386391552592436
2026-01-30,Flipkart,Watch,Apple Watch Series X (45mm),New,329.12,330.18,328.6706382153521,1.509361784647922,0.4571330137040166
2026-01-31,Flipkart,Watch,Apple Watch Series X (45mm),New,335.57,324.78,331.2164808624566,6.436480862456619,1.9817971742276679
2026-02-01,Flipkart,Watch,Apple Watch Series X (45mm),New,322.96,334.73,336.99344077987104,2.2634407798710185,0.676198960317575
2026-02-02,Flipkart,Watch,Apple Watch Series X (45mm),New,333.79,325.21,333.26410347522926,8.054103475229283,2.476585429485343
2026-02-08,Flipkart,Watch,Apple Watch Series X (45mm),New,326.3,330.735,330.6174239438832,0.11757605611683175,0.0355499285279247
2026-02-10,Flipkart,Watch,Apple Watch Series X (45mm),New,328.03,327.82,331.3087371727857,3.4887371727857044,1.064223406987281
2026-02-11,Flipkart,Watch,Apple Watch Series X (45mm),New,323.865,325.0,331.3526156663736,6.352615666373595,1.9546509742687985
2026-02-12,Flipkart,Watch,Apple Watch Series X (45mm),New,330.905,332.96,326.48210452357137,6.477895476428614,1.9455476563036442
2026-02-14,Flipkart,Watch,Apple Watch Series X (45mm),New,324.69,326.76,331.0184461113194,4.258446111319415,1.3032335999875795
2026-02-15,Flipkart,Watch,Apple Watch Series X (45mm),New,330.31,329.2,327.1462529653348,2.053747034665207,0.623859974078131
2026-02-16,Flipkart,Watch,Apple Watch Series X (45mm),New,325.11,326.39,331.44193189842633,5.051931898426346,1.5478206741708835
2026-02-17,Flipkart,Watch,Apple Watch Series X (45mm),New,334.45,329.8,332.2796650956318,2.4796650956317876,0.7518693437331072
2026-02-20,Flipkart,Watch,Apple Watch Series X (45mm),New,331.08,333.91,330.7129161823629,3.1970838176371217,0.957468724397928
2026-02-21,Flipkart,Watch,Apple Watch Series X (45mm),New,331.49,333.87,329.32600213875014,4.5439978612498635,1.3610081352771628
2026-02-23,Flipkart,Watch,Apple Watch Series X (45mm),New,331.02,330.26,328.15268415006784,2.1073158499321494,0.6380778325961816
2026-02-26,Flipkart,Watch,Apple Watch Series X (45mm),New,326.96,331.6,328.78396181412745,2.8160381858725714,0.849227438441668
2026-02-28,Flipkart,Watch,Apple Watch Series X (45mm),New,326.36,334.35,324.95577182626096,9.394228173739066,2.809698870566492
2026-03-01,Flipkart,Watch,Apple Watch Series X (45mm),New,330.18,328.45,328.86962473700595,0.4196247370059609,0.1277590917966086
2026-03-02,Flipkart,Watch,Apple Watch Series X (45mm),New,324.78,329.22,326.9958966449486,2.2241033550514544,0.6755675095836992
2026-03-03,Flipkart,Watch,Apple Watch Series X (45mm),New,334.73,330.32000000000005,327.18258868041283,3.1374113195872155,0.9498096753412495
2026-03-04,Flipkart,Watch,Apple Watch Series X (45mm),New,325.21,329.36,327.5859724771206,1.7740275228794076,0.5386287111001359
2026-03-05,Flipkart,Watch,Apple Watch Series X (45mm),New,328.15,330.71,326.6597139967396,4.050286003260396,1.2247243818633837
2026-03-08,Flipkart,Watch,Apple Watch Series X (45mm),New,335.4,333.78,333.5271978876595,0.25280211234047556,0.07573914325018742
2026-03-11,Flipkart,Watch,Apple Watch Series X (45mm),New,329.41,329.71500000000003,325.66655840647,4.048441593530015,1.2278609082177074
2026-03-12,Flipkart,Watch,Apple Watch Series X (45mm),New,327.82,325.745,325.95295668086,0.20795668085997931,0.06384032935577807
2026-03-13,Flipkart,Watch,Apple Watch Series X (45mm),New,325.0,327.67,329.18150663775464,1.5115066377546214,0.46128929647347067
2026-03-14,Flipkart,Watch,Apple Watch Series X (45mm),New,332.96,332.87,328.7394657508954,4.130534249104585,1.2408851050273635
2026-03-17,Flipkart,Watch,Apple Watch Series X (45mm),New,329.2,332.25,324.51427417973684,7.735725820263156,2.3282846712605436
2026-03-18,Flipkart,Watch,Apple Watch Series X (45mm),New,326.39,331.4,324.1286582391268,7.271341760873156,2.1941284734077118
2026-03-19,Flipkart,Watch,Apple Watch Series X (45mm),New,329.8,330.78499999999997,324.4714320501362,6.3135679498637955,1.90866210676536
2026-03-20,Flipkart,Watch,Apple Watch Series X (45mm),New,329.43,330.375,328.859924747666,1.515075252333986,0.45859258489110444
2026-03-21,Flipkart,Watch,Apple Watch Series X (45mm),New,335.12,326.73,334.2730162193581,7.543016219358094,2.308639004486302
2026-03-22,Flipkart,Watch,Apple Watch Series X (45mm),New,333.91,325.46,332.46185423678196,7.0018542367819805,2.1513716698770913
2026-03-26,Flipkart,Watch,Apple Watch Series X (45mm),New,333.3,328.11,330.089690632019,1.9796906320190146,0.6033618701103333
2026-03-27,Flipkart,Watch,Apple Watch Series X (45mm),New,331.44,332.25,332.77663959533015,0.5266395953301526,0.1585070264349594
2026-03-28,Flipkart,Watch,Apple Watch Series X (45mm),New,331.6,327.52,334.53520930890994,7.015209308909959,2.141917839799084
2026-04-01,Flipkart,Watch,Apple Watch Series X (45mm),New,329.22,325.47,330.384114774612,4.91411477461196,1.5098518372236949
2026-04-02,Flipkart,Watch,Apple Watch Series X (45mm),New,330.32000000000005,325.755,330.00430785949294,4.249307859492944,1.3044490059992768
2026-04-03,Flipkart,Watch,Apple Watch Series X (45mm),New,329.36,324.16,331.7522819111508,7.592281911150792,2.342140273676824
2026-04-04,Flipkart,Watch,Apple Watch Series X (45mm),New,330.71,327.19,327.5170084813957,0.32700848139569416,0.0999445219584016
2026-04-07,Flipkart,Watch,Apple Watch Series X (45mm),New,333.78,330.09000000000003,333.57958850194785,3.4895885019478214,1.0571627440842863
2026-04-10,Flipkart,Watch,Apple Watch Series X (45mm),New,329.71500000000003,332.615,328.8240858902168,3.790914109783216,1.139730351843187
2026-04-13,Flipkart,Watch,Apple Watch Series X (45mm),New,332.87,323.52,327.5471328853239,4.027132885323908,1.2447863765219798
2026-04-16,Flipkart,Watch,Apple Watch Series X (45mm),New,332.25,326.2,328.290004804407,2.0900048044069877,0.6407126929512531
2026-04-17,Flipkart,Watch,Apple Watch Series X (45mm),New,331.4,327.44,326.3040650235197,1.1359349764803142,0.34691393124856895
2026-04-19,Flipkart,Watch,Apple Watch Series X (45mm),New,330.375,329.32,327.19906497162987,2.120935028370127,0.6440346861320682
2026-04-20,Flipkart,Watch,Apple Watch Series X (45mm),New,326.73,324.96,328.44690571124977,3.48690571124979,1.0730261297543666
2026-04-25,Flipkart,Watch,Apple Watch Series X (45mm),New,328.11,330.61,325.3213338663015,5.288666133698541,1.5996691369585134
2026-04-26,Flipkart,Watch,Apple Watch Series X (45mm),New,332.25,331.39,324.3639018591459,7.02609814085406,2.12019015083559
2026-04-27,Flipkart,Watch,Apple Watch Series X (45mm),New,327.52,330.32,324.0006421539708,6.31935784602922,1.913101794026768
2026-04-28,Flipkart,Watch,Apple Watch Series X (45mm),New,327.705,326.81,329.39437194371595,2.5843719437159507,0.790787290387672
2026-05-01,Flipkart,Watch,Apple Watch Series X (45mm),New,325.47,324.07,326.91439133464064,2.8443913346406475,0.8777089316013971
2026-05-02,Flipkart,Watch,Apple Watch Series X (45mm),New,325.755,330.38,327.7212511243961,2.6587488756039193,0.8047547901216536
2026-05-07,Flipkart,Watch,Apple Watch Series X (45mm),New,330.09000000000003,328.56,327.9224723848578,0.6375276151421758,0.19403689284823955
2026-05-08,Flipkart,Watch,Apple Watch Series X (45mm),New,324.9,324.04,326.8384542844698,2.7984542844697557,0.8636138391771866
2026-05-09,Flipkart,Watch,Apple Watch Series X (45mm),New,332.26,325.44,323.02468022203846,2.4153197779615425,0.7421705315761868
2026-05-13,Flipkart,Watch,Apple Watch Series X (45mm),New,323.52,330.95,330.0723629500941,0.8776370499058999,0.26518720347662783
2026-05-15,Flipkart,Watch,Apple Watch Series X (45mm),New,330.74,327.82,325.0935128218112,2.7264871781887905,0.8317025130220214
2026-05-16,Flipkart,Watch,Apple Watch Series X (45mm),New,326.2,327.48,327.4114411760027,0.06855882399730717,0.020935270550051045
2026-05-17,Flipkart,Watch,Apple Watch Series X (45mm),New,327.44,328.82,325.9761938180424,2.843806181957575,0.8648519499901389
2026-05-19,Flipkart,Watch,Apple Watch Series X (45mm),New,329.32,328.01,328.8762554228286,0.8662554228286012,0.2640942114047137
2026-05-20,Flipkart,Watch,Apple Watch Series X (45mm),New,324.96,328.33,329.1305014241541,0.8005014241541062,0.243810015580089
2026-05-23,Flipkart,Watch,Apple Watch Series X (45mm),New,330.3,331.89,323.519349600944,8.37065039905599,2.522115881483621
2026-05-24,Flipkart,Watch,Apple Watch Series X (45mm),New,326.64,326.25,326.2914836122015,0.041483612201488995,0.01271528343340659
2026-05-25,Flipkart,Watch,Apple Watch Series X (45mm),New,330.61,322.76,326.68654797910614,3.9265479791061466,1.2165534697937002
2026-05-26,Flipkart,Watch,Apple Watch Series X (45mm),New,331.39,334.49,327.81999213457965,6.670007865420359,1.9940828919908993
2026-05-27,Flipkart,Watch,Apple Watch Series X (45mm),New,330.32,327.45,329.41123030917186,1.9612303091718672,0.5989403906464703
2026-05-29,Flipkart,Watch,Apple Watch Series X (45mm),New,330.56,329.195,324.5308948319707,4.664105168029266,1.4168213879400557
2026-05-30,Flipkart,Watch,Apple Watch Series X (45mm),New,333.77,325.51,328.79174602842346,3.28174602842347,1.0081859323595188
2026-06-01,Flipkart,Watch,Apple Watch Series X (45mm),New,330.38,329.99,322.60030993923834,7.389690060761666,2.239367878045294
2026-06-05,Flipkart,Watch,Apple Watch Series X (45mm),New,335.27,323.76,328.75149602586225,4.991496025862261,1.5417272133253834
2026-06-07,Flipkart,Watch,Apple Watch Series X (45mm),New,324.04,327.37,326.4393077892611,0.9306922107389255,0.2842936771050877
2026-06-10,Flipkart,Watch,Apple Watch Series X (45mm),New,328.975,335.41,328.478278412014,6.931721587986033,2.066641301090019
2026-06-12,Flipkart,Watch,Apple Watch Series X (45mm),New,330.95,331.09,327.9174739995649,3.1725260004350844,0.9582065300779499
2026-06-14,Flipkart,Watch,Apple Watch Series X (45mm),New,327.82,324.94,325.8122409654827,0.8722409654827175,0.26843139209783884
2026-06-15,Flipkart,Watch,Apple Watch Series X (45mm),New,327.48,334.77,329.1075653873928,5.662434612607171,1.6914402761917648
2026-06-16,Flipkart,Watch,Apple Watch Series X (45mm),New,328.82,323.86,328.0784801075978,4.21848010759777,1.3025628690167883
2026-06-18,Flipkart,Watch,Apple Watch Series X (45mm),New,328.01,334.2,330.6610625898324,3.5389374101675912,1.0589280102236958
2026-06-19,Flipkart,Watch,Apple Watch Series X (45mm),New,328.33,327.35,327.0689604921185,0.2810395078815304,0.08585291213732409
2026-06-21,Flipkart,Watch,Apple Watch Series X (45mm),New,330.57,325.605,327.0499229802799,1.4449229802798982,0.44376559950857575
2026-06-22,Flipkart,Watch,Apple Watch Series X (45mm),New,331.89,329.745,330.71598624387207,0.970986243872062,0.2944657974713982
2026-06-23,Flipkart,Watch,Apple Watch Series X (45mm),New,326.25,330.22,328.9117149657449,1.308285034255107,0.39618588645603137
2026-06-24,Flipkart,Watch,Apple Watch Series X (45mm),New,322.76,328.975,327.76439117637005,1.2106088236299684,0.367994170873157
2026-06-26,Flipkart,Watch,Apple Watch Series X (45mm),New,327.45,325.69,331.51590307639043,5.825903076390432,1.788787827808785
2026-06-28,Flipkart,Watch,Apple Watch Series X (45mm),New,329.195,332.97,327.2555510338334,5.7144489661666285,1.7162053536855058
2026-06-29,Flipkart,Watch,Apple Watch Series X (45mm),New,325.51,326.58,326.98910463751605,0.40910463751606585,0.1252693482503723
2026-07-01,Flipkart,Watch,Apple Watch Series X (45mm),New,329.99,333.8,327.7109611066258,6.089038893374209,1.8241578470264257
2026-01-06,Flipkart,Watch,Apple Watch Series X (45mm),Renewed/Refurbished,242.475,229.5,251.3932425001924,21.8932425001924,9.539539215770109
2026-01-12,Flipkart,Watch,Apple Watch Series X (45mm),Renewed/Refurbished,255.17,255.615,253.4230311719591,2.191968828040899,0.8575274643666839
2026-01-16,Flipkart,Watch,Apple Watch Series X (45mm),Renewed/Refurbished,247.49,232.44,244.2812233137077,11.841223313707701,5.0943139363739895
2026-01-21,Flipkart,Watch,Apple Watch Series X (45mm),Renewed/Refurbished,240.13,263.63,251.90775723265654,11.72224276734346,4.446475274947259
2026-01-29,Flipkart,Watch,Apple Watch Series X (45mm),Renewed/Refurbished,264.29,247.15,257.7808491390175,10.6308491390175,4.30137533441938
2026-02-02,Flipkart,Watch,Apple Watch Series X (45mm),Renewed/Refurbished,234.29,272.06,248.93384340104797,23.126156598952036,8.500388369827256
2026-02-04,Flipkart,Watch,Apple Watch Series X (45mm),Renewed/Refurbished,260.76,242.96,239.86116865254093,3.0988313474590825,1.2754491881211238
2026-02-09,Flipkart,Watch,Apple Watch Series X (45mm),Renewed/Refurbished,250.15,252.5,240.6785649228775,11.821435077122487,4.681756466187124
2026-02-11,Flipkart,Watch,Apple Watch Series X (45mm),Renewed/Refurbished,255.615,264.74,254.94817819009404,9.791821809905969,3.698655968084146
2026-02-15,Flipkart,Watch,Apple Watch Series X (45mm),Renewed/Refurbished,232.44,235.56,253.97839125873355,18.41839125873355,7.818980836616382
2026-02-20,Flipkart,Watch,Apple Watch Series X (45mm),Renewed/Refurbished,263.63,277.67,254.37964156830287,23.290358431697143,8.38778349540719
2026-02-22,Flipkart,Watch,Apple Watch Series X (45mm),Renewed/Refurbished,255.96,240.81,252.8043271965883,11.994327196588301,4.980826044013247
2026-02-27,Flipkart,Watch,Apple Watch Series X (45mm),Renewed/Refurbished,278.54,235.72,250.2592638810131,14.539263881013113,6.168023027750345
2026-03-05,Flipkart,Watch,Apple Watch Series X (45mm),Renewed/Refurbished,254.62,266.32,256.1086239318655,10.211376068134484,3.8342505512670786
2026-03-11,Flipkart,Watch,Apple Watch Series X (45mm),Renewed/Refurbished,252.5,250.23,236.25435584445154,13.975644155548451,5.585119352415159
2026-03-17,Flipkart,Watch,Apple Watch Series X (45mm),Renewed/Refurbished,235.56,237.37,253.79407575653,16.424075756529987,6.9191876633652045
2026-03-21,Flipkart,Watch,Apple Watch Series X (45mm),Renewed/Refurbished,237.81,257.68,249.5807348265921,8.0992651734079,3.1431485460291446
2026-03-22,Flipkart,Watch,Apple Watch Series X (45mm),Renewed/Refurbished,277.67,266.94,246.18579163612816,20.75420836387184,7.774858906073215
2026-04-07,Flipkart,Watch,Apple Watch Series X (45mm),Renewed/Refurbished,234.51,235.73,251.2098208017631,15.479820801763111,6.5667589198503
2026-04-10,Flipkart,Watch,Apple Watch Series X (45mm),Renewed/Refurbished,250.23,262.51,252.37891893550585,10.13108106449414,3.8593124317146543
2026-04-19,Flipkart,Watch,Apple Watch Series X (45mm),Renewed/Refurbished,250.215,261.73,250.38087929246615,11.34912070753387,4.336194057820605
2026-04-21,Flipkart,Watch,Apple Watch Series X (45mm),Renewed/Refurbished,266.94,257.27,246.75250519955114,10.517494800448844,4.088115520833694
2026-04-29,Flipkart,Watch,Apple Watch Series X (45mm),Renewed/Refurbished,254.46,257.64,257.1772209224852,0.4627790775147673,0.17962237133782305
2026-05-10,Flipkart,Watch,Apple Watch Series X (45mm),Renewed/Refurbished,262.51,269.73,243.43279646150523,26.297203538494784,9.749454468726054
2026-05-19,Flipkart,Watch,Apple Watch Series X (45mm),Renewed/Refurbished,261.73,262.17,252.85610604859846,9.313893951401553,3.5526162228331057
2026-05-21,Flipkart,Watch,Apple Watch Series X (45mm),Renewed/Refurbished,257.27,276.57,248.22512334585474,28.344876654145253,10.248717017082566
2026-05-23,Flipkart,Watch,Apple Watch Series X (45mm),Renewed/Refurbished,262.41,265.86,248.0614969897012,17.798503010298816,6.694690066312652
2026-05-24,Flipkart,Watch,Apple Watch Series X (45mm),Renewed/Refurbished,230.28,238.87,246.1763082736952,7.306308273695208,3.0586964766170754
2026-06-03,Flipkart,Watch,Apple Watch Series X (45mm),Renewed/Refurbished,255.33,259.97,243.45644854578222,16.513551454217804,6.3520988784158945
2026-06-10,Flipkart,Watch,Apple Watch Series X (45mm),Renewed/Refurbished,242.28,234.97,247.34725034853835,12.377250348538354,5.267587499909927
2026-06-12,Flipkart,Watch,Apple Watch Series X (45mm),Renewed/Refurbished,244.72,239.81,248.31971860972618,8.509718609726178,3.5485253366107243
2026-06-19,Flipkart,Watch,Apple Watch Series X (45mm),Renewed/Refurbished,234.59,258.47,253.25379611076147,5.216203889238557,2.0181080547988377
2026-06-22,Flipkart,Watch,Apple Watch Series X (45mm),Renewed/Refurbished,265.86,255.585,259.6909238938947,4.105923893894698,1.6064807769997056
2026-06-23,Flipkart,Watch,Apple Watch Series X (45mm),Renewed/Refurbished,238.87,259.48,253.6809411183707,5.799058881629321,2.2348770161975184
2026-06-25,Flipkart,Watch,Apple Watch Series X (45mm),Renewed/Refurbished,251.03,272.13,241.10740455473967,31.022595445260322,11.3999174825489
2026-01-06,Flipkart,Watch,Apple Watch Ultra,New,496.985,502.74,491.1683016223293,11.571698377670714,2.3017262158711684
2026-01-09,Flipkart,Watch,Apple Watch Ultra,New,504.24,490.05,489.7416998730835,0.30830012691649245,0.06291197365911488
2026-01-12,Flipkart,Watch,Apple Watch Ultra,New,499.19,506.66,491.8485239201573,14.811476079842748,2.9233561125493916
2026-01-22,Flipkart,Watch,Apple Watch Ultra,New,508.74,506.68,491.9165664726421,14.763433527357904,2.913758886744672
2026-01-24,Flipkart,Watch,Apple Watch Ultra,New,497.19,498.54999999999995,495.1834914836728,3.366508516327144,0.6752599571411383
2026-02-01,Flipkart,Watch,Apple Watch Ultra,New,505.485,501.38,489.0110266283876,12.368973371612412,2.4669857935323334
2026-02-03,Flipkart,Watch,Apple Watch Ultra,New,493.57,502.655,486.23978593425943,16.415214065740543,3.2657019358686465
2026-02-10,Flipkart,Watch,Apple Watch Ultra,New,493.55,495.74,486.8037436416291,8.936256358370883,1.8026095046538273
2026-02-23,Flipkart,Watch,Apple Watch Ultra,New,498.54999999999995,501.02,492.8854988853468,8.134501114653176,1.623588103200107
2026-02-27,Flipkart,Watch,Apple Watch Ultra,New,493.72,508.05,491.13180732532896,16.918192674671047,3.330025130335803
2026-02-28,Flipkart,Watch,Apple Watch Ultra,New,506.65,498.44,493.4061853530128,5.033814646987196,1.0099138606426443
2026-03-02,Flipkart,Watch,Apple Watch Ultra,New,501.36,505.85,488.50685818084753,17.343141819152493,3.428514741356626
2026-03-03,Flipkart,Watch,Apple Watch Ultra,New,501.38,503.315,495.3046174516254,8.010382548374594,1.5915247009078994
2026-03-09,Flipkart,Watch,Apple Watch Ultra,New,499.66,489.16,492.3854558185031,3.2254558185030646,0.6593866666332211
2026-03-11,Flipkart,Watch,Apple Watch Ultra,New,507.49,504.655,493.2387310955885,11.416268904411481,2.2621927662287074
2026-03-12,Flipkart,Watch,Apple Watch Ultra,New,495.74,508.61,501.64834999091966,6.961650009080358,1.368759955384353
2026-03-17,Flipkart,Watch,Apple Watch Ultra,New,493.04,504.83000000000004,496.34269867784485,8.48730132215519,1.6812196823000196
2026-03-28,Flipkart,Watch,Apple Watch Ultra,New,495.44,507.16,501.01262935860376,6.1473706413962645,1.2121166183051235
2026-03-29,Flipkart,Watch,Apple Watch Ultra,New,508.05,491.94,492.1732164249102,0.23321642491021066,0.047407493781804824
2026-03-31,Flipkart,Watch,Apple Watch Ultra,New,489.82,502.4,489.1420767471649,13.257923252835099,2.638917844911445
2026-04-02,Flipkart,Watch,Apple Watch Ultra,New,503.315,499.97,489.8937083989797,10.07629160102033,2.0153792429586432
2026-04-16,Flipkart,Watch,Apple Watch Ultra,New,504.83000000000004,498.34000000000003,493.0705772354344,5.269422764565604,1.057395104660594
2026-04-19,Flipkart,Watch,Apple Watch Ultra,New,505.87,492.17,496.51043722516204,4.34043722516202,0.8818979671987363
2026-04-22,Flipkart,Watch,Apple Watch Ultra,New,503.55,493.53,495.5514947875646,2.0214947875646203,0.40959917078285424
2026-04-23,Flipkart,Watch,Apple Watch Ultra,New,507.31,502.59,495.49873790998606,7.091262090013913,1.4109437294840554
2026-04-27,Flipkart,Watch,Apple Watch Ultra,New,507.16,498.63,504.9669524984897,6.3369524984897225,1.270872690870931
2026-04-28,Flipkart,Watch,Apple Watch Ultra,New,491.94,493.39,496.32857315052587,2.938573150525883,0.5955883075307329
2026-04-30,Flipkart,Watch,Apple Watch Ultra,New,502.4,489.76,491.79367783472736,2.0336778347273707,0.41523967549970814
2026-05-02,Flipkart,Watch,Apple Watch Ultra,New,499.97,493.07,490.5373904619329,2.5326095380671063,0.5136409714781078
2026-05-04,Flipkart,Watch,Apple Watch Ultra,New,507.38,503.61,496.5618367656857,7.048163234314302,1.399528054310737
2026-05-15,Flipkart,Watch,Apple Watch Ultra,New,490.47,494.66,498.49613469177086,3.8361346917708374,0.7755093785167261
2026-05-19,Flipkart,Watch,Apple Watch Ultra,New,492.17,497.695,489.52244500874303,8.172554991256959,1.6420809916227728
2026-05-22,Flipkart,Watch,Apple Watch Ultra,New,493.53,502.66,491.15141830655915,11.508581693440874,2.2895360071302417
2026-05-27,Flipkart,Watch,Apple Watch Ultra,New,498.63,500.02,489.1644016160194,10.855598383980578,2.171032835482696
2026-05-28,Flipkart,Watch,Apple Watch Ultra,New,493.39,501.99,485.72168593095455,16.26831406904546,3.2407645708172392
2026-05-30,Flipkart,Watch,Apple Watch Ultra,New,489.76,493.72,485.4955818682978,8.224418131702237,1.665806151604601
2026-06-01,Flipkart,Watch,Apple Watch Ultra,New,493.07,504.24,479.77052389836,24.469476101639998,4.852743951618276
2026-06-03,Flipkart,Watch,Apple Watch Ultra,New,503.61,493.68,480.01307551526327,13.66692448473674,2.7683771845601886
2026-06-14,Flipkart,Watch,Apple Watch Ultra,New,494.66,500.46,473.53014389237893,26.92985610762105,5.381020682496313
2026-06-20,Flipkart,Watch,Apple Watch Ultra,New,503.49,498.16,484.5861446749346,13.573855325065438,2.724798322841143
2026-06-21,Flipkart,Watch,Apple Watch Ultra,New,502.66,501.59,478.0590049013089,23.53099509869105,4.691280746962868
2026-06-29,Flipkart,Watch,Apple Watch Ultra,New,493.72,500.75,486.83467959364833,13.915320406351668,2.778895737663838
2026-06-30,Flipkart,Watch,Apple Watch Ultra,New,494.84,500.49,483.28590447291185,17.204095527088157,3.43745040402169
2026-07-01,Flipkart,Watch,Apple Watch Ultra,New,504.24,500.02,487.65072926440723,12.36927073559275,2.4737551969106737
2026-01-11,Flipkart,Watch,Apple Watch Ultra,Renewed/Refurbished,412.89,415.54499999999996,380.7094704360114,34.83552956398859,8.383094385442874
2026-01-18,Flipkart,Watch,Apple Watch Ultra,Renewed/Refurbished,387.54,349.77,377.5508717687451,27.7808717687451,7.942611364252253
2026-01-21,Flipkart,Watch,Apple Watch Ultra,Renewed/Refurbished,390.30999999999995,406.82,384.9366970499149,21.883302950085067,5.379111879967816
2026-01-27,Flipkart,Watch,Apple Watch Ultra,Renewed/Refurbished,368.69,355.51,365.79712687595514,10.287126875955153,2.8936251795885215
2026-02-12,Flipkart,Watch,Apple Watch Ultra,Renewed/Refurbished,384.86,349.05,374.59479952546,25.544799525460007,7.318378319856755
2026-02-14,Flipkart,Watch,Apple Watch Ultra,Renewed/Refurbished,423.11,358.63,377.00908447984494,18.37908447984495,5.124803970622912
2026-03-16,Flipkart,Watch,Apple Watch Ultra,Renewed/Refurbished,358.63,407.07,369.8115382607297,37.258461739270274,9.152839005397173
2026-05-20,Flipkart,Watch,Apple Watch Ultra,Renewed/Refurbished,350.43,419.5,362.04822678726333,57.45177321273667,13.69529754773222
2026-06-01,Flipkart,Watch,Apple Watch Ultra,Renewed/Refurbished,390.925,386.23,365.320851075274,20.909148924726026,5.413652208457661
2026-06-18,Flipkart,Watch,Apple Watch Ultra,Renewed/Refurbished,365.1,372.28499999999997,369.1554674682378,3.129532531762152,0.8406281563216761
2026-07-01,Flipkart,Watch,Apple Watch Ultra,Renewed/Refurbished,386.23,365.91,378.1723807735405,12.262380773540485,3.351201326430129
2026-01-03,Flipkart,Watch,Apple Watch Ultra 2,New,599.4,592.48,596.5998678678759,4.119867867875882,0.6953598210700584
2026-01-05,Flipkart,Watch,Apple Watch Ultra 2,New,590.0,606.1700000000001,594.3714011381395,11.798598861860569,1.9464174838511583
2026-01-12,Flipkart,Watch,Apple Watch Ultra 2,New,603.6949999999999,607.97,597.288661840921,10.681338159079019,1.7568857277627217
2026-01-14,Flipkart,Watch,Apple Watch Ultra 2,New,606.065,595.29,595.1763145496492,0.11368545035077204,0.019097490357770506
2026-01-24,Flipkart,Watch,Apple Watch Ultra 2,New,600.08,595.6949999999999,604.0880182256681,8.39301822566813,1.4089455553039945
2026-01-25,Flipkart,Watch,Apple Watch Ultra 2,New,595.04,605.92,594.0791889006647,11.84081109933527,1.9541872028213743
2026-01-27,Flipkart,Watch,Apple Watch Ultra 2,New,604.1099999999999,604.98,597.0777281889245,7.9022718110754795,1.3062038102210782
2026-01-31,Flipkart,Watch,Apple Watch Ultra 2,New,607.74,607.47,600.9506448437845,6.519355156215511,1.0731978791076944
2026-02-04,Flipkart,Watch,Apple Watch Ultra 2,New,606.1700000000001,602.48,602.1017558573355,0.37824414266447093,0.06278119483874502
2026-02-08,Flipkart,Watch,Apple Watch Ultra 2,New,600.93,607.05,609.2681522772668,2.2181522772668814,0.36539861251410616
2026-02-09,Flipkart,Watch,Apple Watch Ultra 2,New,603.11,601.73,603.1049603669028,1.3749603669027692,0.22850121597772577
2026-02-12,Flipkart,Watch,Apple Watch Ultra 2,New,593.96,594.285,603.9670203376811,9.682020337681138,1.6291880726723944
2026-02-16,Flipkart,Watch,Apple Watch Ultra 2,New,601.865,593.68,596.1906412982122,2.5106412982122492,0.4228947072854483
2026-02-20,Flipkart,Watch,Apple Watch Ultra 2,New,601.29,601.36,597.2912828573552,4.0687171426448,0.6765859290017295
2026-02-23,Flipkart,Watch,Apple Watch Ultra 2,New,595.6949999999999,607.54,594.9286939991563,12.611306000843683,2.0757984660834983
2026-02-24,Flipkart,Watch,Apple Watch Ultra 2,New,605.92,590.87,596.8694368896388,5.999436889638787,1.0153564895220246
2026-03-02,Flipkart,Watch,Apple Watch Ultra 2,New,607.47,588.15,594.6087287875617,6.458728787561768,1.098143124638573
2026-03-06,Flipkart,Watch,Apple Watch Ultra 2,New,602.48,593.05,597.6695439918169,4.619543991816954,0.7789467990585877
2026-03-12,Flipkart,Watch,Apple Watch Ultra 2,New,598.935,591.0,596.8960054273725,5.896005427372529,0.9976320520088882
2026-03-14,Flipkart,Watch,Apple Watch Ultra 2,New,594.285,600.98,595.8043495830492,5.175650416950816,0.8612017732621411
2026-03-18,Flipkart,Watch,Apple Watch Ultra 2,New,593.68,599.37,597.3183692245198,2.0516307754802483,0.342297875349158
2026-03-25,Flipkart,Watch,Apple Watch Ultra 2,New,607.54,610.69,597.846980579614,12.8430194203861,2.103034177796607
2026-03-26,Flipkart,Watch,Apple Watch Ultra 2,New,590.87,598.625,596.6215509931218,2.0034490068782134,0.3346751316564148
2026-03-27,Flipkart,Watch,Apple Watch Ultra 2,New,590.73,604.75,598.1931704037934,6.556829596206626,1.0842215123946466
2026-03-31,Flipkart,Watch,Apple Watch Ultra 2,New,591.87,610.23,597.3366097079902,12.893390292009826,2.1128738823082815
2026-04-02,Flipkart,Watch,Apple Watch Ultra 2,New,597.46,608.45,596.2862471792943,12.163752820705781,1.9991376153678657
2026-04-05,Flipkart,Watch,Apple Watch Ultra 2,New,593.05,588.51,596.4327629867778,7.922762986777798,1.3462410131990616
2026-04-06,Flipkart,Watch,Apple Watch Ultra 2,New,598.5550000000001,604.15,595.7714436392769,8.37855636072311,1.3868337930519095
2026-04-07,Flipkart,Watch,Apple Watch Ultra 2,New,599.82,595.71,598.3869337457409,2.6769337457408255,0.44936860985056915
2026-04-15,Flipkart,Watch,Apple Watch Ultra 2,New,598.67,602.9549999999999,595.8096854667206,7.145314533279361,1.1850493873140386
2026-04-16,Flipkart,Watch,Apple Watch Ultra 2,New,598.75,606.99,598.7335389641578,8.256461035842221,1.3602301579667246
2026-04-19,Flipkart,Watch,Apple Watch Ultra 2,New,590.68,597.775,596.8263105407007,0.9486894592993167,0.1587034351217961
2026-04-25,Flipkart,Watch,Apple Watch Ultra 2,New,598.625,605.02,597.2604278242015,7.759572175798439,1.2825315156190604
2026-04-26,Flipkart,Watch,Apple Watch Ultra 2,New,604.75,606.2,597.6847514599334,8.515248540066636,1.4046929297371553
2026-04-30,Flipkart,Watch,Apple Watch Ultra 2,New,610.23,604.97,606.4971516758026,1.5271516758025427,0.2524342819978747
2026-05-02,Flipkart,Watch,Apple Watch Ultra 2,New,608.45,589.765,597.9569027799639,8.191902779963925,1.38901134858188
2026-05-03,Flipkart,Watch,Apple Watch Ultra 2,New,594.85,587.29,596.9601686237748,9.670168623774885,1.646574711603277
2026-05-04,Flipkart,Watch,Apple Watch Ultra 2,New,597.23,590.95,596.7518363296881,5.801836329688058,0.9817812555525945
2026-05-05,Flipkart,Watch,Apple Watch Ultra 2,New,588.51,605.3199999999999,596.0175910824285,9.302408917571483,1.5367754109514777
2026-05-07,Flipkart,Watch,Apple Watch Ultra 2,New,595.71,610.41,598.1048104922492,12.30518950775081,2.015889239650532
2026-05-14,Flipkart,Watch,Apple Watch Ultra 2,New,606.065,601.26,596.669966513688,4.590033486311995,0.7634024359365325
2026-05-15,Flipkart,Watch,Apple Watch Ultra 2,New,602.9549999999999,602.43,598.8573405009853,3.5726594990146623,0.5930414320360311
2026-05-20,Flipkart,Watch,Apple Watch Ultra 2,New,602.135,589.27,597.4692510385518,8.199251038551779,1.391425159697894
2026-05-22,Flipkart,Watch,Apple Watch Ultra 2,New,592.45,593.6700000000001,597.7605525052671,4.0905525052670555,0.689027996238155
2026-05-23,Flipkart,Watch,Apple Watch Ultra 2,New,593.15,596.36,603.7793785254565,7.419378525456523,1.244110692443578
2026-05-26,Flipkart,Watch,Apple Watch Ultra 2,New,606.2,599.38,597.3778463749651,2.0021536250349072,0.33403744286344345
2026-05-28,Flipkart,Watch,Apple Watch Ultra 2,New,593.62,593.2,597.0751241309938,3.875124130993754,0.6532576080569376
2026-05-31,Flipkart,Watch,Apple Watch Ultra 2,New,596.73,591.54,597.1841956454359,5.644195645435957,0.95415282913006
2026-06-01,Flipkart,Watch,Apple Watch Ultra 2,New,589.765,595.95,596.1209863772542,0.17098637725416665,0.028691396468523638
2026-06-02,Flipkart,Watch,Apple Watch Ultra 2,New,587.29,588.67,595.0697424568299,6.399742456829927,1.0871528117332168
2026-06-03,Flipkart,Watch,Apple Watch Ultra 2,New,590.95,590.86,596.6965265569822,5.836526556982221,0.9878019424199
2026-06-04,Flipkart,Watch,Apple Watch Ultra 2,New,605.3199999999999,603.0699999999999,593.4654150868934,9.604584913106578,1.5926152707159333
2026-06-06,Flipkart,Watch,Apple Watch Ultra 2,New,610.41,587.23,600.9016198175949,13.671619817594888,2.328154184492428
2026-06-10,Flipkart,Watch,Apple Watch Ultra 2,New,600.3,603.595,595.8047013104164,7.790298689583665,1.2906499705238885
2026-06-11,Flipkart,Watch,Apple Watch Ultra 2,New,596.37,607.73,597.9057936840202,9.824206315979836,1.6165412791831628
2026-06-14,Flipkart,Watch,Apple Watch Ultra 2,New,602.43,587.25,596.3478888632994,9.097888863299431,1.549236077190197
2026-06-16,Flipkart,Watch,Apple Watch Ultra 2,New,608.71,596.875,594.9169849504927,1.958015049507253,0.328044406200168
2026-06-19,Flipkart,Watch,Apple Watch Ultra 2,New,589.27,590.4,596.2020611944575,5.802061194457565,0.9827339421506716
2026-06-25,Flipkart,Watch,Apple Watch Ultra 2,New,599.38,589.58,595.7670854204661,6.187085420466019,1.0494055803226057
2026-06-28,Flipkart,Watch,Apple Watch Ultra 2,New,596.91,606.89,593.5327690022866,13.357230997713373,2.200931140357128
2026-01-10,Flipkart,Watch,Apple Watch Ultra 2,Renewed/Refurbished,430.0,480.78,429.36936482804697,51.410635171953004,10.693172588700238
2026-02-22,Flipkart,Watch,Apple Watch Ultra 2,Renewed/Refurbished,489.62,469.93,440.4553541979833,29.47464580201671,6.272135382294536
2026-03-07,Flipkart,Watch,Apple Watch Ultra 2,Renewed/Refurbished,482.99,450.63,451.0911840133702,0.4611840133702003,0.10234205742409522
2026-05-26,Flipkart,Watch,Apple Watch Ultra 2,Renewed/Refurbished,417.64,491.14,428.3390528139775,62.80094718602248,12.786771019673104
2026-06-04,Flipkart,Watch,Apple Watch Ultra 2,Renewed/Refurbished,459.235,472.18,444.1769058084935,28.003094191506534,5.930597270427916
2026-06-13,Flipkart,Watch,Apple Watch Ultra 2,Renewed/Refurbished,453.67,473.85,447.0792868622171,26.770713137782934,5.649617629583821
2026-06-23,Flipkart,Watch,Apple Watch Ultra 2,Renewed/Refurbished,435.43,477.19,440.1186614134136,37.07133858658642,7.768674655082131
2026-06-29,Flipkart,Watch,Apple Watch Ultra 2,Renewed/Refurbished,491.505,450.19,451.7978528591526,1.607852859152615,0.3571498387686566
2026-01-06,Flipkart,Mac,MacBook Air M1 256GB,New,595.64,598.4,586.9957338084909,11.404266191509123,1.905793146976792
2026-01-22,Flipkart,Mac,MacBook Air M1 256GB,New,590.99,607.32,597.6903204829671,9.629679517032969,1.5856022388580926
2026-01-26,Flipkart,Mac,MacBook Air M1 256GB,New,601.94,600.7650000000001,595.4560888613776,5.308911138622534,0.8836918160383067
2026-02-05,Flipkart,Mac,MacBook Air M1 256GB,New,598.4,597.25,600.9306605475115,3.6806605475114793,0.616267986188611
2026-02-09,Flipkart,Mac,MacBook Air M1 256GB,New,587.79,601.43,602.975316440404,1.545316440404008,0.25694036552948946
2026-02-15,Flipkart,Mac,MacBook Air M1 256GB,New,595.38,603.24,601.8432341492105,1.3967658507895067,0.2315439710214022
2026-02-20,Flipkart,Mac,MacBook Air M1 256GB,New,609.53,604.38,606.2621920887334,1.8821920887334045,0.31142527693394956
2026-02-28,Flipkart,Mac,MacBook Air M1 256GB,New,605.93,592.84,600.559464357536,7.719464357535912,1.3021159769138237
2026-03-07,Flipkart,Mac,MacBook Air M1 256GB,New,597.25,605.47,600.5660542795199,4.903945720480124,0.8099403307315182
2026-03-11,Flipkart,Mac,MacBook Air M1 256GB,New,601.43,598.35,601.4701595508138,3.12015955081381,0.5214606084756096
2026-03-14,Flipkart,Mac,MacBook Air M1 256GB,New,589.67,600.28,603.8376087180847,3.55760871808468,0.5926582125149397
2026-03-21,Flipkart,Mac,MacBook Air M1 256GB,New,591.1,589.95,603.6149036224904,13.664903622490328,2.3162816547996146
2026-03-22,Flipkart,Mac,MacBook Air M1 256GB,New,604.38,609.56,606.3573292102192,3.2026707897807682,0.5254069804089456
2026-03-26,Flipkart,Mac,MacBook Air M1 256GB,New,603.18,594.07,603.7874572709572,9.717457270957198,1.6357428031978045
2026-04-02,Flipkart,Mac,MacBook Air M1 256GB,New,596.28,606.6,606.2951363785389,0.30486362146109514,0.05025776812744726
2026-04-06,Flipkart,Mac,MacBook Air M1 256GB,New,605.47,591.02,603.2426060486098,12.222606048609805,2.0680528659960418
2026-04-11,Flipkart,Mac,MacBook Air M1 256GB,New,601.42,598.96,603.3616318919705,4.40163189197051,0.7348791057784343
2026-04-20,Flipkart,Mac,MacBook Air M1 256GB,New,589.95,604.29,608.2282316703852,3.938231670385221,0.6517122028140828
2026-04-25,Flipkart,Mac,MacBook Air M1 256GB,New,594.07,590.62,603.3875628333892,12.767562833389206,2.1617220604431284
2026-04-28,Flipkart,Mac,MacBook Air M1 256GB,New,589.465,611.31,600.089040937383,11.220959062616998,1.8355595463213426
2026-05-03,Flipkart,Mac,MacBook Air M1 256GB,New,600.26,602.67,601.7080231679861,0.9619768320138746,0.15961916671045095
2026-05-16,Flipkart,Mac,MacBook Air M1 256GB,New,594.95,596.63,597.514535329855,0.884535329854998,0.14825525532658398
2026-05-25,Flipkart,Mac,MacBook Air M1 256GB,New,590.62,595.69,596.4659370889341,0.7759370889340289,0.13025853865836742
2026-06-02,Flipkart,Mac,MacBook Air M1 256GB,New,602.67,605.1600000000001,594.2199019759005,10.940098024099598,1.807802568593363
2026-06-20,Flipkart,Mac,MacBook Air M1 256GB,New,605.94,609.98,603.432250541573,6.547749458427006,1.0734367452091882
2026-06-22,Flipkart,Mac,MacBook Air M1 256GB,New,597.8050000000001,597.81,589.4757727987503,8.334227201249632,1.3941264283383739
2026-01-05,Flipkart,Mac,MacBook Air M1 256GB,Renewed/Refurbished,433.34,465.83,450.0385650790606,15.791434920939366,3.389956619569235
2026-02-11,Flipkart,Mac,MacBook Air M1 256GB,Renewed/Refurbished,449.92,501.77,455.42221450290805,46.347785497091934,9.236858619903927
2026-04-29,Flipkart,Mac,MacBook Air M1 256GB,Renewed/Refurbished,419.19,507.12,461.60978528244743,45.51021471755257,8.974249628796453
2026-01-02,Flipkart,Mac,MacBook Air M2 256GB,New,911.72,914.89,904.9566010289515,9.933398971048518,1.085747900955144
2026-01-08,Flipkart,Mac,MacBook Air M2 256GB,New,916.46,896.27,914.3426007781367,18.07260077813669,2.0164237091653954
2026-01-11,Flipkart,Mac,MacBook Air M2 256GB,New,886.68,892.825,908.0340872513045,15.209087251304481,1.7034790973936078
2026-01-12,Flipkart,Mac,MacBook Air M2 256GB,New,884.04,909.25,900.3783119715767,8.87168802842325,0.9757149330132803
2026-01-14,Flipkart,Mac,MacBook Air M2 256GB,New,903.52,896.19,910.6824579253203,14.492457925320195,1.6171189061828624
2026-01-17,Flipkart,Mac,MacBook Air M2 256GB,New,896.27,916.57,923.0750838182615,6.5050838182614825,0.7097203506836883
2026-01-18,Flipkart,Mac,MacBook Air M2 256GB,New,882.2,898.22,905.1835026874693,6.9635026874692585,0.7752558045322147
2026-01-25,Flipkart,Mac,MacBook Air M2 256GB,New,895.12,903.455,887.3043173813867,16.15068261861336,1.7876576717836923
2026-01-26,Flipkart,Mac,MacBook Air M2 256GB,New,899.7,902.4849999999999,900.0231618302563,2.4618381697436007,0.2727843864156857
2026-01-31,Flipkart,Mac,MacBook Air M2 256GB,New,883.61,887.55,895.5298376087519,7.97983760875195,0.8990859792408259
2026-02-01,Flipkart,Mac,MacBook Air M2 256GB,New,914.89,898.06,905.0764529063414,7.016452906341442,0.781289992466143
2026-02-03,Flipkart,Mac,MacBook Air M2 256GB,New,890.57,902.28,907.1558814901696,4.875881490169604,0.5403956078123869
2026-02-07,Flipkart,Mac,MacBook Air M2 256GB,New,896.27,903.04,903.907249375557,0.8672493755569803,0.09603665126206816
2026-02-11,Flipkart,Mac,MacBook Air M2 256GB,New,909.25,893.7950000000001,900.7207051545782,6.925705154578168,0.7748650590547236
2026-02-19,Flipkart,Mac,MacBook Air M2 256GB,New,910.34,897.36,901.8259163164781,4.465916316478115,0.49767276416133044
2026-02-24,Flipkart,Mac,MacBook Air M2 256GB,New,903.455,907.105,909.4082721611662,2.3032721611662055,0.2539146142030091
2026-03-02,Flipkart,Mac,MacBook Air M2 256GB,New,887.55,883.77,891.9273264694007,8.157326469400687,0.9230146383562111
2026-03-04,Flipkart,Mac,MacBook Air M2 256GB,New,903.81,890.855,900.6884232786172,9.833423278617147,1.1038186100563108
2026-03-07,Flipkart,Mac,MacBook Air M2 256GB,New,886.125,889.465,897.937092738636,8.472092738635979,0.9524930985070778
2026-03-09,Flipkart,Mac,MacBook Air M2 256GB,New,903.04,895.13,889.8711083159629,5.258891684037053,0.5875003277777588
2026-03-13,Flipkart,Mac,MacBook Air M2 256GB,New,893.7950000000001,883.33,901.3944355003595,18.064435500359423,2.045038151128052
2026-03-17,Flipkart,Mac,MacBook Air M2 256GB,New,893.675,888.73,899.8361969459651,11.106196945965053,1.249670535029205
2026-03-23,Flipkart,Mac,MacBook Air M2 256GB,New,907.45,909.4449999999999,898.097275514964,11.347724485035883,1.247763689396927
2026-03-26,Flipkart,Mac,MacBook Air M2 256GB,New,907.105,888.07,904.0082588981834,15.938258898183335,1.7947075003303046
2026-04-01,Flipkart,Mac,MacBook Air M2 256GB,New,883.77,900.63,891.2423061899777,9.387693810022256,1.04234744678972
2026-04-24,Flipkart,Mac,MacBook Air M2 256GB,New,887.94,911.635,891.3640019786892,20.27099802131079,2.2235870739178276
2026-04-26,Flipkart,Mac,MacBook Air M2 256GB,New,902.67,883.41,881.5696463159572,1.840353684042725,0.20832384555786385
2026-04-30,Flipkart,Mac,MacBook Air M2 256GB,New,902.47,891.86,910.1514823015591,18.291482301559085,2.050936503661907
2026-05-01,Flipkart,Mac,MacBook Air M2 256GB,New,900.63,907.75,903.4319224963356,4.318077503664426,0.4756901684014791
2026-05-09,Flipkart,Mac,MacBook Air M2 256GB,New,900.07,904.13,892.598875155523,11.531124844476949,1.2753835006555418
2026-05-18,Flipkart,Mac,MacBook Air M2 256GB,New,890.68,900.94,890.6544716802508,10.285528319749233,1.1416440961383925
2026-05-29,Flipkart,Mac,MacBook Air M2 256GB,New,891.2,889.32,893.6166491325981,4.296649132598077,0.4831387051452881
2026-05-31,Flipkart,Mac,MacBook Air M2 256GB,New,907.75,908.92,874.0768964137599,34.84310358624009,3.833462085358458
2026-06-08,Flipkart,Mac,MacBook Air M2 256GB,New,904.13,914.95,884.3597729419113,30.59022705808877,3.343376912190696
2026-06-11,Flipkart,Mac,MacBook Air M2 256GB,New,894.39,912.52,873.5162098140167,39.003790185983235,4.274294282424849
2026-06-17,Flipkart,Mac,MacBook Air M2 256GB,New,900.94,804.065,871.1319730002208,67.06697300022074,8.340988974799393
2026-06-21,Flipkart,Mac,MacBook Air M2 256GB,New,903.15,798.99,880.6890358207928,81.6990358207928,10.225288904841461
2026-06-27,Flipkart,Mac,MacBook Air M2 256GB,New,911.52,802.15,880.6481577521473,78.49815775214734,9.785969924845395
2026-06-28,Flipkart,Mac,MacBook Air M2 256GB,New,889.32,787.26,871.6295536354276,84.36955363542756,10.71686020316383
2026-06-30,Flipkart,Mac,MacBook Air M2 256GB,New,908.92,810.88,871.0707316970662,60.19073169706621,7.422890156011521
2026-07-01,Flipkart,Mac,MacBook Air M2 256GB,New,900.94,799.53,874.6594030959989,75.1294030959989,9.396695945868059
2026-01-12,Flipkart,Mac,MacBook Air M2 256GB,Renewed/Refurbished,683.27,716.81,676.7134110563811,40.096588943618826,5.593754125028784
2026-01-19,Flipkart,Mac,MacBook Air M2 256GB,Renewed/Refurbished,731.29,647.19,694.723654831743,47.53365483174298,7.34462133712557
2026-01-21,Flipkart,Mac,MacBook Air M2 256GB,Renewed/Refurbished,698.8,654.67,668.8624046188763,14.192404618876367,2.1678715412156304
2026-01-24,Flipkart,Mac,MacBook Air M2 256GB,Renewed/Refurbished,656.94,672.24,676.473363502496,4.23336350249599,0.6297398998119705
2026-02-24,Flipkart,Mac,MacBook Air M2 256GB,Renewed/Refurbished,644.21,628.76,672.8679580309683,44.10795803096835,7.015070620104388
2026-03-14,Flipkart,Mac,MacBook Air M2 256GB,Renewed/Refurbished,651.48,691.075,674.7553602598921,16.31963974010796,2.361486052904237
2026-03-28,Flipkart,Mac,MacBook Air M2 256GB,Renewed/Refurbished,739.9,757.62,708.4590770822665,49.1609229177335,6.4888628755488895
2026-04-13,Flipkart,Mac,MacBook Air M2 256GB,Renewed/Refurbished,691.075,730.28,644.0061529507044,86.27384704929557,11.813803890192197
2026-06-16,Flipkart,Mac,MacBook Air M2 256GB,Renewed/Refurbished,671.83,650.19,642.6736049532251,7.51639504677496,1.1560305521116843
2026-06-23,Flipkart,Mac,MacBook Air M2 256GB,Renewed/Refurbished,622.98,558.96,642.9509238645213,83.99092386452128,15.026285219786976
2026-01-02,Flipkart,Mac,MacBook Air M3 256GB,New,996.12,986.67,1008.6630278180266,21.99302781802669,2.2290155592068968
2026-01-03,Flipkart,Mac,MacBook Air M3 256GB,New,980.35,991.9849999999999,967.3020259037996,24.68297409620027,2.4882406584978876
2026-01-08,Flipkart,Mac,MacBook Air M3 256GB,New,993.52,980.265,995.4131126527025,15.14811265270248,1.5453079170124895
2026-01-12,Flipkart,Mac,MacBook Air M3 256GB,New,1014.53,994.6,989.1392686990305,5.460731300969542,0.5490379349456607
2026-01-14,Flipkart,Mac,MacBook Air M3 256GB,New,998.9200000000001,994.55,1004.5914137672867,10.041413767286713,1.009643936180857
2026-01-15,Flipkart,Mac,MacBook Air M3 256GB,New,1002.35,982.36,1011.5882308963032,29.228230896303216,2.9753075141804652
2026-01-16,Flipkart,Mac,MacBook Air M3 256GB,New,993.2,1011.68,1002.7790511203782,8.900948879621751,0.879818606636659
2026-01-17,Flipkart,Mac,MacBook Air M3 256GB,New,1000.93,1000.02,1014.5247660179533,14.50476601795333,1.4504475928434761
2026-01-18,Flipkart,Mac,MacBook Air M3 256GB,New,995.115,996.17,996.3618775018459,0.19187750184596553,0.019261521813140885
2026-01-19,Flipkart,Mac,MacBook Air M3 256GB,New,1010.36,984.88,1010.9423008437218,26.0623008437218,2.6462412521039926
2026-01-20,Flipkart,Mac,MacBook Air M3 256GB,New,990.11,995.785,1021.35854726484,25.573547264840045,2.568179603512811
2026-01-21,Flipkart,Mac,MacBook Air M3 256GB,New,1003.64,985.9,1022.7896610039236,36.88966100392361,3.7417244146387674
2026-01-22,Flipkart,Mac,MacBook Air M3 256GB,New,1000.78,988.5799999999999,1000.9778366216403,12.397836621640408,1.2541055475166814
2026-01-23,Flipkart,Mac,MacBook Air M3 256GB,New,1002.645,985.64,1003.890498050051,18.250498050050965,1.8516393460138554
2026-01-27,Flipkart,Mac,MacBook Air M3 256GB,New,995.94,1009.19,1005.0926173460903,4.09738265390979,0.4060070605049386
2026-01-30,Flipkart,Mac,MacBook Air M3 256GB,New,981.53,995.94,989.6396168830261,6.30038311697399,0.6326066948786061
2026-02-01,Flipkart,Mac,MacBook Air M3 256GB,New,986.67,1009.45,968.5283483372588,40.92165166274128,4.053856224948366
2026-02-02,Flipkart,Mac,MacBook Air M3 256GB,New,991.9849999999999,1017.76,1005.9284226129098,11.831577387090192,1.1625115338675318
2026-02-03,Flipkart,Mac,MacBook Air M3 256GB,New,1011.08,991.835,996.9553079293453,5.120307929345245,0.5162459410431417
2026-02-11,Flipkart,Mac,MacBook Air M3 256GB,New,994.6,887.62,922.1489132292763,34.52891322927633,3.8900557929380053
2026-02-13,Flipkart,Mac,MacBook Air M3 256GB,New,994.55,897.475,907.00192553394,9.526925533940016,1.061525450172987
2026-02-16,Flipkart,Mac,MacBook Air M3 256GB,New,1000.02,903.71,919.9907257348218,16.28072573482177,1.8015431648229818
2026-02-17,Flipkart,Mac,MacBook Air M3 256GB,New,996.17,913.62,934.8394767846589,21.219476784658923,2.322571395619505
2026-02-18,Flipkart,Mac,MacBook Air M3 256GB,New,984.88,901.18,889.4645676230514,11.71543237694857,1.3000102506656352
2026-02-19,Flipkart,Mac,MacBook Air M3 256GB,New,995.785,893.54,910.5713548118808,17.031354811880874,1.9060539888399932
2026-02-20,Flipkart,Mac,MacBook Air M3 256GB,New,985.9,885.87,889.4274001232745,3.557400123274533,0.40157135056775073
2026-02-21,Flipkart,Mac,MacBook Air M3 256GB,New,988.5799999999999,902.2750000000001,898.2804984027946,3.994501597205499,0.4427144271098611
2026-02-24,Flipkart,Mac,MacBook Air M3 256GB,New,992.565,907.48,907.4434773453015,0.036522654698501356,0.004024623649942848
2026-02-26,Flipkart,Mac,MacBook Air M3 256GB,New,1009.19,885.47,897.6973124991792,12.22731249917922,1.3808838807841282
2026-03-01,Flipkart,Mac,MacBook Air M3 256GB,New,995.94,901.06,918.8769491239102,17.816949123910263,1.977332155895308
2026-03-07,Flipkart,Mac,MacBook Air M3 256GB,New,996.94,895.52,909.926133237275,14.406133237275071,1.6086891680001645
2026-03-10,Flipkart,Mac,MacBook Air M3 256GB,New,882.34,910.69,887.8403310563588,22.84966894364129,2.5090501645610788
2026-03-15,Flipkart,Mac,MacBook Air M3 256GB,New,897.475,895.21,904.6843479883845,9.474347988384466,1.0583380422900175
2026-03-18,Flipkart,Mac,MacBook Air M3 256GB,New,903.71,887.24,915.4746136324364,28.234613632436435,3.1822971949457233
2026-03-21,Flipkart,Mac,MacBook Air M3 256GB,New,893.54,906.88,895.3921473801311,11.487852619868931,1.2667445108359354
2026-03-22,Flipkart,Mac,MacBook Air M3 256GB,New,885.87,911.79,897.5187521197604,14.27124788023957,1.5651902170718663
2026-03-28,Flipkart,Mac,MacBook Air M3 256GB,New,885.47,903.2,883.9388933230113,19.26110667698879,2.132540597540831
2026-03-30,Flipkart,Mac,MacBook Air M3 256GB,New,893.44,890.715,890.0807026054885,0.6342973945115773,0.0712121604005296
2026-03-31,Flipkart,Mac,MacBook Air M3 256GB,New,901.06,885.36,882.6536488463903,2.7063511536097167,0.30567804662619913
2026-04-05,Flipkart,Mac,MacBook Air M3 256GB,New,889.04,890.5,884.7162836261249,5.783716373875109,0.6494908898231453
2026-04-09,Flipkart,Mac,MacBook Air M3 256GB,New,910.69,912.31,885.2829761874664,27.02702381253357,2.9624824689561193
2026-04-14,Flipkart,Mac,MacBook Air M3 256GB,New,895.21,883.7,891.8654585555989,8.165458555598889,0.9240079841121294
2026-04-16,Flipkart,Mac,MacBook Air M3 256GB,New,910.26,905.43,889.9140844551284,15.515915544871518,1.713651584868131
2026-04-21,Flipkart,Mac,MacBook Air M3 256GB,New,911.79,901.875,913.03132518872,11.156325188719961,1.2370145739398433
2026-04-29,Flipkart,Mac,MacBook Air M3 256GB,New,890.715,895.4549999999999,895.6017374750645,0.14673747506458312,0.016386917831111906
2026-04-30,Flipkart,Mac,MacBook Air M3 256GB,New,885.36,906.9,894.9287747157,11.971225284299976,1.3200160198809103
2026-05-02,Flipkart,Mac,MacBook Air M3 256GB,New,916.25,906.78,898.4337654134371,8.3462345865629,0.9204255262095438
2026-05-03,Flipkart,Mac,MacBook Air M3 256GB,New,903.61,894.65,903.8222275895899,9.172227589589966,1.0252308265343952
2026-05-08,Flipkart,Mac,MacBook Air M3 256GB,New,904.865,904.5250000000001,903.4977606683708,1.0272393316292892,0.11356671530685045
2026-05-09,Flipkart,Mac,MacBook Air M3 256GB,New,912.31,899.0899999999999,910.2139259765703,11.123925976570376,1.2372427650814022
2026-05-12,Flipkart,Mac,MacBook Air M3 256GB,New,908.825,887.465,905.8935559085827,18.428555908582666,2.0765388954587127
2026-05-14,Flipkart,Mac,MacBook Air M3 256GB,New,883.7,894.3,890.408382374316,3.891617625683921,0.43515795881515384
2026-05-16,Flipkart,Mac,MacBook Air M3 256GB,New,905.43,905.845,895.7728772748607,10.072122725139366,1.1119035513955882
2026-05-19,Flipkart,Mac,MacBook Air M3 256GB,New,891.62,911.66,894.4356564485254,17.22434355147459,1.8893385200046717
2026-05-21,Flipkart,Mac,MacBook Air M3 256GB,New,901.875,883.61,889.5781847464312,5.968184746431234,0.6754320057979464
2026-05-24,Flipkart,Mac,MacBook Air M3 256GB,New,896.4949999999999,884.935,892.4024840391262,7.467484039126248,0.8438454845978799
2026-05-25,Flipkart,Mac,MacBook Air M3 256GB,New,893.1949999999999,891.47,884.2783743058092,7.191625694190861,0.806715390780493
2026-05-29,Flipkart,Mac,MacBook Air M3 256GB,New,895.4549999999999,907.5550000000001,895.4832277363428,12.071772263657294,1.3301422242902408
2026-05-30,Flipkart,Mac,MacBook Air M3 256GB,New,906.9,890.7,902.3225878574433,11.62258785744325,1.3048824359990174
2026-06-01,Flipkart,Mac,MacBook Air M3 256GB,New,906.78,895.09,893.3330945439421,1.7569054560578934,0.1962825476832378
2026-06-02,Flipkart,Mac,MacBook Air M3 256GB,New,894.65,915.56,891.3117862536324,24.248213746367583,2.648457091437763
2026-06-07,Flipkart,Mac,MacBook Air M3 256GB,New,904.5250000000001,892.01,904.9318579687828,12.921857968782774,1.4486225455749122
2026-06-08,Flipkart,Mac,MacBook Air M3 256GB,New,899.0899999999999,887.84,893.3552054860609,5.515205486060836,0.6211936256601229
2026-06-11,Flipkart,Mac,MacBook Air M3 256GB,New,887.465,907.01,900.3401838760809,6.669816123919077,0.7353630195829237
2026-06-13,Flipkart,Mac,MacBook Air M3 256GB,New,894.3,899.58,894.6371020472629,4.942897952737098,0.5494673017115874
2026-06-16,Flipkart,Mac,MacBook Air M3 256GB,New,887.42,894.18,891.4478488320117,2.7321511679882633,0.3055482305562933
2026-06-18,Flipkart,Mac,MacBook Air M3 256GB,New,911.66,901.86,893.0208378065403,8.839162193459742,0.9801035851972305
2026-06-19,Flipkart,Mac,MacBook Air M3 256GB,New,898.79,887.52,896.8485005489725,9.328500548972556,1.0510749672089144
2026-06-20,Flipkart,Mac,MacBook Air M3 256GB,New,883.61,903.245,882.9496944515004,20.29530554849964,2.2469325098394832
2026-06-23,Flipkart,Mac,MacBook Air M3 256GB,New,884.935,898.9000000000001,899.8903763142496,0.9903763142494881,0.1101764728278438
2026-06-24,Flipkart,Mac,MacBook Air M3 256GB,New,891.47,899.2,909.439006305981,10.239006305980979,1.138679526910696
2026-06-25,Flipkart,Mac,MacBook Air M3 256GB,New,897.46,904.41,882.7602596364661,21.64974036353385,2.393797101263128
2026-06-26,Flipkart,Mac,MacBook Air M3 256GB,New,916.52,883.96,891.7065610774933,7.746561077493311,0.8763474679276563
2026-06-27,Flipkart,Mac,MacBook Air M3 256GB,New,892.76,906.53,897.5550441713738,8.974955828626207,0.9900340671159484
2026-06-28,Flipkart,Mac,MacBook Air M3 256GB,New,907.5550000000001,892.77,910.3080295934997,17.538029593499687,1.9644510448939465
2026-06-29,Flipkart,Mac,MacBook Air M3 256GB,New,890.7,898.97,907.7640829869033,8.794082986903277,0.9782398730662065
2026-06-30,Flipkart,Mac,MacBook Air M3 256GB,New,904.99,901.3,901.835539897845,0.5355398978450694,0.05941860621824802
2026-07-01,Flipkart,Mac,MacBook Air M3 256GB,New,895.09,883.83,893.410197170418,9.580197170417932,1.0839411618091637
2026-01-21,Flipkart,Mac,MacBook Air M3 256GB,Renewed/Refurbished,795.51,751.69,768.3444969873203,16.65449698732027,2.215607096984165
2026-02-06,Flipkart,Mac,MacBook Air M3 256GB,Renewed/Refurbished,714.53,758.61,691.5642906901676,67.04570930983243,8.837968034936585
2026-02-11,Flipkart,Mac,MacBook Air M3 256GB,Renewed/Refurbished,796.84,768.55,696.75513908744,71.7948609125599,9.341599233954838
2026-02-12,Flipkart,Mac,MacBook Air M3 256GB,Renewed/Refurbished,810.03,732.85,694.7780310113469,38.07196898865311,5.195056149096419
2026-02-19,Flipkart,Mac,MacBook Air M3 256GB,Renewed/Refurbished,807.535,674.29,687.3295522913668,13.039552291366817,1.9338196163915848
2026-03-06,Flipkart,Mac,MacBook Air M3 256GB,Renewed/Refurbished,758.81,712.95,696.6914022320751,16.258597767924925,2.2804681629742514
2026-03-28,Flipkart,Mac,MacBook Air M3 256GB,Renewed/Refurbished,700.36,728.34,662.4705669998206,65.86943300017947,9.043775297275925
2026-04-02,Flipkart,Mac,MacBook Air M3 256GB,Renewed/Refurbished,692.04,708.5,682.3049401035079,26.195059896492126,3.6972561604082044
2026-04-03,Flipkart,Mac,MacBook Air M3 256GB,Renewed/Refurbished,759.85,723.69,699.2718396926002,24.41816030739983,3.3741187949812526
2026-04-27,Flipkart,Mac,MacBook Air M3 256GB,Renewed/Refurbished,728.34,744.53,701.8257185813507,42.704281418649316,5.7357368297649955
2026-05-03,Flipkart,Mac,MacBook Air M3 256GB,Renewed/Refurbished,723.69,652.78,703.2695423848353,50.48954238483532,7.734541864768424
2026-05-04,Flipkart,Mac,MacBook Air M3 256GB,Renewed/Refurbished,741.06,699.34,713.5248574399607,14.184857439960638,2.028320622295398
2026-06-03,Flipkart,Mac,MacBook Air M3 256GB,Renewed/Refurbished,699.34,641.19,689.5966797754677,48.40667977546764,7.549506351544415
2026-06-07,Flipkart,Mac,MacBook Air M3 256GB,Renewed/Refurbished,728.75,755.74,693.2441410702937,62.49585892970629,8.269492011764136
2026-06-12,Flipkart,Mac,MacBook Air M3 256GB,Renewed/Refurbished,715.33,732.46,685.1302925969476,47.32970740305245,6.461746361992798
2026-01-03,Flipkart,Mac,MacBook Pro 14-inch M1 Pro 512GB,New,1569.62,1608.14,1576.8267422959107,31.313257704089438,1.9471723670880292
2026-01-05,Flipkart,Mac,MacBook Pro 14-inch M1 Pro 512GB,New,1582.255,1609.72,1603.6530893072131,6.066910692786905,0.3768922975913143
2026-01-17,Flipkart,Mac,MacBook Pro 14-inch M1 Pro 512GB,New,1569.05,1570.82,1598.2332482088045,27.41324820880459,1.745155282515157
2026-01-21,Flipkart,Mac,MacBook Pro 14-inch M1 Pro 512GB,New,1587.19,1620.04,1602.6165310314439,17.423468968556108,1.0754962203745655
2026-01-26,Flipkart,Mac,MacBook Pro 14-inch M1 Pro 512GB,New,1588.04,1627.04,1576.0579353854087,50.98206461459131,3.133424169939971
2026-02-04,Flipkart,Mac,MacBook Pro 14-inch M1 Pro 512GB,New,1609.72,1593.87,1617.522154409321,23.652154409321156,1.4839450149209885
2026-02-06,Flipkart,Mac,MacBook Pro 14-inch M1 Pro 512GB,New,1617.77,1622.41,1588.7350344312097,33.67496556879041,2.075613782508146
2026-02-14,Flipkart,Mac,MacBook Pro 14-inch M1 Pro 512GB,New,1607.01,1597.17,1582.3579692021417,14.81203079785837,0.9273922499081731
2026-02-16,Flipkart,Mac,MacBook Pro 14-inch M1 Pro 512GB,New,1570.82,1609.4850000000001,1586.6231828207392,22.861817179260925,1.420443009985239
2026-02-23,Flipkart,Mac,MacBook Pro 14-inch M1 Pro 512GB,New,1628.99,1607.5900000000001,1600.7946638467597,6.7953361532404415,0.42270331074717066
2026-03-08,Flipkart,Mac,MacBook Pro 14-inch M1 Pro 512GB,New,1622.41,1621.67,1601.9153456553636,19.754654344636492,1.2181673425935295
2026-03-13,Flipkart,Mac,MacBook Pro 14-inch M1 Pro 512GB,New,1615.58,1582.22,1594.586812189214,12.366812189213988,0.7816114187163598
2026-03-20,Flipkart,Mac,MacBook Pro 14-inch M1 Pro 512GB,New,1578.25,1614.585,1587.3654129895408,27.219587010459236,1.6858565520216795
2026-03-25,Flipkart,Mac,MacBook Pro 14-inch M1 Pro 512GB,New,1607.5900000000001,1577.38,1595.6775969260043,18.29759692600419,1.1599992979500304
2026-04-04,Flipkart,Mac,MacBook Pro 14-inch M1 Pro 512GB,New,1577.33,1592.65,1591.6260680004084,1.0239319995916958,0.06429108715610433
2026-04-07,Flipkart,Mac,MacBook Pro 14-inch M1 Pro 512GB,New,1621.67,1570.89,1598.726359187353,27.836359187352855,1.7720119923962119
2026-04-13,Flipkart,Mac,MacBook Pro 14-inch M1 Pro 512GB,New,1583.02,1583.795,1594.256008017602,10.461008017601898,0.6605026545482148
2026-04-24,Flipkart,Mac,MacBook Pro 14-inch M1 Pro 512GB,New,1577.38,1590.6799999999998,1596.2404427870633,5.560442787063494,0.34956388381468895
2026-05-04,Flipkart,Mac,MacBook Pro 14-inch M1 Pro 512GB,New,1592.65,1575.49,1586.292296750464,10.802296750463938,0.685646798803162
2026-05-06,Flipkart,Mac,MacBook Pro 14-inch M1 Pro 512GB,New,1567.36,1577.265,1594.0471294786541,16.782129478654042,1.064001894333168
2026-06-05,Flipkart,Mac,MacBook Pro 14-inch M1 Pro 512GB,New,1577.265,1597.64,1566.8491326308583,30.79086736914178,1.9272719366779612
2026-06-09,Flipkart,Mac,MacBook Pro 14-inch M1 Pro 512GB,New,1571.08,1603.16,1567.5813350656247,35.57866493437541,2.219283473538225
2026-06-11,Flipkart,Mac,MacBook Pro 14-inch M1 Pro 512GB,New,1594.93,1613.7,1558.4088426695748,55.29115733042522,3.426359133074625
2026-06-19,Flipkart,Mac,MacBook Pro 14-inch M1 Pro 512GB,New,1619.87,1569.96,1596.9979861197708,27.03798611977072,1.722208598930592
2026-06-25,Flipkart,Mac,MacBook Pro 14-inch M1 Pro 512GB,New,1600.635,1609.18,1570.9168846837003,38.26311531629972,2.3778020679041325
2026-03-06,Flipkart,Mac,MacBook Pro 14-inch M1 Pro 512GB,Renewed/Refurbished,1206.61,1179.58,1311.8277546269906,132.24775462699063,11.211427340832383
2026-05-06,Flipkart,Mac,MacBook Pro 14-inch M1 Pro 512GB,Renewed/Refurbished,1142.41,1364.56,1255.0832520467916,109.47674795320836,8.022860698921876
2026-06-05,Flipkart,Mac,MacBook Pro 14-inch M1 Pro 512GB,Renewed/Refurbished,1364.56,1348.02,1324.6846466287275,23.335353371272504,1.7310836168063164
2026-01-06,Flipkart,Mac,MacBook Pro 14-inch M2 Pro 512GB,New,1824.055,1706.57,1778.4905986584988,71.92059865849888,4.214336280287294
2026-01-08,Flipkart,Mac,MacBook Pro 14-inch M2 Pro 512GB,New,1794.865,1698.5,1769.7112604225545,71.21126042255446,4.192597022228699
2026-01-09,Flipkart,Mac,MacBook Pro 14-inch M2 Pro 512GB,New,1817.52,1718.88,1764.7097310992428,45.829731099242736,2.6662554162735463
2026-01-10,Flipkart,Mac,MacBook Pro 14-inch M2 Pro 512GB,New,1798.625,1690.52,1784.4123347437246,93.89233474372463,5.5540505136718075
2026-01-13,Flipkart,Mac,MacBook Pro 14-inch M2 Pro 512GB,New,1788.5,1720.26,1792.1455840075985,71.88558400759848,4.178762745608134
2026-01-16,Flipkart,Mac,MacBook Pro 14-inch M2 Pro 512GB,New,1791.7199999999998,1706.01,1767.0048004331934,60.994800433193404,3.575289736472436
2026-01-18,Flipkart,Mac,MacBook Pro 14-inch M2 Pro 512GB,New,1807.64,1691.28,1773.713738292846,82.4337382928461,4.8740444097279045
2026-01-26,Flipkart,Mac,MacBook Pro 14-inch M2 Pro 512GB,New,1698.19,1713.075,1698.6734737717466,14.401526228253488,0.8406827621822446
2026-01-31,Flipkart,Mac,MacBook Pro 14-inch M2 Pro 512GB,New,1721.81,1711.52,1715.7130363362526,4.1930363362525895,0.24498903525828442
2026-02-06,Flipkart,Mac,MacBook Pro 14-inch M2 Pro 512GB,New,1697.65,1684.7,1722.3155301439815,37.61553014398146,2.2327732025868974
2026-02-08,Flipkart,Mac,MacBook Pro 14-inch M2 Pro 512GB,New,1718.88,1724.49,1718.9104918435019,5.57950815649815,0.3235454051051702
2026-02-09,Flipkart,Mac,MacBook Pro 14-inch M2 Pro 512GB,New,1690.52,1694.8,1732.3030283850649,37.50302838506491,2.2128291471008326
2026-02-13,Flipkart,Mac,MacBook Pro 14-inch M2 Pro 512GB,New,1673.13,1690.55,1733.579205259628,43.02920525962804,2.5452784750304955
2026-02-26,Flipkart,Mac,MacBook Pro 14-inch M2 Pro 512GB,New,1695.37,1692.53,1719.0117636682814,26.481763668281474,1.5646259545344234
2026-02-27,Flipkart,Mac,MacBook Pro 14-inch M2 Pro 512GB,New,1679.535,1717.4,1664.0948439132465,53.30515608675364,3.103828816044814
2026-03-02,Flipkart,Mac,MacBook Pro 14-inch M2 Pro 512GB,New,1711.52,1693.48,1681.099658818677,12.380341181323047,0.7310591906206774
2026-03-04,Flipkart,Mac,MacBook Pro 14-inch M2 Pro 512GB,New,1697.89,1678.59,1714.293226103275,35.70322610327503,2.1269771715115087
2026-03-08,Flipkart,Mac,MacBook Pro 14-inch M2 Pro 512GB,New,1684.7,1697.85,1693.8319764557473,4.018023544252628,0.23665362336205367
2026-03-10,Flipkart,Mac,MacBook Pro 14-inch M2 Pro 512GB,New,1724.49,1683.19,1670.373182980227,12.816817019772998,0.7614599076618206
2026-03-11,Flipkart,Mac,MacBook Pro 14-inch M2 Pro 512GB,New,1694.8,1669.57,1714.8430972270482,45.27309722704831,2.711662118212972
2026-03-13,Flipkart,Mac,MacBook Pro 14-inch M2 Pro 512GB,New,1725.32,1705.6999999999998,1683.1764147189724,22.523585281027408,1.320489258429232
2026-03-23,Flipkart,Mac,MacBook Pro 14-inch M2 Pro 512GB,New,1679.93,1700.92,1670.336201376802,30.583798623198163,1.798073902546749
2026-04-03,Flipkart,Mac,MacBook Pro 14-inch M2 Pro 512GB,New,1678.59,1695.68,1667.9725759086423,27.70742409135778,1.6340007602470854
2026-04-07,Flipkart,Mac,MacBook Pro 14-inch M2 Pro 512GB,New,1697.85,1678.83,1688.2169409246487,9.386940924648798,0.5591358818134533
2026-04-12,Flipkart,Mac,MacBook Pro 14-inch M2 Pro 512GB,New,1705.6999999999998,1677.95,1673.44570010135,4.504299898650061,0.26844065071367207
2026-04-15,Flipkart,Mac,MacBook Pro 14-inch M2 Pro 512GB,New,1732.46,1667.99,1673.922147825686,5.932147825685888,0.3556464862310858
2026-04-17,Flipkart,Mac,MacBook Pro 14-inch M2 Pro 512GB,New,1711.205,1692.1,1718.9381567957864,26.838156795786517,1.586085739364489
2026-04-18,Flipkart,Mac,MacBook Pro 14-inch M2 Pro 512GB,New,1697.755,1691.73,1710.7840201456918,19.054020145691766,1.1263038514237949
2026-04-19,Flipkart,Mac,MacBook Pro 14-inch M2 Pro 512GB,New,1727.25,1694.62,1677.1046573257781,17.515342674221756,1.0335852683328273
2026-04-21,Flipkart,Mac,MacBook Pro 14-inch M2 Pro 512GB,New,1729.32,1679.6,1675.9760556364258,3.6239443635740827,0.21576234600941194
2026-04-22,Flipkart,Mac,MacBook Pro 14-inch M2 Pro 512GB,New,1700.92,1704.79,1735.4903959403246,30.700395940324597,1.8008315358680305
2026-04-26,Flipkart,Mac,MacBook Pro 14-inch M2 Pro 512GB,New,1691.77,1723.065,1672.7398343212817,50.32516567871835,2.9206771467540893
2026-05-14,Flipkart,Mac,MacBook Pro 14-inch M2 Pro 512GB,New,1711.99,1706.69,1682.0902361411663,24.59976385883374,1.4413727073360563
2026-05-17,Flipkart,Mac,MacBook Pro 14-inch M2 Pro 512GB,New,1692.1,1696.35,1680.7938447060174,15.556155293982556,0.9170368906170635
2026-05-21,Flipkart,Mac,MacBook Pro 14-inch M2 Pro 512GB,New,1679.6,1701.59,1646.294098750169,55.29590124983088,3.2496606849964373
2026-05-28,Flipkart,Mac,MacBook Pro 14-inch M2 Pro 512GB,New,1707.51,1686.55,1722.3866136757574,35.83661367575746,2.124847391168804
2026-06-03,Flipkart,Mac,MacBook Pro 14-inch M2 Pro 512GB,New,1685.82,1683.46,1673.2945838389728,10.165416161027224,0.6038406710600326
2026-06-04,Flipkart,Mac,MacBook Pro 14-inch M2 Pro 512GB,New,1709.67,1724.47,1695.1407403648677,29.329259635132303,1.7007694906337776
2026-06-13,Flipkart,Mac,MacBook Pro 14-inch M2 Pro 512GB,New,1706.69,1713.33,1698.8918147108236,14.438185289176317,0.8426972789349582
2026-06-20,Flipkart,Mac,MacBook Pro 14-inch M2 Pro 512GB,New,1701.59,1696.02,1711.2899383324748,15.269938332474794,0.9003395203166705
2026-06-27,Flipkart,Mac,MacBook Pro 14-inch M2 Pro 512GB,New,1686.55,1687.48,1691.2792275919528,3.7992275919527856,0.22514208120705345
2026-06-30,Flipkart,Mac,MacBook Pro 14-inch M2 Pro 512GB,New,1732.97,1694.7649999999999,1704.0894229476703,9.324422947670428,0.5501897282319631
2026-07-01,Flipkart,Mac,MacBook Pro 14-inch M2 Pro 512GB,New,1682.135,1720.53,1743.8534038780226,23.323403878022646,1.3555941412252415
2026-01-23,Flipkart,Mac,MacBook Pro 14-inch M2 Pro 512GB,Renewed/Refurbished,1503.38,1237.1100000000001,1379.7331946321729,142.62319463217273,11.52873993680212
2026-02-14,Flipkart,Mac,MacBook Pro 14-inch M2 Pro 512GB,Renewed/Refurbished,1207.63,1216.16,1309.581699939375,93.421699939375,7.681694837798892
2026-03-08,Flipkart,Mac,MacBook Pro 14-inch M2 Pro 512GB,Renewed/Refurbished,1285.07,1332.62,1328.934285984696,3.6857140153038017,0.27657651958576357
2026-04-10,Flipkart,Mac,MacBook Pro 14-inch M2 Pro 512GB,Renewed/Refurbished,1409.5,1284.04,1341.7350193776863,57.69501937768632,4.493241595097219
2026-04-18,Flipkart,Mac,MacBook Pro 14-inch M2 Pro 512GB,Renewed/Refurbished,1207.73,1245.72,1328.7091792072047,82.98917920720464,6.661944835693786
2026-05-16,Flipkart,Mac,MacBook Pro 14-inch M2 Pro 512GB,Renewed/Refurbished,1392.28,1252.55,1347.5161978312165,94.9661978312165,7.581828895550398
2026-05-18,Flipkart,Mac,MacBook Pro 14-inch M2 Pro 512GB,Renewed/Refurbished,1245.72,1359.47,1359.5641854766313,0.09418547663130994,0.006928102615821601
2026-05-26,Flipkart,Mac,MacBook Pro 14-inch M2 Pro 512GB,Renewed/Refurbished,1317.89,1353.9099999999999,1340.9946882428,12.915311757199788,0.953926904831177
2026-06-14,Flipkart,Mac,MacBook Pro 14-inch M2 Pro 512GB,Renewed/Refurbished,1426.03,1272.98,1335.454422395613,62.47442239561292,4.907730081824766
2026-06-15,Flipkart,Mac,MacBook Pro 14-inch M2 Pro 512GB,Renewed/Refurbished,1252.55,1398.58,1342.7854361000677,55.7945638999322,3.989372356242203
2026-01-02,Flipkart,Mac,MacBook Pro 14-inch M3 Pro 512GB,New,1804.5900000000001,1808.01,1805.2152395354642,2.794760464535784,0.15457660436257453
2026-01-04,Flipkart,Mac,MacBook Pro 14-inch M3 Pro 512GB,New,1788.04,1778.79,1803.8784962763275,25.088496276327533,1.4104248548916698
2026-01-05,Flipkart,Mac,MacBook Pro 14-inch M3 Pro 512GB,New,1771.41,1804.9,1806.6885695857743,1.788569585774212,0.09909521778349005
2026-01-12,Flipkart,Mac,MacBook Pro 14-inch M3 Pro 512GB,New,1809.1,1804.52,1810.647968590867,6.127968590867113,0.33958995139245407
2026-01-13,Flipkart,Mac,MacBook Pro 14-inch M3 Pro 512GB,New,1809.31,1812.8000000000002,1808.4436497558884,4.356350244111809,0.24031058275109268
2026-01-19,Flipkart,Mac,MacBook Pro 14-inch M3 Pro 512GB,New,1799.97,1815.11,1800.7741496316212,14.335850368378715,0.7898061477474486
2026-01-21,Flipkart,Mac,MacBook Pro 14-inch M3 Pro 512GB,New,1802.22,1798.795,1812.5112985397159,13.716298539715808,0.7625270550405026
2026-01-22,Flipkart,Mac,MacBook Pro 14-inch M3 Pro 512GB,New,1813.855,1778.69,1812.7084814000884,34.018481400088376,1.9125581973299661
2026-01-25,Flipkart,Mac,MacBook Pro 14-inch M3 Pro 512GB,New,1830.03,1803.0349999999999,1810.6939033622675,7.658903362267665,0.4247784076442036
2026-01-27,Flipkart,Mac,MacBook Pro 14-inch M3 Pro 512GB,New,1776.435,1833.1,1812.5625092035452,20.537490796454676,1.1203693631801146
2026-01-28,Flipkart,Mac,MacBook Pro 14-inch M3 Pro 512GB,New,1801.2150000000001,1800.25,1803.3920465702706,3.1420465702706224,0.17453390197309387
2026-01-29,Flipkart,Mac,MacBook Pro 14-inch M3 Pro 512GB,New,1789.83,1779.89,1806.3256479710644,26.435647971064327,1.4852405469475263
2026-02-03,Flipkart,Mac,MacBook Pro 14-inch M3 Pro 512GB,New,1778.79,1783.23,1804.053880341561,20.82388034156088,1.1677618894680373
2026-02-05,Flipkart,Mac,MacBook Pro 14-inch M3 Pro 512GB,New,1819.65,1814.5,1800.854245429512,13.645754570487952,0.7520393811236127
2026-02-10,Flipkart,Mac,MacBook Pro 14-inch M3 Pro 512GB,New,1764.21,1817.605,1791.3764717362913,26.228528263708768,1.443026854773659
2026-02-11,Flipkart,Mac,MacBook Pro 14-inch M3 Pro 512GB,New,1804.52,1823.05,1791.0973908883147,31.952609111685206,1.7527006451652565
2026-02-14,Flipkart,Mac,MacBook Pro 14-inch M3 Pro 512GB,New,1763.13,1794.79,1787.647879302109,7.1421206978909595,0.3979362876933212
2026-02-16,Flipkart,Mac,MacBook Pro 14-inch M3 Pro 512GB,New,1798.82,1785.455,1801.964196155206,16.509196155206155,0.9246492437617388
2026-02-17,Flipkart,Mac,MacBook Pro 14-inch M3 Pro 512GB,New,1801.725,1791.04,1813.617175259826,22.577175259825935,1.2605623135064508
2026-02-18,Flipkart,Mac,MacBook Pro 14-inch M3 Pro 512GB,New,1815.11,1817.275,1799.0915219030162,18.18347809698389,1.0005903397660723
2026-02-20,Flipkart,Mac,MacBook Pro 14-inch M3 Pro 512GB,New,1798.795,1799.805,1800.414602215988,0.609602215987934,0.03387045907684077
2026-02-21,Flipkart,Mac,MacBook Pro 14-inch M3 Pro 512GB,New,1778.69,1789.445,1805.1170738768878,15.672073876887907,0.8758064023698917
2026-02-24,Flipkart,Mac,MacBook Pro 14-inch M3 Pro 512GB,New,1803.0349999999999,1821.54,1790.5673411603143,30.972658839685664,1.7003556792431496
2026-02-27,Flipkart,Mac,MacBook Pro 14-inch M3 Pro 512GB,New,1800.25,1824.39,1808.1935942771702,16.196405722829923,0.8877710206057873
2026-03-05,Flipkart,Mac,MacBook Pro 14-inch M3 Pro 512GB,New,1783.23,1811.04,1799.0906471831709,11.949352816829105,0.6598061233782305
2026-03-08,Flipkart,Mac,MacBook Pro 14-inch M3 Pro 512GB,New,1809.03,1771.05,1803.305871680466,32.25587168046604,1.8212852082361335
2026-03-18,Flipkart,Mac,MacBook Pro 14-inch M3 Pro 512GB,New,1785.455,1820.61,1818.0203602372005,2.5896397627993792,0.14224022513330034
2026-03-19,Flipkart,Mac,MacBook Pro 14-inch M3 Pro 512GB,New,1791.04,1817.005,1804.970134840617,12.034865159383116,0.6623462874005914
2026-03-20,Flipkart,Mac,MacBook Pro 14-inch M3 Pro 512GB,New,1817.275,1799.895,1799.437497692862,0.45750230713792917,0.025418277573854536
2026-03-23,Flipkart,Mac,MacBook Pro 14-inch M3 Pro 512GB,New,1789.445,1778.1599999999999,1818.145068726916,39.9850687269161,2.248676650409193
2026-03-27,Flipkart,Mac,MacBook Pro 14-inch M3 Pro 512GB,New,1811.44,1803.8,1801.3522673950092,2.4477326049907333,0.1356986697522305
2026-03-29,Flipkart,Mac,MacBook Pro 14-inch M3 Pro 512GB,New,1824.39,1786.86,1800.0152953531963,13.15529535319638,0.7362241783461704
2026-04-04,Flipkart,Mac,MacBook Pro 14-inch M3 Pro 512GB,New,1811.04,1776.79,1806.6693622282942,29.879362228294212,1.6816484912845195
2026-04-05,Flipkart,Mac,MacBook Pro 14-inch M3 Pro 512GB,New,1784.29,1783.645,1815.7129252110772,32.06792521107718,1.7978872035117517
2026-04-08,Flipkart,Mac,MacBook Pro 14-inch M3 Pro 512GB,New,1814.02,1812.22,1794.706224935383,17.513775064616993,0.9664265411824721
2026-04-13,Flipkart,Mac,MacBook Pro 14-inch M3 Pro 512GB,New,1768.98,1814.9099999999999,1793.4365394874626,21.473460512537258,1.1831694415997078
2026-04-14,Flipkart,Mac,MacBook Pro 14-inch M3 Pro 512GB,New,1778.6,1769.38,1803.098887073228,33.71888707322796,1.9056893981636482
2026-04-17,Flipkart,Mac,MacBook Pro 14-inch M3 Pro 512GB,New,1820.61,1776.05,1798.0138441702409,21.963844170240918,1.2366681214065436
2026-04-18,Flipkart,Mac,MacBook Pro 14-inch M3 Pro 512GB,New,1817.005,1810.8899999999999,1816.7485172329373,5.858517232937402,0.3235159083620431
2026-04-19,Flipkart,Mac,MacBook Pro 14-inch M3 Pro 512GB,New,1799.895,1834.25,1810.165789574183,24.08421042581699,1.3130276911989636
2026-04-20,Flipkart,Mac,MacBook Pro 14-inch M3 Pro 512GB,New,1825.24,1774.68,1799.0429651730158,24.36296517301571,1.372808910508695
2026-04-22,Flipkart,Mac,MacBook Pro 14-inch M3 Pro 512GB,New,1778.1599999999999,1813.35,1814.8431874574924,1.4931874574924677,0.08234413971337402
2026-04-26,Flipkart,Mac,MacBook Pro 14-inch M3 Pro 512GB,New,1803.8,1793.72,1821.7609387380678,28.04093873806778,1.5632840542597382
2026-05-01,Flipkart,Mac,MacBook Pro 14-inch M3 Pro 512GB,New,1769.7,1794.67,1780.844050154259,13.825949845740979,0.7703895337717229
2026-05-03,Flipkart,Mac,MacBook Pro 14-inch M3 Pro 512GB,New,1808.79,1783.2350000000001,1813.7446809510086,30.509680951008477,1.710917571212346
2026-05-04,Flipkart,Mac,MacBook Pro 14-inch M3 Pro 512GB,New,1776.79,1795.64,1803.9018233747947,8.26182337479463,0.4601046632284105
2026-05-08,Flipkart,Mac,MacBook Pro 14-inch M3 Pro 512GB,New,1812.22,1830.9,1808.2401081393707,22.659891860629386,1.2376367830372705
2026-05-09,Flipkart,Mac,MacBook Pro 14-inch M3 Pro 512GB,New,1793.93,1798.8400000000001,1806.2403786341913,7.400378634191156,0.41139726902843815
2026-05-10,Flipkart,Mac,MacBook Pro 14-inch M3 Pro 512GB,New,1820.79,1806.64,1818.0034242077463,11.36342420774622,0.6289811034708752
2026-05-11,Flipkart,Mac,MacBook Pro 14-inch M3 Pro 512GB,New,1814.13,1772.25,1803.7016284684419,31.451628468441868,1.7746722227926008
2026-05-14,Flipkart,Mac,MacBook Pro 14-inch M3 Pro 512GB,New,1769.38,1829.365,1791.472927483655,37.892072516345024,2.071323793575641
2026-05-16,Flipkart,Mac,MacBook Pro 14-inch M3 Pro 512GB,New,1783.41,1792.42,1814.285608491251,21.865608491250896,1.2198931328176932
2026-05-18,Flipkart,Mac,MacBook Pro 14-inch M3 Pro 512GB,New,1810.8899999999999,1814.59,1803.4832890923026,11.106710907697334,0.6120782605270245
2026-05-19,Flipkart,Mac,MacBook Pro 14-inch M3 Pro 512GB,New,1834.25,1799.315,1800.4769891836609,1.1619891836608076,0.06457953074702359
2026-05-22,Flipkart,Mac,MacBook Pro 14-inch M3 Pro 512GB,New,1813.35,1812.73,1804.1385354431081,8.591464556891879,0.47395169478586874
2026-05-25,Flipkart,Mac,MacBook Pro 14-inch M3 Pro 512GB,New,1813.06,1768.22,1792.0341054931785,23.81410549317843,1.3467840819116643
2026-05-26,Flipkart,Mac,MacBook Pro 14-inch M3 Pro 512GB,New,1793.72,1809.83,1799.2537981488344,10.576201851165479,0.5843754303534298
2026-05-31,Flipkart,Mac,MacBook Pro 14-inch M3 Pro 512GB,New,1794.67,1772.8200000000002,1808.3121213998459,35.4921213998457,2.002014947927353
2026-06-03,Flipkart,Mac,MacBook Pro 14-inch M3 Pro 512GB,New,1795.64,1823.44,1794.2686597257355,29.171340274264594,1.5997971018659563
2026-06-07,Flipkart,Mac,MacBook Pro 14-inch M3 Pro 512GB,New,1830.9,1774.42,1776.152663775748,1.7326637757478238,0.0976467677183431
2026-06-08,Flipkart,Mac,MacBook Pro 14-inch M3 Pro 512GB,New,1798.8400000000001,1824.92,1800.9181040541348,24.00189594586527,1.3152300345146786
2026-06-09,Flipkart,Mac,MacBook Pro 14-inch M3 Pro 512GB,New,1806.64,1807.71,1800.2185627753909,7.491437224609172,0.4144158755889591
2026-06-13,Flipkart,Mac,MacBook Pro 14-inch M3 Pro 512GB,New,1829.365,1822.42,1807.9541111983795,14.465888801620622,0.7937735978325864
2026-06-15,Flipkart,Mac,MacBook Pro 14-inch M3 Pro 512GB,New,1792.42,1781.565,1799.1206885247632,17.555688524763127,0.9854082520010848
2026-06-17,Flipkart,Mac,MacBook Pro 14-inch M3 Pro 512GB,New,1814.59,1796.9250000000002,1798.9978832532872,2.0728832532870456,0.11535724937251389
2026-06-20,Flipkart,Mac,MacBook Pro 14-inch M3 Pro 512GB,New,1794.05,1806.69,1802.9221081213916,3.7678918786084523,0.2085522075512928
2026-06-24,Flipkart,Mac,MacBook Pro 14-inch M3 Pro 512GB,New,1768.22,1812.92,1771.6000549828152,41.319945017184864,2.279192960372485
2026-06-25,Flipkart,Mac,MacBook Pro 14-inch M3 Pro 512GB,New,1809.83,1804.21,1796.1530870808904,8.056912919109664,0.4465618148169927
2026-06-29,Flipkart,Mac,MacBook Pro 14-inch M3 Pro 512GB,New,1780.1,1825.39,1795.7647414665257,29.62525853347438,1.622955014187345
2026-06-30,Flipkart,Mac,MacBook Pro 14-inch M3 Pro 512GB,New,1772.8200000000002,1830.65,1801.4426161696113,29.207383830388835,1.5954652080074745
2026-02-23,Flipkart,Mac,MacBook Pro 14-inch M3 Pro 512GB,Renewed/Refurbished,1310.94,1391.67,1391.8198848274578,0.149884827457754,0.010770141445727363
2026-02-28,Flipkart,Mac,MacBook Pro 14-inch M3 Pro 512GB,Renewed/Refurbished,1408.655,1447.72,1383.9608341932549,63.75916580674516,4.404108930369489
2026-03-08,Flipkart,Mac,MacBook Pro 14-inch M3 Pro 512GB,Renewed/Refurbished,1480.88,1304.96,1403.1250205160736,98.16502051607358,7.522454367649091
2026-03-09,Flipkart,Mac,MacBook Pro 14-inch M3 Pro 512GB,Renewed/Refurbished,1474.12,1413.53,1407.6949132318516,5.835086768148358,0.4128024709874115
2026-03-18,Flipkart,Mac,MacBook Pro 14-inch M3 Pro 512GB,Renewed/Refurbished,1442.39,1378.68,1388.3892635905943,9.709263590594219,0.7042434495745364
2026-03-30,Flipkart,Mac,MacBook Pro 14-inch M3 Pro 512GB,Renewed/Refurbished,1447.72,1401.74,1413.0146114020067,11.274611402006713,0.8043297189212487
2026-04-07,Flipkart,Mac,MacBook Pro 14-inch M3 Pro 512GB,Renewed/Refurbished,1304.96,1396.37,1384.97309195332,11.396908046679982,0.8161811014759687
2026-04-14,Flipkart,Mac,MacBook Pro 14-inch M3 Pro 512GB,Renewed/Refurbished,1540.56,1446.3899999999999,1419.554229752232,26.83577024776787,1.8553619872764517
2026-05-07,Flipkart,Mac,MacBook Pro 14-inch M3 Pro 512GB,Renewed/Refurbished,1396.37,1542.73,1373.1949489031208,169.53505109687922,10.989288540242246
2026-05-14,Flipkart,Mac,MacBook Pro 14-inch M3 Pro 512GB,Renewed/Refurbished,1446.3899999999999,1420.45,1369.6504063062023,50.79959369379776,3.576302840212451
2026-01-02,Flipkart,Mac,MacBook Pro 14-inch M4 Pro 512GB,New,1889.6,1915.93,1871.7116789664958,44.21832103350425,2.3079298843644733
2026-01-06,Flipkart,Mac,MacBook Pro 14-inch M4 Pro 512GB,New,1902.13,1931.68,1882.1348948791865,49.54510512081356,2.564871258221525
2026-01-07,Flipkart,Mac,MacBook Pro 14-inch M4 Pro 512GB,New,1909.67,1869.87,1883.1897401778165,13.319740177816584,0.7123350916275776
2026-01-08,Flipkart,Mac,MacBook Pro 14-inch M4 Pro 512GB,New,1908.365,1900.665,1894.790474078152,5.874525921847862,0.3090773977448873
2026-01-09,Flipkart,Mac,MacBook Pro 14-inch M4 Pro 512GB,New,1913.6399999999999,1933.61,1901.5069297227947,32.103070277205234,1.660266045231729
2026-01-11,Flipkart,Mac,MacBook Pro 14-inch M4 Pro 512GB,New,1923.82,1875.02,1886.9455330415128,11.925533041512836,0.6360216446498084
2026-01-12,Flipkart,Mac,MacBook Pro 14-inch M4 Pro 512GB,New,1889.85,1878.69,1883.333794705023,4.643794705022856,0.2471825955864382
2026-01-13,Flipkart,Mac,MacBook Pro 14-inch M4 Pro 512GB,New,1868.22,1862.86,1884.2792980073161,21.41929800731623,1.1498071786025912
2026-01-14,Flipkart,Mac,MacBook Pro 14-inch M4 Pro 512GB,New,1900.62,1916.78,1893.5244924669364,23.255507533063565,1.2132590872746776
2026-01-15,Flipkart,Mac,MacBook Pro 14-inch M4 Pro 512GB,New,1915.56,1896.125,1897.940750220229,1.8157502202288924,0.09576110331486018
2026-01-16,Flipkart,Mac,MacBook Pro 14-inch M4 Pro 512GB,New,1866.38,1929.66,1899.0640456078702,30.595954392129897,1.5855619327824537
2026-01-17,Flipkart,Mac,MacBook Pro 14-inch M4 Pro 512GB,New,1924.68,1897.98,1887.1973294627458,10.782670537254262,0.5681129694335167
2026-01-18,Flipkart,Mac,MacBook Pro 14-inch M4 Pro 512GB,New,1896.505,1918.245,1911.67030851893,6.574691481069976,0.3427451384505095
2026-01-20,Flipkart,Mac,MacBook Pro 14-inch M4 Pro 512GB,New,1919.6100000000001,1915.835,1900.132513987406,15.702486012594136,0.819615781765869
2026-01-25,Flipkart,Mac,MacBook Pro 14-inch M4 Pro 512GB,New,1931.615,1903.6,1894.8448859145087,8.755114085491186,0.45992404315461166
2026-01-27,Flipkart,Mac,MacBook Pro 14-inch M4 Pro 512GB,New,1889.49,1880.8,1911.437525662001,30.637525662001053,1.628962444810775
2026-01-28,Flipkart,Mac,MacBook Pro 14-inch M4 Pro 512GB,New,1911.45,1896.89,1900.5685488006964,3.6785488006962623,0.19392525664093657
2026-01-29,Flipkart,Mac,MacBook Pro 14-inch M4 Pro 512GB,New,1928.27,1874.75,1911.883886513499,37.133886513498965,1.980738045792717
2026-01-30,Flipkart,Mac,MacBook Pro 14-inch M4 Pro 512GB,New,1877.31,1906.26,1915.745628989571,9.485628989571069,0.4976041562835641
2026-01-31,Flipkart,Mac,MacBook Pro 14-inch M4 Pro 512GB,New,1885.04,1929.94,1898.4292441987222,31.51075580127781,1.6327324062550033
2026-02-01,Flipkart,Mac,MacBook Pro 14-inch M4 Pro 512GB,New,1915.93,1882.73,1903.1461606891671,20.4161606891671,1.0843913194758197
2026-02-05,Flipkart,Mac,MacBook Pro 14-inch M4 Pro 512GB,New,1931.68,1868.875,1918.1730060046987,49.298006004698664,2.6378439438003434
2026-02-06,Flipkart,Mac,MacBook Pro 14-inch M4 Pro 512GB,New,1869.87,1921.3,1898.6987165093367,22.601283490663263,1.176353692326199
2026-02-07,Flipkart,Mac,MacBook Pro 14-inch M4 Pro 512GB,New,1900.665,1935.31,1908.2599317328886,27.050068267111328,1.3977124216332955
2026-02-08,Flipkart,Mac,MacBook Pro 14-inch M4 Pro 512GB,New,1933.61,1897.9250000000002,1901.727067765566,3.80206776556588,0.20032760860233567
2026-02-10,Flipkart,Mac,MacBook Pro 14-inch M4 Pro 512GB,New,1875.02,1891.9450000000002,1907.996448149528,16.051448149527914,0.848409871826502
2026-02-11,Flipkart,Mac,MacBook Pro 14-inch M4 Pro 512GB,New,1878.69,1874.34,1906.4778516727195,32.137851672719535,1.7146223029290062
2026-02-12,Flipkart,Mac,MacBook Pro 14-inch M4 Pro 512GB,New,1862.86,1882.24,1886.7298082495745,4.48980824957448,0.23853537538116712
2026-02-16,Flipkart,Mac,MacBook Pro 14-inch M4 Pro 512GB,New,1897.98,1900.815,1927.5853675670585,26.77036756705843,1.4083626006243863
2026-02-17,Flipkart,Mac,MacBook Pro 14-inch M4 Pro 512GB,New,1918.245,1904.5549999999998,1892.758521661382,11.796478338617817,0.6193823931898956
2026-02-20,Flipkart,Mac,MacBook Pro 14-inch M4 Pro 512GB,New,1881.59,1934.28,1909.7021313850826,24.577868614917406,1.2706468874680712
2026-02-21,Flipkart,Mac,MacBook Pro 14-inch M4 Pro 512GB,New,1876.46,1913.095,1903.1500953185498,9.944904681450225,0.5198332901110622
2026-02-23,Flipkart,Mac,MacBook Pro 14-inch M4 Pro 512GB,New,1884.8,1924.77,1896.1291241738693,28.640875826130696,1.4880154941177748
2026-02-24,Flipkart,Mac,MacBook Pro 14-inch M4 Pro 512GB,New,1903.6,1899.37,1897.1839523187084,2.186047681291484,0.11509330363707357
2026-02-25,Flipkart,Mac,MacBook Pro 14-inch M4 Pro 512GB,New,1912.145,1894.34,1892.5647785350377,1.7752214649622147,0.09371187141496325
2026-02-26,Flipkart,Mac,MacBook Pro 14-inch M4 Pro 512GB,New,1880.8,1908.04,1905.929733626331,2.110266373668992,0.11059864435069454
2026-02-27,Flipkart,Mac,MacBook Pro 14-inch M4 Pro 512GB,New,1896.89,1898.65,1894.1739048594607,4.476095140539428,0.23575146238324218
2026-02-28,Flipkart,Mac,MacBook Pro 14-inch M4 Pro 512GB,New,1874.75,1877.97,1892.9137401526261,14.943740152626106,0.7957390241924048
2026-03-01,Flipkart,Mac,MacBook Pro 14-inch M4 Pro 512GB,New,1906.26,1903.53,1897.0432008344421,6.486799165557841,0.3407773539454509
2026-03-02,Flipkart,Mac,MacBook Pro 14-inch M4 Pro 512GB,New,1929.94,1869.54,1876.649087710356,7.109087710356107,0.3802586577637337
2026-03-03,Flipkart,Mac,MacBook Pro 14-inch M4 Pro 512GB,New,1882.73,1883.38,1914.7366399943917,31.35663999439157,1.6649130815019577
2026-03-04,Flipkart,Mac,MacBook Pro 14-inch M4 Pro 512GB,New,1874.69,1865.19,1895.3134898316296,30.123489831629513,1.6150359926672089
2026-03-06,Flipkart,Mac,MacBook Pro 14-inch M4 Pro 512GB,New,1927.2199999999998,1871.0,1894.9723129999695,23.972312999969517,1.2812567076413424
2026-03-08,Flipkart,Mac,MacBook Pro 14-inch M4 Pro 512GB,New,1921.3,1886.31,1883.7589972958456,2.551002704154371,0.13523772360610775
2026-03-09,Flipkart,Mac,MacBook Pro 14-inch M4 Pro 512GB,New,1935.31,1904.895,1894.1476727828838,10.747327217116208,0.564195255755105
2026-03-10,Flipkart,Mac,MacBook Pro 14-inch M4 Pro 512GB,New,1897.9250000000002,1863.01,1920.9369567060644,57.9269567060644,3.1093207608152618
2026-03-11,Flipkart,Mac,MacBook Pro 14-inch M4 Pro 512GB,New,1874.13,1868.29,1909.6648196857398,41.374819685739794,2.214582301770057
2026-03-14,Flipkart,Mac,MacBook Pro 14-inch M4 Pro 512GB,New,1882.24,1913.1,1900.2687777420122,12.831222257987747,0.6707031654376534
2026-03-18,Flipkart,Mac,MacBook Pro 14-inch M4 Pro 512GB,New,1900.815,1869.12,1884.7848913765743,15.66489137657436,0.838089120900443
2026-03-19,Flipkart,Mac,MacBook Pro 14-inch M4 Pro 512GB,New,1904.5549999999998,1870.9,1897.3611196738022,26.46111967380216,1.4143524332568367
2026-03-22,Flipkart,Mac,MacBook Pro 14-inch M4 Pro 512GB,New,1934.28,1895.605,1877.2961254328898,18.30887456711025,0.9658591619620254
2026-03-23,Flipkart,Mac,MacBook Pro 14-inch M4 Pro 512GB,New,1913.095,1869.96,1891.6298991839421,21.669899183942107,1.1588429262627065
2026-03-25,Flipkart,Mac,MacBook Pro 14-inch M4 Pro 512GB,New,1924.77,1918.82,1898.303198894064,20.516801105935883,1.0692405283422044
2026-03-26,Flipkart,Mac,MacBook Pro 14-inch M4 Pro 512GB,New,1899.37,1890.75,1912.6280825265112,21.878082526511207,1.157111332884369
2026-03-27,Flipkart,Mac,MacBook Pro 14-inch M4 Pro 512GB,New,1894.34,1920.77,1902.0485031502153,18.72149684978467,0.9746870707989334
2026-03-28,Flipkart,Mac,MacBook Pro 14-inch M4 Pro 512GB,New,1908.04,1894.89,1913.8637137494304,18.973713749430317,1.0013095087013133
2026-03-29,Flipkart,Mac,MacBook Pro 14-inch M4 Pro 512GB,New,1898.65,1872.665,1912.296610913828,39.631610913828126,2.1163214410387403
2026-03-31,Flipkart,Mac,MacBook Pro 14-inch M4 Pro 512GB,New,1903.53,1880.86,1884.1573962950836,3.297396295083672,0.17531322347669004
2026-04-01,Flipkart,Mac,MacBook Pro 14-inch M4 Pro 512GB,New,1869.54,1917.41,1899.20521370958,18.20478629042009,0.9494467166865765
2026-04-02,Flipkart,Mac,MacBook Pro 14-inch M4 Pro 512GB,New,1883.38,1900.9099999999999,1891.8471849446455,9.06281505535435,0.47676192220327895
2026-04-03,Flipkart,Mac,MacBook Pro 14-inch M4 Pro 512GB,New,1865.19,1875.81,1874.1401072601238,1.6698927398761043,0.0890224884117317
2026-04-04,Flipkart,Mac,MacBook Pro 14-inch M4 Pro 512GB,New,1896.97,1894.99,1887.7766149244908,7.213385075509223,0.38065557472647465
2026-04-05,Flipkart,Mac,MacBook Pro 14-inch M4 Pro 512GB,New,1871.0,1925.82,1881.2915562123387,44.52844378766122,2.3121809820056507
2026-04-07,Flipkart,Mac,MacBook Pro 14-inch M4 Pro 512GB,New,1886.31,1877.8,1882.1410987773306,4.3410987773306715,0.23118003926566577
2026-04-09,Flipkart,Mac,MacBook Pro 14-inch M4 Pro 512GB,New,1863.01,1887.2,1874.7003413954556,12.499658604544493,0.6623388408512342
2026-04-10,Flipkart,Mac,MacBook Pro 14-inch M4 Pro 512GB,New,1868.29,1896.1,1875.8883292212372,20.21167077876271,1.0659601697570122
2026-04-13,Flipkart,Mac,MacBook Pro 14-inch M4 Pro 512GB,New,1913.1,1901.44,1872.0582877953457,29.381712204654377,1.5452347802010253
2026-04-15,Flipkart,Mac,MacBook Pro 14-inch M4 Pro 512GB,New,1866.94,1899.67,1858.1364928833177,41.53350711668236,2.1863537939053814
2026-04-16,Flipkart,Mac,MacBook Pro 14-inch M4 Pro 512GB,New,1902.325,1864.43,1889.6408910702962,25.210891070296157,1.3522036799609616
2026-04-17,Flipkart,Mac,MacBook Pro 14-inch M4 Pro 512GB,New,1869.12,1890.21,1879.5140125351709,10.695987464829159,0.5658623890905856
2026-04-20,Flipkart,Mac,MacBook Pro 14-inch M4 Pro 512GB,New,1893.42,1883.645,1885.9312057987781,2.2862057987781554,0.12137137299109733
2026-04-21,Flipkart,Mac,MacBook Pro 14-inch M4 Pro 512GB,New,1895.605,1930.67,1880.0521736822946,50.61782631770552,2.621775151512455
2026-04-22,Flipkart,Mac,MacBook Pro 14-inch M4 Pro 512GB,New,1869.96,1882.935,1864.122911790023,18.81208820997699,0.9990832508810443
2026-04-23,Flipkart,Mac,MacBook Pro 14-inch M4 Pro 512GB,New,1907.125,1906.2,1890.23844821988,15.96155178012009,0.8373492697576377
2026-04-24,Flipkart,Mac,MacBook Pro 14-inch M4 Pro 512GB,New,1918.82,1884.82,1890.6194411080105,5.799441108010569,0.3076920399831586
2026-04-26,Flipkart,Mac,MacBook Pro 14-inch M4 Pro 512GB,New,1920.77,1868.28,1890.427449141503,22.147449141503103,1.1854459257447012
2026-04-27,Flipkart,Mac,MacBook Pro 14-inch M4 Pro 512GB,New,1894.89,1920.13,1895.1885320879908,24.94146791200933,1.2989468375583595
2026-04-28,Flipkart,Mac,MacBook Pro 14-inch M4 Pro 512GB,New,1872.665,1896.96,1883.7559145006228,13.204085499377243,0.6960655733055648
2026-04-30,Flipkart,Mac,MacBook Pro 14-inch M4 Pro 512GB,New,1880.86,1901.7,1888.5078251839573,13.19217481604278,0.6937043075165789
2026-05-02,Flipkart,Mac,MacBook Pro 14-inch M4 Pro 512GB,New,1900.9099999999999,1881.83,1898.9346457421416,17.104645742141656,0.908936819061321
2026-05-03,Flipkart,Mac,MacBook Pro 14-inch M4 Pro 512GB,New,1875.81,1931.74,1894.282420506659,37.45757949334097,1.9390590603984477
2026-05-04,Flipkart,Mac,MacBook Pro 14-inch M4 Pro 512GB,New,1894.99,1924.68,1888.0513297358568,36.62867026414324,1.90310442588603
2026-05-05,Flipkart,Mac,MacBook Pro 14-inch M4 Pro 512GB,New,1925.82,1911.0,1870.0703060382953,40.92969396170474,2.141794555819191
2026-05-06,Flipkart,Mac,MacBook Pro 14-inch M4 Pro 512GB,New,1933.47,1884.12,1879.424033626628,4.695966373371903,0.24923924024859898
2026-05-07,Flipkart,Mac,MacBook Pro 14-inch M4 Pro 512GB,New,1877.8,1894.58,1894.0003327956642,0.5796672043356921,0.03059607957097046
2026-05-09,Flipkart,Mac,MacBook Pro 14-inch M4 Pro 512GB,New,1887.2,1880.23,1900.626765711658,20.396765711657963,1.0848016312715978
2026-05-10,Flipkart,Mac,MacBook Pro 14-inch M4 Pro 512GB,New,1896.1,1918.96,1884.4185299279973,34.54147007200277,1.800009904948658
2026-05-13,Flipkart,Mac,MacBook Pro 14-inch M4 Pro 512GB,New,1901.44,1915.245,1880.3873856432524,34.85761435674749,1.820008111586115
2026-05-15,Flipkart,Mac,MacBook Pro 14-inch M4 Pro 512GB,New,1899.67,1885.565,1895.2570012760546,9.692001276054498,0.5140104571337767
2026-05-16,Flipkart,Mac,MacBook Pro 14-inch M4 Pro 512GB,New,1864.43,1897.73,1869.4779028193084,28.252097180691635,1.488731125117463
2026-05-17,Flipkart,Mac,MacBook Pro 14-inch M4 Pro 512GB,New,1890.21,1896.46,1881.1578693374959,15.302130662504169,0.8068786403353706
2026-05-20,Flipkart,Mac,MacBook Pro 14-inch M4 Pro 512GB,New,1883.645,1909.86,1885.4475157656004,24.41248423439947,1.2782342283936767
2026-05-21,Flipkart,Mac,MacBook Pro 14-inch M4 Pro 512GB,New,1930.67,1895.42,1894.1919091722773,1.2280908277227809,0.06479254348496802
2026-05-22,Flipkart,Mac,MacBook Pro 14-inch M4 Pro 512GB,New,1882.935,1922.9,1884.1005239586364,38.79947604136373,2.0177583879226026
2026-05-23,Flipkart,Mac,MacBook Pro 14-inch M4 Pro 512GB,New,1906.2,1889.225,1893.4480151549274,4.223015154927452,0.2235316150764177
2026-05-24,Flipkart,Mac,MacBook Pro 14-inch M4 Pro 512GB,New,1884.82,1910.76,1884.2929667433566,26.46703325664339,1.3851573853672565
2026-05-26,Flipkart,Mac,MacBook Pro 14-inch M4 Pro 512GB,New,1868.28,1890.845,1859.5604564142766,31.28454358572344,1.654527133938712
2026-05-27,Flipkart,Mac,MacBook Pro 14-inch M4 Pro 512GB,New,1920.13,1913.135,1886.9871861680745,26.147813831925532,1.3667521545487136
2026-05-30,Flipkart,Mac,MacBook Pro 14-inch M4 Pro 512GB,New,1901.7,1904.72,1895.1487085208103,9.571291479189767,0.5025038577423331
2026-06-01,Flipkart,Mac,MacBook Pro 14-inch M4 Pro 512GB,New,1881.83,1873.22,1878.0097319302247,4.7897319302246615,0.2556951095026031
2026-06-02,Flipkart,Mac,MacBook Pro 14-inch M4 Pro 512GB,New,1931.74,1910.185,1881.8737794420585,28.311220557941397,1.4821193003788324
2026-06-03,Flipkart,Mac,MacBook Pro 14-inch M4 Pro 512GB,New,1924.68,1922.08,1885.7347560901692,36.34524390983074,1.8909329429488233
2026-06-04,Flipkart,Mac,MacBook Pro 14-inch M4 Pro 512GB,New,1911.0,1924.27,1891.7655805184652,32.504419481534796,1.6891818446234048
2026-06-06,Flipkart,Mac,MacBook Pro 14-inch M4 Pro 512GB,New,1894.58,1919.6799999999998,1892.4057901379022,27.274209862097678,1.420768558410656
2026-06-07,Flipkart,Mac,MacBook Pro 14-inch M4 Pro 512GB,New,1909.43,1879.295,1889.6416988108592,10.346698810859152,0.5505627807693392
2026-06-08,Flipkart,Mac,MacBook Pro 14-inch M4 Pro 512GB,New,1880.23,1902.845,1893.7567549759394,9.088245024060598,0.477613522071456
2026-06-09,Flipkart,Mac,MacBook Pro 14-inch M4 Pro 512GB,New,1918.96,1915.45,1882.154226033837,33.2957739661631,1.7382742418837922
2026-06-11,Flipkart,Mac,MacBook Pro 14-inch M4 Pro 512GB,New,1861.68,1929.15,1879.123035438794,50.026964561206114,2.5932127911881455
2026-06-12,Flipkart,Mac,MacBook Pro 14-inch M4 Pro 512GB,New,1915.245,1870.01,1885.1515521716442,15.141552171644207,0.8097043423106939
2026-06-13,Flipkart,Mac,MacBook Pro 14-inch M4 Pro 512GB,New,1911.6599999999999,1883.6,1895.591902873605,11.991902873605113,0.6366480608199785
2026-06-14,Flipkart,Mac,MacBook Pro 14-inch M4 Pro 512GB,New,1885.565,1886.185,1911.5726131999468,25.387613199946827,1.3459768368398024
2026-06-15,Flipkart,Mac,MacBook Pro 14-inch M4 Pro 512GB,New,1897.73,1902.93,1893.9136019182379,9.01639808176219,0.4738165924002559
2026-06-17,Flipkart,Mac,MacBook Pro 14-inch M4 Pro 512GB,New,1892.0,1924.89,1882.6909322755685,42.19906772443164,2.1922846357158923
2026-06-18,Flipkart,Mac,MacBook Pro 14-inch M4 Pro 512GB,New,1898.66,1874.005,1887.9396788001234,13.934678800123265,0.7435774611126046
2026-06-20,Flipkart,Mac,MacBook Pro 14-inch M4 Pro 512GB,New,1895.42,1907.1399999999999,1882.846819050269,24.293180949730868,1.2738016584902456
2026-06-21,Flipkart,Mac,MacBook Pro 14-inch M4 Pro 512GB,New,1922.9,1894.665,1849.4286970536912,45.2363029463088,2.38756207278378
2026-06-22,Flipkart,Mac,MacBook Pro 14-inch M4 Pro 512GB,New,1889.225,1898.125,1892.3461327453438,5.778867254656234,0.3044513535544937
2026-06-23,Flipkart,Mac,MacBook Pro 14-inch M4 Pro 512GB,New,1910.76,1891.075,1886.9954743382625,4.079525661737534,0.21572521775908063
2026-06-25,Flipkart,Mac,MacBook Pro 14-inch M4 Pro 512GB,New,1890.845,1927.53,1904.490054433091,23.039945566908955,1.1953093112381625
2026-06-26,Flipkart,Mac,MacBook Pro 14-inch M4 Pro 512GB,New,1913.135,1899.0,1912.2616848084906,13.2616848084906,0.6983509641121959
2026-06-29,Flipkart,Mac,MacBook Pro 14-inch M4 Pro 512GB,New,1904.72,1894.59,1892.6846617189585,1.905338281041395,0.10056731435515837
2026-07-01,Flipkart,Mac,MacBook Pro 14-inch M4 Pro 512GB,New,1873.22,1891.975,1895.3479712649078,3.3729712649078465,0.17827779251352935
2026-01-07,Flipkart,Mac,MacBook Pro 14-inch M4 Pro 512GB,Renewed/Refurbished,1350.15,1342.46,1451.158248795377,108.69824879537691,8.096945070644706
2026-01-08,Flipkart,Mac,MacBook Pro 14-inch M4 Pro 512GB,Renewed/Refurbished,1536.73,1448.92,1460.698454129329,11.77845412932902,0.812912661108206
2026-01-10,Flipkart,Mac,MacBook Pro 14-inch M4 Pro 512GB,Renewed/Refurbished,1463.37,1453.69,1439.8007267502194,13.889273249780672,0.9554494596358696
2026-01-18,Flipkart,Mac,MacBook Pro 14-inch M4 Pro 512GB,Renewed/Refurbished,1369.38,1401.165,1424.1680249360084,23.003024936008387,1.6417070748989868
2026-01-20,Flipkart,Mac,MacBook Pro 14-inch M4 Pro 512GB,Renewed/Refurbished,1520.04,1453.54,1450.4655865769548,3.0744134230451436,0.21151213059462715
2026-01-22,Flipkart,Mac,MacBook Pro 14-inch M4 Pro 512GB,Renewed/Refurbished,1427.84,1426.575,1455.631583955428,29.056583955427868,2.036807315102807
2026-01-28,Flipkart,Mac,MacBook Pro 14-inch M4 Pro 512GB,Renewed/Refurbished,1543.0,1554.45,1441.4223410762493,113.02765892375078,7.271231556097062
2026-01-31,Flipkart,Mac,MacBook Pro 14-inch M4 Pro 512GB,Renewed/Refurbished,1522.4299999999998,1564.62,1483.1125024045255,81.50749759547443,5.209411716293697
2026-02-08,Flipkart,Mac,MacBook Pro 14-inch M4 Pro 512GB,Renewed/Refurbished,1474.26,1345.18,1459.8244010511821,114.64440105118206,8.52260671814791
2026-02-09,Flipkart,Mac,MacBook Pro 14-inch M4 Pro 512GB,Renewed/Refurbished,1453.69,1442.24,1423.4830912137595,18.7569087862405,1.3005400478589209
2026-02-17,Flipkart,Mac,MacBook Pro 14-inch M4 Pro 512GB,Renewed/Refurbished,1401.165,1585.75,1419.8725049488808,165.87749505111924,10.460507334139633
2026-02-19,Flipkart,Mac,MacBook Pro 14-inch M4 Pro 512GB,Renewed/Refurbished,1453.54,1425.74,1449.0856263440091,23.345626344009133,1.6374392486715061
2026-02-21,Flipkart,Mac,MacBook Pro 14-inch M4 Pro 512GB,Renewed/Refurbished,1426.575,1446.67,1433.0998561637452,13.570143836254829,0.9380262144272591
2026-02-27,Flipkart,Mac,MacBook Pro 14-inch M4 Pro 512GB,Renewed/Refurbished,1554.45,1327.76,1466.9829339491935,139.22293394919348,10.485549643700178
2026-03-13,Flipkart,Mac,MacBook Pro 14-inch M4 Pro 512GB,Renewed/Refurbished,1554.33,1404.41,1464.5862341026914,60.176234102691296,4.284805299213996
2026-03-16,Flipkart,Mac,MacBook Pro 14-inch M4 Pro 512GB,Renewed/Refurbished,1395.21,1380.8,1424.588518254754,43.78851825475408,3.1712426314277296
2026-03-17,Flipkart,Mac,MacBook Pro 14-inch M4 Pro 512GB,Renewed/Refurbished,1487.22,1351.45,1420.4463499553972,68.99634995539714,5.105357205623378
2026-03-19,Flipkart,Mac,MacBook Pro 14-inch M4 Pro 512GB,Renewed/Refurbished,1585.75,1433.51,1472.2608618658146,38.75086186581461,2.703215315262162
2026-03-20,Flipkart,Mac,MacBook Pro 14-inch M4 Pro 512GB,Renewed/Refurbished,1513.75,1385.42,1464.2429222034593,78.82292220345926,5.689460394931447
2026-03-21,Flipkart,Mac,MacBook Pro 14-inch M4 Pro 512GB,Renewed/Refurbished,1425.74,1593.93,1451.2218959483225,142.70810405167754,8.953222792197746
2026-03-23,Flipkart,Mac,MacBook Pro 14-inch M4 Pro 512GB,Renewed/Refurbished,1446.67,1617.08,1439.2365927739488,177.8434072260511,10.997811315831692
2026-03-28,Flipkart,Mac,MacBook Pro 14-inch M4 Pro 512GB,Renewed/Refurbished,1498.73,1541.985,1472.9785461715314,69.00645382846847,4.475170240207815
2026-03-29,Flipkart,Mac,MacBook Pro 14-inch M4 Pro 512GB,Renewed/Refurbished,1327.76,1404.05,1426.2298304768356,22.179830476835605,1.5797037482166307
2026-03-30,Flipkart,Mac,MacBook Pro 14-inch M4 Pro 512GB,Renewed/Refurbished,1576.12,1551.26,1447.0268835605525,104.23311643944749,6.719255085507747
2026-04-06,Flipkart,Mac,MacBook Pro 14-inch M4 Pro 512GB,Renewed/Refurbished,1550.63,1562.425,1454.2607526626996,108.16424733730037,6.922844126105277
2026-04-12,Flipkart,Mac,MacBook Pro 14-inch M4 Pro 512GB,Renewed/Refurbished,1404.41,1407.56,1424.574272149881,17.01427214988098,1.2087777536929851
2026-04-16,Flipkart,Mac,MacBook Pro 14-inch M4 Pro 512GB,Renewed/Refurbished,1351.45,1479.76,1444.6911509710958,35.0688490289042,2.3699011345694028
2026-04-18,Flipkart,Mac,MacBook Pro 14-inch M4 Pro 512GB,Renewed/Refurbished,1433.51,1475.66,1448.78634463662,26.873655363380067,1.8211278589498983
2026-04-27,Flipkart,Mac,MacBook Pro 14-inch M4 Pro 512GB,Renewed/Refurbished,1541.985,1499.165,1499.6558948056768,0.49089480567681676,0.032744548176939614
2026-04-29,Flipkart,Mac,MacBook Pro 14-inch M4 Pro 512GB,Renewed/Refurbished,1551.26,1461.87,1477.576202405001,15.706202405001022,1.0743911842366984
2026-05-06,Flipkart,Mac,MacBook Pro 14-inch M4 Pro 512GB,Renewed/Refurbished,1562.425,1572.33,1501.0475908728836,71.28240912711635,4.533552697405529
2026-05-09,Flipkart,Mac,MacBook Pro 14-inch M4 Pro 512GB,Renewed/Refurbished,1585.73,1430.34,1504.6990311570898,74.35903115708993,5.198696195106754
2026-05-16,Flipkart,Mac,MacBook Pro 14-inch M4 Pro 512GB,Renewed/Refurbished,1479.76,1441.14,1432.5058323053167,8.634167694683356,0.5991206749298025
2026-05-29,Flipkart,Mac,MacBook Pro 14-inch M4 Pro 512GB,Renewed/Refurbished,1461.87,1374.21,1410.0122908033782,35.80229080337813,2.6052998306938626
2026-06-05,Flipkart,Mac,MacBook Pro 14-inch M4 Pro 512GB,Renewed/Refurbished,1572.33,1472.205,1498.9892863032824,26.784286303282443,1.8193312957966075
2026-06-08,Flipkart,Mac,MacBook Pro 14-inch M4 Pro 512GB,Renewed/Refurbished,1430.34,1539.37,1437.0883074183762,102.2816925816237,6.644386507572819
2026-06-10,Flipkart,Mac,MacBook Pro 14-inch M4 Pro 512GB,Renewed/Refurbished,1448.17,1350.67,1411.6149267371206,60.94492673712057,4.5121996296001665
2026-01-30,Flipkart,iPad,iPad (9th Gen) 64GB,New,197.35,198.1,198.29091223508226,0.19091223508226562,0.09637164819902354
2026-01-31,Flipkart,iPad,iPad (9th Gen) 64GB,New,196.85,198.04,195.79752242885786,2.242477571142132,1.1323356751879075
2026-02-01,Flipkart,iPad,iPad (9th Gen) 64GB,New,194.21,197.65,192.73889984213724,4.911100157862762,2.484745842581716
2026-02-02,Flipkart,iPad,iPad (9th Gen) 64GB,New,195.44,198.6,195.92848316405696,2.671516835943038,1.345174640454702
2026-02-05,Flipkart,iPad,iPad (9th Gen) 64GB,New,198.615,193.76,195.41123239629496,1.6512323962949722,0.8522049939590071
2026-02-17,Flipkart,iPad,iPad (9th Gen) 64GB,New,194.96,197.99,195.10568315267528,2.884316847324726,1.4567992561870426
2026-02-20,Flipkart,iPad,iPad (9th Gen) 64GB,New,195.56,197.86,194.7946550457077,3.0653449542923,1.5492494462207116
2026-02-22,Flipkart,iPad,iPad (9th Gen) 64GB,New,200.07,200.0,196.78502272124763,3.2149772787523716,1.6074886393761856
2026-03-07,Flipkart,iPad,iPad (9th Gen) 64GB,New,193.76,195.85,197.5021925331705,1.6521925331705063,0.8436009870668911
2026-03-13,Flipkart,iPad,iPad (9th Gen) 64GB,New,201.34,195.42,195.73122824599238,0.31122824599239607,0.15926120458110535
2026-03-14,Flipkart,iPad,iPad (9th Gen) 64GB,New,194.10500000000002,198.17,194.65298986807716,3.517010131922831,1.7747439733172685
2026-03-15,Flipkart,iPad,iPad (9th Gen) 64GB,New,198.47,197.195,196.77798306691568,0.4170169330843123,0.21147439493106432
2026-03-24,Flipkart,iPad,iPad (9th Gen) 64GB,New,200.0,195.87,198.9869476236977,3.1169476236976834,1.5913348770601334
2026-04-06,Flipkart,iPad,iPad (9th Gen) 64GB,New,195.85,195.83,200.97672401153613,5.146724011536122,2.6281591234928876
2026-04-07,Flipkart,iPad,iPad (9th Gen) 64GB,New,196.42,195.25,197.52878217996033,2.2787821799603307,1.167109951324113
2026-04-11,Flipkart,iPad,iPad (9th Gen) 64GB,New,198.2,198.095,198.74583164480077,0.6508316448007747,0.3285452155787752
2026-04-12,Flipkart,iPad,iPad (9th Gen) 64GB,New,195.42,197.9,197.7091885154348,0.19081148456521646,0.09641813267570311
2026-04-14,Flipkart,iPad,iPad (9th Gen) 64GB,New,197.195,201.11,200.04005552290005,1.0699444770999662,0.5320195301576083
2026-04-16,Flipkart,iPad,iPad (9th Gen) 64GB,New,198.12,193.61,200.01198916500323,6.401989165003215,3.306641787615937
2026-04-23,Flipkart,iPad,iPad (9th Gen) 64GB,New,195.87,201.29,204.21736930964528,2.927369309645286,1.4543043914974843
2026-04-28,Flipkart,iPad,iPad (9th Gen) 64GB,New,199.98,198.81,196.58304005857792,2.2269599414220806,1.1201448324642023
2026-05-02,Flipkart,iPad,iPad (9th Gen) 64GB,New,200.59,197.725,192.7990575421012,4.925942457898799,2.4913098788209886
2026-05-05,Flipkart,iPad,iPad (9th Gen) 64GB,New,193.7,198.47,198.34080111807248,0.12919888192752182,0.06509743635185258
2026-05-09,Flipkart,iPad,iPad (9th Gen) 64GB,New,197.61,196.8,191.85235637285587,4.947643627144146,2.5140465585082037
2026-05-10,Flipkart,iPad,iPad (9th Gen) 64GB,New,193.89,195.67000000000002,194.26405814943735,1.4059418505626695,0.7185270356021206
2026-05-14,Flipkart,iPad,iPad (9th Gen) 64GB,New,201.11,200.42000000000002,199.7396900835198,0.680309916480212,0.339442129767594
2026-05-16,Flipkart,iPad,iPad (9th Gen) 64GB,New,193.61,197.44,197.03843583325056,0.40156416674943785,0.2033854167085889
2026-06-01,Flipkart,iPad,iPad (9th Gen) 64GB,New,197.725,198.73,195.09282620094666,3.637173799053329,1.83020872492997
2026-06-09,Flipkart,iPad,iPad (9th Gen) 64GB,New,195.67000000000002,200.96,194.29824286501764,6.661757134982366,3.3149667272006202
2026-06-16,Flipkart,iPad,iPad (9th Gen) 64GB,New,193.76,195.17,199.1161428626333,3.946142862633309,2.02190032414475
2026-06-19,Flipkart,iPad,iPad (9th Gen) 64GB,New,198.21,196.16,200.6163802718703,4.456380271870302,2.271808866165529
2026-06-29,Flipkart,iPad,iPad (9th Gen) 64GB,New,200.61,195.2,196.56811732315202,1.3681173231520347,0.7008797762049358
2026-07-01,Flipkart,iPad,iPad (9th Gen) 64GB,New,198.73,193.67,200.0317046692494,6.361704669249406,3.2848167858983865
2026-01-04,Flipkart,iPad,iPad (9th Gen) 64GB,Renewed/Refurbished,163.14,155.85,163.10806744802255,7.258067448022558,4.657085305115533
2026-02-15,Flipkart,iPad,iPad (9th Gen) 64GB,Renewed/Refurbished,143.05,147.55,162.28215097542784,14.732150975427828,9.984514385244207
2026-02-18,Flipkart,iPad,iPad (9th Gen) 64GB,Renewed/Refurbished,141.95,139.56,162.3825829990335,22.8225829990335,16.353240899278802
2026-03-17,Flipkart,iPad,iPad (9th Gen) 64GB,Renewed/Refurbished,147.55,149.6,165.39533682640194,15.79533682640195,10.558380231552105
2026-03-26,Flipkart,iPad,iPad (9th Gen) 64GB,Renewed/Refurbished,142.60000000000002,156.11,168.16179120608626,12.05179120608625,7.720063548834956
2026-04-03,Flipkart,iPad,iPad (9th Gen) 64GB,Renewed/Refurbished,145.5,158.95,154.5933698557236,4.35663014427638,2.7408808708879397
2026-04-05,Flipkart,iPad,iPad (9th Gen) 64GB,Renewed/Refurbished,157.33,139.58,160.93208916672472,21.35208916672471,15.297384415191795
2026-04-18,Flipkart,iPad,iPad (9th Gen) 64GB,Renewed/Refurbished,159.81,142.65,160.32613742864794,17.676137428647934,12.391263532175207
2026-05-18,Flipkart,iPad,iPad (9th Gen) 64GB,Renewed/Refurbished,142.65,142.94,157.66342166280037,14.723421662800376,10.300420919826763
2026-01-17,Flipkart,iPad,iPad Air (4th Gen) 64GB,New,357.1,360.26,365.2868126318235,5.026812631823532,1.3953291044866296
2026-02-01,Flipkart,iPad,iPad Air (4th Gen) 64GB,New,354.775,357.26,359.9218289030641,2.6618289030641336,0.7450677106488646
2026-02-14,Flipkart,iPad,iPad Air (4th Gen) 64GB,New,360.78499999999997,355.95,357.6967100359562,1.7467100359561982,0.4907178075449356
2026-02-17,Flipkart,iPad,iPad Air (4th Gen) 64GB,New,356.45,354.16,361.052229133439,6.8922291334390025,1.9460777991413492
2026-02-18,Flipkart,iPad,iPad Air (4th Gen) 64GB,New,356.735,356.08,356.22805264719557,0.1480526471955841,0.04157847876757585
2026-02-19,Flipkart,iPad,iPad Air (4th Gen) 64GB,New,358.16499999999996,353.06,358.89604291169786,5.836042911697859,1.6529889853559903
2026-02-26,Flipkart,iPad,iPad Air (4th Gen) 64GB,New,354.43,364.06,356.27208307545254,7.78791692454746,2.1391850037212166
2026-03-03,Flipkart,iPad,iPad Air (4th Gen) 64GB,New,357.26,361.32,349.01244109630846,12.307558903691529,3.406276680972968
2026-03-19,Flipkart,iPad,iPad Air (4th Gen) 64GB,New,354.16,364.96,357.4692478344766,7.490752165523361,2.052485797217054
2026-03-21,Flipkart,iPad,iPad Air (4th Gen) 64GB,New,353.06,360.45,354.5279414485769,5.922058551423106,1.6429625610828427
2026-04-01,Flipkart,iPad,iPad Air (4th Gen) 64GB,New,362.46000000000004,365.93,350.9651303854153,14.9648696145847,4.089544343066898
2026-04-08,Flipkart,iPad,iPad Air (4th Gen) 64GB,New,363.85,362.105,362.5910679683567,0.48606796835667865,0.1342339841638968
2026-04-14,Flipkart,iPad,iPad Air (4th Gen) 64GB,New,360.75,366.51,359.30722830283224,7.202771697167748,1.965231971069752
2026-05-06,Flipkart,iPad,iPad Air (4th Gen) 64GB,New,360.77,355.09,361.0991052877346,6.009105287734599,1.6922766869623473
2026-05-08,Flipkart,iPad,iPad Air (4th Gen) 64GB,New,362.105,366.07,363.24357892190966,2.826421078090334,0.7720985270823433
2026-05-14,Flipkart,iPad,iPad Air (4th Gen) 64GB,New,366.51,355.01,369.80558373020295,14.795583730202964,4.167652666179253
2026-05-19,Flipkart,iPad,iPad Air (4th Gen) 64GB,New,363.89,361.06,364.9993350412246,3.939335041224581,1.0910472057897804
2026-05-28,Flipkart,iPad,iPad Air (4th Gen) 64GB,New,364.29,363.92,364.11582757602383,0.19582757602381662,0.05381061112986827
2026-06-05,Flipkart,iPad,iPad Air (4th Gen) 64GB,New,355.09,360.24,361.6608792710327,1.4208792710326748,0.3944257359073603
2026-06-18,Flipkart,iPad,iPad Air (4th Gen) 64GB,New,361.06,358.72,366.72337643361186,8.003376433611834,2.2310928951861713
2026-06-28,Flipkart,iPad,iPad Air (4th Gen) 64GB,New,358.74,362.1,360.79674013632007,1.3032598636799548,0.3599171123115037
2026-06-29,Flipkart,iPad,iPad Air (4th Gen) 64GB,New,358.12,356.05,364.52695954064103,8.476959540641019,2.380834023491369
2026-06-30,Flipkart,iPad,iPad Air (4th Gen) 64GB,New,356.5,356.44,362.13122266282664,5.691222662826647,1.5966846209254422
2026-03-08,Flipkart,iPad,iPad Air (4th Gen) 64GB,Renewed/Refurbished,282.0,262.51,274.04832621056323,11.538326210563241,4.39538539886604
2026-04-08,Flipkart,iPad,iPad Air (4th Gen) 64GB,Renewed/Refurbished,299.25,289.46,289.6656951452825,0.20569514528250465,0.0710616821952963
2026-04-23,Flipkart,iPad,iPad Air (4th Gen) 64GB,Renewed/Refurbished,269.63,296.91,278.24411116989825,18.66588883010178,6.286716119397048
2026-06-19,Flipkart,iPad,iPad Air (4th Gen) 64GB,Renewed/Refurbished,264.52,256.19,262.69933083307177,6.509330833071772,2.5408215906443545
2026-01-04,Flipkart,iPad,iPad Air (5th Gen) 64GB,New,354.495,365.12,348.4074640383473,16.71253596165269,4.5772721192081205
2026-01-05,Flipkart,iPad,iPad Air (5th Gen) 64GB,New,353.68,360.73,347.8315284724955,12.898471527504512,3.575658117568406
2026-01-17,Flipkart,iPad,iPad Air (5th Gen) 64GB,New,360.83,363.4,350.4821971372501,12.917802862749852,3.5547063463813573
2026-01-20,Flipkart,iPad,iPad Air (5th Gen) 64GB,New,360.645,353.29,355.74531782265524,2.4553178226552177,0.694986504756777
2026-01-25,Flipkart,iPad,iPad Air (5th Gen) 64GB,New,358.07,357.04999999999995,356.0507175566767,0.9992824433232386,0.2798718508117179
2026-01-26,Flipkart,iPad,iPad Air (5th Gen) 64GB,New,362.01,361.75,354.38343015316684,7.366569846833158,2.0363703792213292
2026-01-27,Flipkart,iPad,iPad Air (5th Gen) 64GB,New,352.68,358.19,350.4768849237058,7.713115076294173,2.153358574023332
2026-01-29,Flipkart,iPad,iPad Air (5th Gen) 64GB,New,354.47,356.59,357.24533496720767,0.6553349672076934,0.18377827959496718
2026-02-11,Flipkart,iPad,iPad Air (5th Gen) 64GB,New,355.86,356.13,355.7383852671479,0.3916147328520765,0.10996398305452405
2026-02-19,Flipkart,iPad,iPad Air (5th Gen) 64GB,New,353.29,355.71,356.35590351017885,0.6459035101788686,0.18158148777905278
2026-02-24,Flipkart,iPad,iPad Air (5th Gen) 64GB,New,357.04999999999995,354.53,354.0714864835108,0.4585135164891767,0.12932996262352317
2026-02-26,Flipkart,iPad,iPad Air (5th Gen) 64GB,New,358.19,354.78,354.8547736731442,0.0747736731442501,0.021076067744588225
2026-02-28,Flipkart,iPad,iPad Air (5th Gen) 64GB,New,356.59,358.51,352.4467217421713,6.063278257828699,1.6912438308077038
2026-03-09,Flipkart,iPad,iPad Air (5th Gen) 64GB,New,355.15,357.54999999999995,360.3823173748922,2.8323173748922272,0.7921458187364642
2026-03-13,Flipkart,iPad,iPad Air (5th Gen) 64GB,New,356.13,358.435,359.56723005906974,1.132230059069741,0.3158815570660624
2026-03-25,Flipkart,iPad,iPad Air (5th Gen) 64GB,New,356.07,363.7,349.82586095217397,13.87413904782602,3.8147206620362994
2026-03-26,Flipkart,iPad,iPad Air (5th Gen) 64GB,New,354.53,361.49,350.31190595446196,11.178094045538046,3.092227736739065
2026-03-28,Flipkart,iPad,iPad Air (5th Gen) 64GB,New,354.78,354.74,348.38969908006374,6.350300919936274,1.7901282403834564
2026-03-29,Flipkart,iPad,iPad Air (5th Gen) 64GB,New,358.95,358.3,346.99834231516473,11.301657684835277,3.1542443998982073
2026-04-04,Flipkart,iPad,iPad Air (5th Gen) 64GB,New,357.6,353.11,357.18515983400374,4.075159834003728,1.1540765863339264
2026-04-17,Flipkart,iPad,iPad Air (5th Gen) 64GB,New,363.26,357.855,358.6663010590152,0.811301059015193,0.22671223233298207
2026-04-22,Flipkart,iPad,iPad Air (5th Gen) 64GB,New,366.17,362.62,359.24907309790626,3.3709269020937427,0.9296031388488618
2026-05-19,Flipkart,iPad,iPad Air (5th Gen) 64GB,New,357.15999999999997,363.21,359.2767188208191,3.933281179180881,1.0829220503788115
2026-05-29,Flipkart,iPad,iPad Air (5th Gen) 64GB,New,361.71,355.27,362.09162875236035,6.821628752360368,1.9201251871422773
2026-06-11,Flipkart,iPad,iPad Air (5th Gen) 64GB,New,358.07,352.95,356.06318642998286,3.113186429982875,0.8820474373092151
2026-06-15,Flipkart,iPad,iPad Air (5th Gen) 64GB,New,363.29,356.115,355.4657145449528,0.6492854550472202,0.18232465777830764
2026-06-18,Flipkart,iPad,iPad Air (5th Gen) 64GB,New,363.21,361.29,358.37139554369685,2.9186044563031714,0.8078287404310032
2026-06-19,Flipkart,iPad,iPad Air (5th Gen) 64GB,New,359.01,363.85,356.0574421846006,7.792557815399448,2.1416951533322655
2026-01-07,Flipkart,iPad,iPad Air (5th Gen) 64GB,Renewed/Refurbished,284.43,257.16,271.8173233687086,14.657323368708603,5.699690219594261
2026-05-29,Flipkart,iPad,iPad Air (5th Gen) 64GB,Renewed/Refurbished,282.11,258.04,274.98191520251714,16.941915202517123,6.56561587448346
2026-06-27,Flipkart,iPad,iPad Air (5th Gen) 64GB,Renewed/Refurbished,285.44,286.92,273.90573833403977,13.014261665960248,4.535850294841854
2026-06-28,Flipkart,iPad,iPad Air (5th Gen) 64GB,Renewed/Refurbished,258.04,251.18,265.2656665016139,14.0856665016139,5.60779779505291
2026-01-09,Flipkart,iPad,iPad Pro 11-inch (M1) 128GB,New,477.6,480.62,473.39192406181286,7.228075938187146,1.5039066077539731
2026-01-10,Flipkart,iPad,iPad Pro 11-inch (M1) 128GB,New,479.95,484.21,469.6066065416606,14.603393458339383,3.015921492397799
2026-01-22,Flipkart,iPad,iPad Pro 11-inch (M1) 128GB,New,484.72,478.5,477.89975337673434,0.6002466232656616,0.12544339044214453
2026-01-26,Flipkart,iPad,iPad Pro 11-inch (M1) 128GB,New,477.44,477.17,478.6695357437971,1.4995357437970824,0.3142560814378696
2026-01-29,Flipkart,iPad,iPad Pro 11-inch (M1) 128GB,New,485.71,470.25,473.2729614517658,3.022961451765809,0.6428413507210652
2026-01-31,Flipkart,iPad,iPad Pro 11-inch (M1) 128GB,New,479.07,485.78,471.63571451507886,14.144285484921113,2.9116648451811753
2026-02-04,Flipkart,iPad,iPad Pro 11-inch (M1) 128GB,New,478.09,486.71,480.1539793938798,6.556020606120171,1.3470075827741717
2026-02-07,Flipkart,iPad,iPad Pro 11-inch (M1) 128GB,New,472.45,482.525,476.00442269964844,6.520577300351533,1.3513449666548953
2026-02-08,Flipkart,iPad,iPad Pro 11-inch (M1) 128GB,New,480.62,472.16999999999996,474.0099067499527,1.8399067499527177,0.3896704047170972
2026-02-11,Flipkart,iPad,iPad Pro 11-inch (M1) 128GB,New,484.86,471.05,474.3276824373261,3.277682437326064,0.695824739905756
2026-02-22,Flipkart,iPad,iPad Pro 11-inch (M1) 128GB,New,470.8,487.87,470.5346169899494,17.335383010050577,3.55327915429327
2026-02-24,Flipkart,iPad,iPad Pro 11-inch (M1) 128GB,New,488.48,470.8,469.13965764160264,1.6603423583973722,0.35266405233589043
2026-02-28,Flipkart,iPad,iPad Pro 11-inch (M1) 128GB,New,470.25,478.38,470.8534533114872,7.526546688512781,1.573340584579786
2026-03-02,Flipkart,iPad,iPad Pro 11-inch (M1) 128GB,New,485.78,483.14,473.1548163355431,9.985183664456883,2.0667267592120058
2026-03-04,Flipkart,iPad,iPad Pro 11-inch (M1) 128GB,New,485.73,484.07,472.87910706154366,11.19089293845633,2.3118336063908793
2026-03-24,Flipkart,iPad,iPad Pro 11-inch (M1) 128GB,New,487.87,471.8,474.86738648034793,3.0673864803479205,0.6501455024052396
2026-03-29,Flipkart,iPad,iPad Pro 11-inch (M1) 128GB,New,473.31,481.24,469.4200535222535,11.819946477746498,2.4561438113511964
2026-04-03,Flipkart,iPad,iPad Pro 11-inch (M1) 128GB,New,484.07,480.34,474.9625570875406,5.377442912459401,1.1195076221966527
2026-04-04,Flipkart,iPad,iPad Pro 11-inch (M1) 128GB,New,482.35,485.26,467.6413066704148,17.6186933295852,3.630773879896385
2026-04-19,Flipkart,iPad,iPad Pro 11-inch (M1) 128GB,New,470.6,488.78,465.9260257148267,22.85397428517325,4.675717968242001
2026-04-21,Flipkart,iPad,iPad Pro 11-inch (M1) 128GB,New,480.46,486.98,469.3144567228686,17.665543277131405,3.627570593685861
2026-04-24,Flipkart,iPad,iPad Pro 11-inch (M1) 128GB,New,471.27,481.53499999999997,472.3262213183961,9.20877868160386,1.9123799270258361
2026-04-27,Flipkart,iPad,iPad Pro 11-inch (M1) 128GB,New,475.89,481.67,466.05212982876253,15.617870171237485,3.242441956367946
2026-05-03,Flipkart,iPad,iPad Pro 11-inch (M1) 128GB,New,480.34,471.67,467.5306454388203,4.1393545611797435,0.8775954716602166
2026-05-09,Flipkart,iPad,iPad Pro 11-inch (M1) 128GB,New,479.735,482.92,469.32653780617073,13.593462193829282,2.814847633941291
2026-05-12,Flipkart,iPad,iPad Pro 11-inch (M1) 128GB,New,477.04,473.53999999999996,467.0336460562829,6.506353943717045,1.3739819114999885
2026-05-16,Flipkart,iPad,iPad Pro 11-inch (M1) 128GB,New,477.53,478.2,470.7905856239378,7.409414376062216,1.5494383889716052
2026-05-19,Flipkart,iPad,iPad Pro 11-inch (M1) 128GB,New,488.78,488.03,464.53566828216185,23.494331717838122,4.814116287490139
2026-05-24,Flipkart,iPad,iPad Pro 11-inch (M1) 128GB,New,481.53499999999997,475.38,466.4590209630592,8.920979036940821,1.8765995702260971
2026-06-18,Flipkart,iPad,iPad Pro 11-inch (M1) 128GB,New,488.03,474.91,470.5026093408271,4.407390659172904,0.928047558310607
2026-06-22,Flipkart,iPad,iPad Pro 11-inch (M1) 128GB,New,470.96,477.2,472.2969037885414,4.903096211458603,1.0274719638429595
2026-06-30,Flipkart,iPad,iPad Pro 11-inch (M1) 128GB,New,474.09000000000003,487.79,466.91641761880106,20.873582381198958,4.279214904200365
2026-01-18,Flipkart,iPad,iPad Pro 11-inch (M1) 128GB,Renewed/Refurbished,345.65,372.47,379.9615281890052,7.49152818900518,2.0113104918530835
2026-06-18,Flipkart,iPad,iPad Pro 11-inch (M1) 128GB,Renewed/Refurbished,384.895,367.79,368.58621935272106,0.7962193527210388,0.21648749360260985
2026-01-02,Flipkart,iPad,iPad Pro 11-inch (M4) 256GB,New,905.32,895.47,908.9792773341096,13.509277334109584,1.5086242234926444
2026-01-03,Flipkart,iPad,iPad Pro 11-inch (M4) 256GB,New,912.17,916.85,899.1978006460264,17.65219935397363,1.9253094130963222
2026-01-05,Flipkart,iPad,iPad Pro 11-inch (M4) 256GB,New,904.045,890.345,906.4009926391151,16.05599263911506,1.8033450672621354
2026-01-07,Flipkart,iPad,iPad Pro 11-inch (M4) 256GB,New,900.99,915.09,898.967131156252,16.12286884374805,1.7618888681712237
2026-01-12,Flipkart,iPad,iPad Pro 11-inch (M4) 256GB,New,887.3050000000001,890.37,894.3614438553649,3.991443855364878,0.44829046973335557
2026-01-13,Flipkart,iPad,iPad Pro 11-inch (M4) 256GB,New,898.25,897.15,896.6669146779941,0.48308532200587706,0.05384666131704588
2026-01-15,Flipkart,iPad,iPad Pro 11-inch (M4) 256GB,New,900.7149999999999,889.24,889.865629264836,0.6256292648359931,0.07035550187081026
2026-01-19,Flipkart,iPad,iPad Pro 11-inch (M4) 256GB,New,905.905,883.66,900.5845262802078,16.92452628020783,1.9152758165140245
2026-01-20,Flipkart,iPad,iPad Pro 11-inch (M4) 256GB,New,908.6,891.24,900.737565075593,9.497565075593002,1.0656574071622686
2026-01-24,Flipkart,iPad,iPad Pro 11-inch (M4) 256GB,New,900.1,907.52,902.365935660921,5.154064339079014,0.5679284576735514
2026-01-27,Flipkart,iPad,iPad Pro 11-inch (M4) 256GB,New,903.315,888.18,909.469867919505,21.289867919505014,2.397021765802542
2026-01-30,Flipkart,iPad,iPad Pro 11-inch (M4) 256GB,New,900.465,905.19,896.3590464318526,8.830953568147493,0.9755911541386331
2026-01-31,Flipkart,iPad,iPad Pro 11-inch (M4) 256GB,New,883.61,906.64,893.9719041078567,12.668095892143242,1.397257554502696
2026-02-02,Flipkart,iPad,iPad Pro 11-inch (M4) 256GB,New,916.85,903.68,901.8388495488044,1.8411504511955172,0.20373920538194024
2026-02-04,Flipkart,iPad,iPad Pro 11-inch (M4) 256GB,New,890.345,896.61,900.1654421794022,3.5554421794022346,0.3965427754990726
2026-02-05,Flipkart,iPad,iPad Pro 11-inch (M4) 256GB,New,903.51,902.18,897.9962540992092,4.183745900790768,0.4637373806547217
2026-02-08,Flipkart,iPad,iPad Pro 11-inch (M4) 256GB,New,900.73,909.0,902.8063456808209,6.193654319179132,0.6813701121209165
2026-02-19,Flipkart,iPad,iPad Pro 11-inch (M4) 256GB,New,891.24,905.78,892.6326194684948,13.147380531505178,1.4514982149644702
2026-02-20,Flipkart,iPad,iPad Pro 11-inch (M4) 256GB,New,897.86,903.7850000000001,881.957666286031,21.827333713969097,2.4151024540094266
2026-02-21,Flipkart,iPad,iPad Pro 11-inch (M4) 256GB,New,899.81,894.74,879.8204112052503,14.919588794749757,1.667477568315908
2026-02-23,Flipkart,iPad,iPad Pro 11-inch (M4) 256GB,New,907.52,916.41,893.561685996218,22.84831400378198,2.4932414534740976
2026-02-24,Flipkart,iPad,iPad Pro 11-inch (M4) 256GB,New,893.635,907.97,896.0957876267321,11.874212373267937,1.3077758486808966
2026-02-26,Flipkart,iPad,iPad Pro 11-inch (M4) 256GB,New,888.18,900.915,883.2040276351861,17.71097236481387,1.9658871663601862
2026-03-01,Flipkart,iPad,iPad Pro 11-inch (M4) 256GB,New,905.19,901.82,894.3721260997595,7.447873900240552,0.8258714488745594
2026-03-02,Flipkart,iPad,iPad Pro 11-inch (M4) 256GB,New,906.64,902.675,904.5401685994987,1.865168599498702,0.2066268146895286
2026-03-04,Flipkart,iPad,iPad Pro 11-inch (M4) 256GB,New,903.68,887.595,906.4193666639972,18.824366663997125,2.120828380511058
2026-03-06,Flipkart,iPad,iPad Pro 11-inch (M4) 256GB,New,896.61,909.86,893.4683675518179,16.391632448182122,1.8015554533864684
2026-03-09,Flipkart,iPad,iPad Pro 11-inch (M4) 256GB,New,897.9649999999999,901.62,892.7899878618312,8.830012138168854,0.9793496304617082
2026-03-10,Flipkart,iPad,iPad Pro 11-inch (M4) 256GB,New,909.0,901.38,903.2245321983178,1.8445321983177791,0.20463424951937909
2026-03-11,Flipkart,iPad,iPad Pro 11-inch (M4) 256GB,New,890.72,900.22,895.258405124106,4.961594875893979,0.5511535931099041
2026-03-12,Flipkart,iPad,iPad Pro 11-inch (M4) 256GB,New,886.8399999999999,898.3,893.7104792391195,4.5895207608804185,0.5109118068440854
2026-03-15,Flipkart,iPad,iPad Pro 11-inch (M4) 256GB,New,900.02,900.995,895.0771333253118,5.9178666746881845,0.656814596605773
2026-03-17,Flipkart,iPad,iPad Pro 11-inch (M4) 256GB,New,892.02,899.365,893.9879779208533,5.377022079146741,0.5978687272850001
2026-03-21,Flipkart,iPad,iPad Pro 11-inch (M4) 256GB,New,905.78,887.66,893.3374702298065,5.677470229806545,0.6395996473657194
2026-03-22,Flipkart,iPad,iPad Pro 11-inch (M4) 256GB,New,903.7850000000001,881.96,909.571894237506,27.611894237505908,3.130742237460418
2026-03-24,Flipkart,iPad,iPad Pro 11-inch (M4) 256GB,New,883.71,905.385,893.5956739876059,11.789326012394099,1.3021340106577974
2026-03-25,Flipkart,iPad,iPad Pro 11-inch (M4) 256GB,New,916.41,914.7,892.9094855667088,21.790514433291264,2.3822580554598516
2026-03-27,Flipkart,iPad,iPad Pro 11-inch (M4) 256GB,New,891.93,890.13,907.3132664581534,17.183266458153412,1.9304221246507152
2026-03-28,Flipkart,iPad,iPad Pro 11-inch (M4) 256GB,New,900.915,904.68,905.8271421780196,1.1471421780196351,0.1268008774394963
2026-03-30,Flipkart,iPad,iPad Pro 11-inch (M4) 256GB,New,908.755,903.835,909.0708210160935,5.235821016093496,0.579289473863426
2026-03-31,Flipkart,iPad,iPad Pro 11-inch (M4) 256GB,New,901.82,906.34,903.4218337052444,2.918166294755679,0.32197258145460633
2026-04-02,Flipkart,iPad,iPad Pro 11-inch (M4) 256GB,New,899.4449999999999,913.71,891.6741002520896,22.035899747910435,2.411695149216976
2026-04-03,Flipkart,iPad,iPad Pro 11-inch (M4) 256GB,New,887.595,912.11,888.1128698163295,23.997130183670492,2.630946945398087
2026-04-04,Flipkart,iPad,iPad Pro 11-inch (M4) 256GB,New,904.145,902.595,898.4773709135835,4.117629086416514,0.45619896924052467
2026-04-05,Flipkart,iPad,iPad Pro 11-inch (M4) 256GB,New,909.86,896.185,904.5376261817684,8.352626181768414,0.9320203062725235
2026-04-09,Flipkart,iPad,iPad Pro 11-inch (M4) 256GB,New,901.38,890.625,889.7497080098323,0.8752919901677387,0.09827839889602681
2026-04-10,Flipkart,iPad,iPad Pro 11-inch (M4) 256GB,New,900.22,890.99,899.4042862149256,8.414286214925596,0.944374932931413
2026-04-11,Flipkart,iPad,iPad Pro 11-inch (M4) 256GB,New,898.3,906.06,896.4221488364492,9.63785116355075,1.0637100372547899
2026-04-14,Flipkart,iPad,iPad Pro 11-inch (M4) 256GB,New,900.995,885.01,829.6961836950154,55.313816304984584,6.2500781126749505
2026-04-16,Flipkart,iPad,iPad Pro 11-inch (M4) 256GB,New,899.365,795.33,826.8002355562243,31.470235556224225,3.9568777182080677
2026-04-20,Flipkart,iPad,iPad Pro 11-inch (M4) 256GB,New,887.66,802.51,816.2910961587831,13.781096158783157,1.7172491506377687
2026-04-21,Flipkart,iPad,iPad Pro 11-inch (M4) 256GB,New,881.96,791.9,807.9055875515107,16.005587551510757,2.021162716442828
2026-04-23,Flipkart,iPad,iPad Pro 11-inch (M4) 256GB,New,905.385,799.905,823.5660077724918,23.66100777249187,2.9579772313577077
2026-04-26,Flipkart,iPad,iPad Pro 11-inch (M4) 256GB,New,890.13,789.0,838.4688992082143,49.46889920821434,6.269822459849726
2026-04-27,Flipkart,iPad,iPad Pro 11-inch (M4) 256GB,New,904.68,791.26,820.8859229253378,29.625922925337818,3.7441451514467836
2026-05-02,Flipkart,iPad,iPad Pro 11-inch (M4) 256GB,New,913.71,805.82,831.5195738757427,25.699573875742658,3.189244977258278
2026-05-04,Flipkart,iPad,iPad Pro 11-inch (M4) 256GB,New,902.595,788.35,816.9998803387703,28.64988033877023,3.634157460362812
2026-05-05,Flipkart,iPad,iPad Pro 11-inch (M4) 256GB,New,896.185,800.565,821.3095712749971,20.744571274997043,2.5912413451746006
2026-05-09,Flipkart,iPad,iPad Pro 11-inch (M4) 256GB,New,890.625,788.27,826.7127877035139,38.442787703513886,4.876855354575702
2026-05-10,Flipkart,iPad,iPad Pro 11-inch (M4) 256GB,New,890.99,810.82,821.829811292926,11.009811292925974,1.3578613370323838
2026-05-11,Flipkart,iPad,iPad Pro 11-inch (M4) 256GB,New,906.06,810.89,820.3674922664002,9.47749226640019,1.1687765623451012
2026-05-13,Flipkart,iPad,iPad Pro 11-inch (M4) 256GB,New,911.89,813.93,839.0546507193924,25.124650719392434,3.0868318798167453
2026-05-15,Flipkart,iPad,iPad Pro 11-inch (M4) 256GB,New,898.96,784.45,828.2455811955393,43.795581195539285,5.582966561991112
2026-05-17,Flipkart,iPad,iPad Pro 11-inch (M4) 256GB,New,793.17,804.48,816.3894957169093,11.909495716909305,1.4803967428536826
2026-05-18,Flipkart,iPad,iPad Pro 11-inch (M4) 256GB,New,798.17,792.5550000000001,816.4793219581521,23.924321958152063,3.0186323924714453
2026-05-20,Flipkart,iPad,iPad Pro 11-inch (M4) 256GB,New,802.51,791.11,796.6085180957109,5.498518095710892,0.6950383759162306
2026-05-21,Flipkart,iPad,iPad Pro 11-inch (M4) 256GB,New,791.9,813.06,814.8562476645714,1.7962476645714105,0.22092436776761995
2026-05-22,Flipkart,iPad,iPad Pro 11-inch (M4) 256GB,New,803.41,797.55,812.0084586555947,14.458458655594768,1.8128592132900467
2026-05-23,Flipkart,iPad,iPad Pro 11-inch (M4) 256GB,New,799.905,801.84,820.3981805372879,18.558180537287853,2.3144493336934864
2026-05-25,Flipkart,iPad,iPad Pro 11-inch (M4) 256GB,New,793.995,787.815,800.4662076096876,12.651207609687503,1.6058602095273007
2026-06-01,Flipkart,iPad,iPad Pro 11-inch (M4) 256GB,New,805.82,805.97,807.5474267288686,1.577426728868545,0.1957177970480967
2026-06-03,Flipkart,iPad,iPad Pro 11-inch (M4) 256GB,New,788.35,803.0150000000001,801.7752602063945,1.2397397936056223,0.15438563334503366
2026-06-04,Flipkart,iPad,iPad Pro 11-inch (M4) 256GB,New,800.565,792.85,797.9232854198907,5.073285419890681,0.6398796014240626
2026-06-06,Flipkart,iPad,iPad Pro 11-inch (M4) 256GB,New,808.38,808.18,818.878463320671,10.698463320671067,1.3237723428779564
2026-06-07,Flipkart,iPad,iPad Pro 11-inch (M4) 256GB,New,812.79,793.08,805.0156180345921,11.93561803459204,1.5049702469602106
2026-06-08,Flipkart,iPad,iPad Pro 11-inch (M4) 256GB,New,788.27,792.99,799.5423746341634,6.552374634163357,0.8262871706028269
2026-06-12,Flipkart,iPad,iPad Pro 11-inch (M4) 256GB,New,813.93,796.825,806.8365753211592,10.011575321159171,1.2564333851421794
2026-06-14,Flipkart,iPad,iPad Pro 11-inch (M4) 256GB,New,784.45,801.6300000000001,799.9458884382968,1.6841115617032756,0.2100858952014365
2026-06-16,Flipkart,iPad,iPad Pro 11-inch (M4) 256GB,New,804.48,804.67,797.0911681568174,7.57883184318257,0.9418558966014106
2026-06-17,Flipkart,iPad,iPad Pro 11-inch (M4) 256GB,New,792.5550000000001,796.87,796.8331691681927,0.036830831807264985,0.004621937305616347
2026-06-18,Flipkart,iPad,iPad Pro 11-inch (M4) 256GB,New,799.59,801.4649999999999,803.0507877062926,1.585787706292649,0.1978611300921
2026-06-19,Flipkart,iPad,iPad Pro 11-inch (M4) 256GB,New,791.11,812.64,805.8184885680258,6.821511431974159,0.8394259982248178
2026-06-20,Flipkart,iPad,iPad Pro 11-inch (M4) 256GB,New,813.06,810.02,810.1918585944902,0.17185859449023155,0.021216586564557858
2026-06-21,Flipkart,iPad,iPad Pro 11-inch (M4) 256GB,New,797.55,800.21,807.7125449385777,7.502544938577671,0.9375720046709828
2026-06-24,Flipkart,iPad,iPad Pro 11-inch (M4) 256GB,New,787.815,801.9200000000001,788.0418759649036,13.878124035096448,1.7306120355018515
2026-07-01,Flipkart,iPad,iPad Pro 11-inch (M4) 256GB,New,805.97,787.2,808.570200236936,21.370200236935943,2.7147103959522285
2026-01-11,Flipkart,iPad,iPad Pro 11-inch (M4) 256GB,Renewed/Refurbished,733.63,735.11,710.418071551238,24.69192844876204,3.3589433484460884
2026-01-13,Flipkart,iPad,iPad Pro 11-inch (M4) 256GB,Renewed/Refurbished,757.37,709.16,704.7084527989566,4.451547201043354,0.6277211350109079
2026-01-22,Flipkart,iPad,iPad Pro 11-inch (M4) 256GB,Renewed/Refurbished,642.85,751.01,664.0196763057894,86.99032369421059,11.583111236096801
2026-01-28,Flipkart,iPad,iPad Pro 11-inch (M4) 256GB,Renewed/Refurbished,711.0,665.77,670.3966208251179,4.626620825117925,0.6949278016609227
2026-01-31,Flipkart,iPad,iPad Pro 11-inch (M4) 256GB,Renewed/Refurbished,760.25,730.33,694.7350234425456,35.5949765574544,4.873820951823751
2026-02-06,Flipkart,iPad,iPad Pro 11-inch (M4) 256GB,Renewed/Refurbished,682.835,707.395,679.7146755094666,27.680324490533394,3.912994082589415
2026-02-19,Flipkart,iPad,iPad Pro 11-inch (M4) 256GB,Renewed/Refurbished,676.44,687.5899999999999,677.5164112925889,10.073588707410977,1.4650574771900375
2026-04-25,Flipkart,iPad,iPad Pro 11-inch (M4) 256GB,Renewed/Refurbished,645.44,670.6800000000001,623.7487744513254,46.93122554867466,6.997558529950894
2026-05-14,Flipkart,iPad,iPad Pro 11-inch (M4) 256GB,Renewed/Refurbished,672.28,668.62,609.8400807805016,58.779919219498424,8.791229580254617
2026-05-25,Flipkart,iPad,iPad Pro 11-inch (M4) 256GB,Renewed/Refurbished,670.6800000000001,635.5,615.1474548193756,20.35254518062436,3.202603490263471
2026-05-29,Flipkart,iPad,iPad Pro 11-inch (M4) 256GB,Renewed/Refurbished,664.84,645.53,637.211660704571,8.318339295428927,1.2886061523754013
2026-06-05,Flipkart,iPad,iPad Pro 11-inch (M4) 256GB,Renewed/Refurbished,657.43,645.76,640.3354986471105,5.424501352889479,0.8400181728334798
2026-06-24,Flipkart,iPad,iPad Pro 11-inch (M4) 256GB,Renewed/Refurbished,635.5,574.84,639.889303805201,65.04930380520102,11.316071220722465
2026-06-29,Flipkart,iPad,iPad Pro 11-inch (M4) 256GB,Renewed/Refurbished,612.8399999999999,573.65,644.9173979063751,71.2673979063751,12.423498284036452
2026-01-03,Flipkart,iPad,iPad Pro 12.9-inch (M2) 256GB,New,903.0,911.025,881.2795976972252,29.745402302774778,3.26504786397462
2026-01-04,Flipkart,iPad,iPad Pro 12.9-inch (M2) 256GB,New,898.17,892.9749999999999,887.5853848260093,5.389615173990592,0.6035572299325952
2026-01-08,Flipkart,iPad,iPad Pro 12.9-inch (M2) 256GB,New,907.69,890.61,893.8584047858169,3.248404785816888,0.36473931191171083
2026-01-10,Flipkart,iPad,iPad Pro 12.9-inch (M2) 256GB,New,883.56,892.23,892.2283700592554,0.0016299407445785619,0.00018268167900413143
2026-01-11,Flipkart,iPad,iPad Pro 12.9-inch (M2) 256GB,New,887.35,903.4,897.0365817029746,6.363418297025419,0.704385465688003
2026-01-20,Flipkart,iPad,iPad Pro 12.9-inch (M2) 256GB,New,893.98,885.96,891.1856637784366,5.225663778436569,0.5898306671222819
2026-01-21,Flipkart,iPad,iPad Pro 12.9-inch (M2) 256GB,New,890.95,897.085,898.978068203124,1.8930682031240167,0.2110243960298095
2026-01-23,Flipkart,iPad,iPad Pro 12.9-inch (M2) 256GB,New,883.86,897.75,883.8687546364245,13.881245363575545,1.546226161356229
2026-01-24,Flipkart,iPad,iPad Pro 12.9-inch (M2) 256GB,New,884.08,884.74,893.6201539029079,8.880153902907864,1.0037020935990082
2026-01-26,Flipkart,iPad,iPad Pro 12.9-inch (M2) 256GB,New,905.8199999999999,911.2,890.4595331718904,20.740466828109675,2.2761706352183575
2026-01-30,Flipkart,iPad,iPad Pro 12.9-inch (M2) 256GB,New,903.6,900.07,897.6593213738772,2.410678626122831,0.26783234927537086
2026-01-31,Flipkart,iPad,iPad Pro 12.9-inch (M2) 256GB,New,912.57,908.9,894.2051726250077,14.694827374992315,1.6167705330610973
2026-02-02,Flipkart,iPad,iPad Pro 12.9-inch (M2) 256GB,New,911.025,900.13,905.4329799607034,5.3029799607033965,0.5891348983706127
2026-02-07,Flipkart,iPad,iPad Pro 12.9-inch (M2) 256GB,New,890.61,906.69,896.2754811617391,10.41451883826096,1.148630605638196
2026-02-09,Flipkart,iPad,iPad Pro 12.9-inch (M2) 256GB,New,892.23,881.77,908.7547700393928,26.984770039392856,3.060295773205355
2026-02-20,Flipkart,iPad,iPad Pro 12.9-inch (M2) 256GB,New,897.085,888.49,888.7224153583306,0.232415358330627,0.026158466424003306
2026-02-24,Flipkart,iPad,iPad Pro 12.9-inch (M2) 256GB,New,889.4,896.95,898.9562159806894,2.006215980689376,0.2236708825117761
2026-02-26,Flipkart,iPad,iPad Pro 12.9-inch (M2) 256GB,New,897.74,892.35,895.7353162024334,3.385316202433387,0.3793708973422297
2026-03-01,Flipkart,iPad,iPad Pro 12.9-inch (M2) 256GB,New,900.07,912.53,895.5621745409194,16.967825459080586,1.8594265897099918
2026-03-06,Flipkart,iPad,iPad Pro 12.9-inch (M2) 256GB,New,908.6800000000001,898.09,899.8565059275079,1.7665059275078647,0.19669586873340808
2026-03-08,Flipkart,iPad,iPad Pro 12.9-inch (M2) 256GB,New,907.39,913.05,906.5654502805296,6.484549719470351,0.7102075154121189
2026-03-17,Flipkart,iPad,iPad Pro 12.9-inch (M2) 256GB,New,884.0,903.8199999999999,895.0974561414479,8.722543858552058,0.9650753312110883
2026-03-19,Flipkart,iPad,iPad Pro 12.9-inch (M2) 256GB,New,891.81,888.9,897.6289277102644,8.72892771026443,0.9819920925035921
2026-03-22,Flipkart,iPad,iPad Pro 12.9-inch (M2) 256GB,New,888.49,904.2,899.2065839391126,4.993416060887398,0.5522468547763103
2026-03-28,Flipkart,iPad,iPad Pro 12.9-inch (M2) 256GB,New,892.35,911.55,891.3256265917138,20.22437340828617,2.2186795467375537
2026-04-04,Flipkart,iPad,iPad Pro 12.9-inch (M2) 256GB,New,891.18,892.96,897.0862122908966,4.126212290896547,0.4620825446712671
2026-04-07,Flipkart,iPad,iPad Pro 12.9-inch (M2) 256GB,New,913.05,892.91,895.8141206901275,2.90412069012757,0.3252422629523211
2026-04-09,Flipkart,iPad,iPad Pro 12.9-inch (M2) 256GB,New,896.61,897.68,901.792009001276,4.112009001276078,0.45807069348499224
2026-04-11,Flipkart,iPad,iPad Pro 12.9-inch (M2) 256GB,New,896.28,885.89,896.0437684702846,10.153768470284604,1.1461658298755606
2026-04-13,Flipkart,iPad,iPad Pro 12.9-inch (M2) 256GB,New,883.06,897.36,894.9494790484102,2.410520951589774,0.26862362391791184
2026-04-14,Flipkart,iPad,iPad Pro 12.9-inch (M2) 256GB,New,892.17,899.41,892.7165847552349,6.693415244765106,0.7442006698574739
2026-04-18,Flipkart,iPad,iPad Pro 12.9-inch (M2) 256GB,New,888.9,894.835,898.9161544099657,4.08115440996562,0.4560789877425022
2026-04-27,Flipkart,iPad,iPad Pro 12.9-inch (M2) 256GB,New,911.55,903.755,895.5486258582474,8.206374141752576,0.9080308426235624
2026-04-29,Flipkart,iPad,iPad Pro 12.9-inch (M2) 256GB,New,908.92,903.45,893.9559367155865,9.494063284413528,1.0508675947106676
2026-05-06,Flipkart,iPad,iPad Pro 12.9-inch (M2) 256GB,New,900.51,899.43,893.3019538105891,6.1280461894108385,0.6813255272128835
2026-05-07,Flipkart,iPad,iPad Pro 12.9-inch (M2) 256GB,New,892.91,890.08,883.8778046587137,6.2021953412863695,0.6968132461448824
2026-05-08,Flipkart,iPad,iPad Pro 12.9-inch (M2) 256GB,New,890.73,912.12,893.1663231986746,18.9536768013254,2.0779806167308466
2026-05-09,Flipkart,iPad,iPad Pro 12.9-inch (M2) 256GB,New,897.68,890.44,894.3602679928192,3.920267992819163,0.4402618921902838
2026-05-13,Flipkart,iPad,iPad Pro 12.9-inch (M2) 256GB,New,897.36,885.51,885.9362035970588,0.42620359705881583,0.048130862108707505
2026-05-17,Flipkart,iPad,iPad Pro 12.9-inch (M2) 256GB,New,883.25,885.91,887.573251102289,1.6632511022889958,0.18774492920149854
2026-05-19,Flipkart,iPad,iPad Pro 12.9-inch (M2) 256GB,New,892.89,884.98,884.63684560804,0.3431543919600699,0.03877538384597052
2026-05-24,Flipkart,iPad,iPad Pro 12.9-inch (M2) 256GB,New,889.72,902.95,889.5427921998015,13.407207800198535,1.4848228362809164
2026-05-25,Flipkart,iPad,iPad Pro 12.9-inch (M2) 256GB,New,883.64,897.94,888.0917303075022,9.848269692497865,1.09676255568277
2026-05-26,Flipkart,iPad,iPad Pro 12.9-inch (M2) 256GB,New,894.13,902.675,876.1568811286683,26.518118871331694,2.9377260776394265
2026-05-29,Flipkart,iPad,iPad Pro 12.9-inch (M2) 256GB,New,903.45,913.42,881.4302615955623,31.989738404437617,3.5021937777186416
2026-06-05,Flipkart,iPad,iPad Pro 12.9-inch (M2) 256GB,New,899.43,892.72,885.4912889528823,7.228711047117713,0.8097400133432334
2026-06-08,Flipkart,iPad,iPad Pro 12.9-inch (M2) 256GB,New,890.44,891.32,891.4839484988227,0.16394849882260587,0.01839389880431336
2026-06-12,Flipkart,iPad,iPad Pro 12.9-inch (M2) 256GB,New,885.51,894.69,877.5666839525966,17.123316047403478,1.9138825791507088
2026-06-15,Flipkart,iPad,iPad Pro 12.9-inch (M2) 256GB,New,907.2049999999999,914.13,897.4377298550883,16.69227014491173,1.826028042500709
2026-06-28,Flipkart,iPad,iPad Pro 12.9-inch (M2) 256GB,New,913.42,902.76,903.7292037417011,0.9692037417011079,0.10736006709436705
2026-01-09,Flipkart,iPad,iPad Pro 12.9-inch (M2) 256GB,Renewed/Refurbished,697.48,648.72,662.6095865262998,13.889586526299809,2.1410757378067284
2026-02-01,Flipkart,iPad,iPad Pro 12.9-inch (M2) 256GB,Renewed/Refurbished,644.86,714.01,668.2404599618227,45.7695400381773,6.410209946384125
2026-02-10,Flipkart,iPad,iPad Pro 12.9-inch (M2) 256GB,Renewed/Refurbished,707.04,733.0,670.6769901366226,62.323009863377365,8.502457007282041
2026-02-27,Flipkart,iPad,iPad Pro 12.9-inch (M2) 256GB,Renewed/Refurbished,654.56,712.42,674.0357390703771,38.38426092962288,5.387869645661672
2026-04-08,Flipkart,iPad,iPad Pro 12.9-inch (M2) 256GB,Renewed/Refurbished,648.52,659.21,672.0304136630638,12.820413663063732,1.9448148030314667
2026-04-09,Flipkart,iPad,iPad Pro 12.9-inch (M2) 256GB,Renewed/Refurbished,662.94,666.22,668.9151944077091,2.6951944077090957,0.4045502097969283
2026-04-29,Flipkart,iPad,iPad Pro 12.9-inch (M2) 256GB,Renewed/Refurbished,715.49,740.61,672.7682426046578,67.84175739534226,9.160254033208066
2026-05-03,Flipkart,iPad,iPad Pro 12.9-inch (M2) 256GB,Renewed/Refurbished,698.815,747.395,691.7332058442249,55.661794155775056,7.447439995688365
2026-05-25,Flipkart,iPad,iPad Pro 12.9-inch (M2) 256GB,Renewed/Refurbished,666.0,646.74,672.9882207101771,26.248220710177065,4.058542955465421
2026-05-30,Flipkart,iPad,iPad Pro 12.9-inch (M2) 256GB,Renewed/Refurbished,716.79,645.53,696.884290293506,51.35429029350598,7.955368502394309
2026-06-26,Flipkart,iPad,iPad Pro 12.9-inch (M2) 256GB,Renewed/Refurbished,676.37,744.73,664.9434211222928,79.78657887770726,10.713490644623857
2026-01-03,Flipkart,iPhone,iPhone 12 64GB,New,480.83,475.68,467.96296184501443,7.717038154985573,1.622317136517317
2026-01-07,Flipkart,iPhone,iPhone 12 64GB,New,481.06,487.86,474.0856736424076,13.774326357592429,2.823417857088597
2026-01-09,Flipkart,iPhone,iPhone 12 64GB,New,487.255,488.06,483.9459530279005,4.114046972099516,0.8429387723024866
2026-01-13,Flipkart,iPhone,iPhone 12 64GB,New,488.89,476.05,483.29564972854536,7.245649728545345,1.5220354434503403
2026-01-28,Flipkart,iPhone,iPhone 12 64GB,New,483.5,476.085,476.1340299912979,0.049029991297913966,0.010298579307878628
2026-02-06,Flipkart,iPhone,iPhone 12 64GB,New,487.86,484.06,485.50429170099676,1.4442917009967573,0.2983703881743497
2026-02-07,Flipkart,iPhone,iPhone 12 64GB,New,474.05,487.25,481.47219053732954,5.7778094626704615,1.1857997871052768
2026-02-08,Flipkart,iPhone,iPhone 12 64GB,New,488.06,481.89,484.67029660361504,2.7802966036150565,0.5769566921112819
2026-02-12,Flipkart,iPhone,iPhone 12 64GB,New,476.05,481.65,482.13059643536485,0.4805964353648733,0.09978125928887642
2026-02-18,Flipkart,iPhone,iPhone 12 64GB,New,482.31,488.15999999999997,481.13922574567664,7.020774254323328,1.438211704015759
2026-02-24,Flipkart,iPhone,iPhone 12 64GB,New,481.28,478.72,488.1030260435359,9.383026043535892,1.9600238225969024
2026-02-27,Flipkart,iPhone,iPhone 12 64GB,New,476.085,476.34000000000003,475.7846733166757,0.5553266833243242,0.11658199675112822
2026-03-01,Flipkart,iPhone,iPhone 12 64GB,New,480.02,473.28999999999996,482.4928733162279,9.202873316227908,1.9444470232263324
2026-03-03,Flipkart,iPhone,iPhone 12 64GB,New,477.86,488.1,484.3634219440579,3.7365780559421182,0.7655353525798234
2026-03-07,Flipkart,iPhone,iPhone 12 64GB,New,475.97,476.65,477.05873100103815,0.40873100103817706,0.08575076073390896
2026-03-08,Flipkart,iPhone,iPhone 12 64GB,New,484.06,487.81,478.94939376858866,8.860606231411339,1.81640520518467
2026-03-09,Flipkart,iPhone,iPhone 12 64GB,New,487.25,474.05499999999995,481.89885065519474,7.843850655194785,1.6546288205366015
2026-03-10,Flipkart,iPhone,iPhone 12 64GB,New,481.89,477.955,483.8806429272207,5.925642927220736,1.2397909692796887
2026-03-14,Flipkart,iPhone,iPhone 12 64GB,New,481.65,476.32,472.6642148902348,3.6557851097651906,0.7675061113883923
2026-03-22,Flipkart,iPhone,iPhone 12 64GB,New,482.54,485.06,482.6589850267442,2.401014973255826,0.49499339736441395
2026-03-26,Flipkart,iPhone,iPhone 12 64GB,New,478.72,482.0,475.41757846591787,6.58242153408213,1.365647621178865
2026-03-28,Flipkart,iPhone,iPhone 12 64GB,New,484.67,483.125,482.9268098206453,0.19819017935469674,0.041022546826327916
2026-03-29,Flipkart,iPhone,iPhone 12 64GB,New,476.34000000000003,475.66,479.115281039668,3.455281039667966,0.7264182482588332
2026-03-30,Flipkart,iPhone,iPhone 12 64GB,New,474.06,478.21,476.67108516843354,1.5389148315664443,0.3218073297435111
2026-04-08,Flipkart,iPhone,iPhone 12 64GB,New,474.05499999999995,486.59,478.87405013006935,7.7159498699306255,1.5857189563966843
2026-04-13,Flipkart,iPhone,iPhone 12 64GB,New,476.32,478.30499999999995,477.6898657566681,0.6151342433318518,0.12860711122230625
2026-04-21,Flipkart,iPhone,iPhone 12 64GB,New,485.06,487.22,480.8891997395085,6.330800260491515,1.299372000429275
2026-04-24,Flipkart,iPhone,iPhone 12 64GB,New,480.40999999999997,473.96,480.46344692446417,6.5034469244641855,1.372151009465817
2026-05-08,Flipkart,iPhone,iPhone 12 64GB,New,486.59,483.03,480.7608089508807,2.2691910491192857,0.46978263236637186
2026-05-23,Flipkart,iPhone,iPhone 12 64GB,New,486.62,473.84,481.9787226807031,8.138722680703097,1.717609885341697
2026-05-24,Flipkart,iPhone,iPhone 12 64GB,New,473.96,473.65,479.51501751301095,5.865017513010969,1.238259793731863
2026-05-26,Flipkart,iPhone,iPhone 12 64GB,New,487.36,470.21,480.02865748111924,9.81865748111926,2.0881430597220945
2026-05-30,Flipkart,iPhone,iPhone 12 64GB,New,477.92,473.185,481.8165383577866,8.63153835778661,1.82413609006765
2026-06-19,Flipkart,iPhone,iPhone 12 64GB,New,475.245,477.39,480.29465870707224,2.904658707072258,0.6084456538830428
2026-06-24,Flipkart,iPhone,iPhone 12 64GB,New,480.54,471.455,470.1535883664525,1.3014116335475023,0.27604153812081794
2026-06-25,Flipkart,iPhone,iPhone 12 64GB,New,470.21,478.33,470.5173788588421,7.8126211411578765,1.6333119689665874
2026-06-30,Flipkart,iPhone,iPhone 12 64GB,New,476.20500000000004,486.37,476.3564000654805,10.013599934519505,2.058844076427309
2026-02-14,Flipkart,iPhone,iPhone 12 64GB,Renewed/Refurbished,390.26,356.36,370.6751249481742,14.315124948174173,4.0170403379094655
2026-03-18,Flipkart,iPhone,iPhone 12 64GB,Renewed/Refurbished,374.17,408.37,366.53997551434173,41.83002448565827,10.243167834478113
2026-01-02,Flipkart,iPhone,iPhone 12 Pro 128GB,New,606.87,589.5,595.9266505009667,6.42665050096673,1.0901866837941867
2026-01-03,Flipkart,iPhone,iPhone 12 Pro 128GB,New,602.72,593.1,590.6882696812656,2.411730318734385,0.406631313224479
2026-01-10,Flipkart,iPhone,iPhone 12 Pro 128GB,New,596.75,589.14,595.0212180624029,5.881218062402922,0.998271728689772
2026-01-12,Flipkart,iPhone,iPhone 12 Pro 128GB,New,601.845,603.32,591.4587235901328,11.861276409867287,1.9660008635329982
2026-01-17,Flipkart,iPhone,iPhone 12 Pro 128GB,New,609.02,610.07,605.8445911165443,4.225408883455771,0.6926105010008311
2026-01-23,Flipkart,iPhone,iPhone 12 Pro 128GB,New,606.3,590.54,594.8771650551802,4.337165055180208,0.7344405214177208
2026-01-24,Flipkart,iPhone,iPhone 12 Pro 128GB,New,601.94,601.85,596.7114824735921,5.138517526407895,0.8537870775787813
2026-01-30,Flipkart,iPhone,iPhone 12 Pro 128GB,New,607.71,593.19,600.3366039926677,7.1466039926676785,1.2047748601068256
2026-02-02,Flipkart,iPhone,iPhone 12 Pro 128GB,New,593.1,600.94,594.505903350969,6.434096649031062,1.07067205528523
2026-02-22,Flipkart,iPhone,iPhone 12 Pro 128GB,New,590.54,588.51,595.2640510990492,6.754051099049207,1.1476527330120485
2026-02-23,Flipkart,iPhone,iPhone 12 Pro 128GB,New,601.85,587.57,600.999412750077,13.42941275007695,2.2855851643339427
2026-02-25,Flipkart,iPhone,iPhone 12 Pro 128GB,New,610.2,605.4,610.6530788759923,5.253078875992287,0.8677038116934732
2026-03-05,Flipkart,iPhone,iPhone 12 Pro 128GB,New,594.86,591.57,593.898018766705,2.328018766704986,0.39353225598069297
2026-03-09,Flipkart,iPhone,iPhone 12 Pro 128GB,New,604.25,603.9,596.2749280945912,7.625071905408731,1.2626381694665891
2026-03-22,Flipkart,iPhone,iPhone 12 Pro 128GB,New,604.82,593.8,606.2868294327255,12.486829432725585,2.1028678734802266
2026-03-25,Flipkart,iPhone,iPhone 12 Pro 128GB,New,587.57,607.05,587.1717885579731,19.878211442026895,3.2745591700892676
2026-03-30,Flipkart,iPhone,iPhone 12 Pro 128GB,New,598.92,594.94,597.9671998945353,3.027199894535215,0.5088244015422084
2026-04-01,Flipkart,iPhone,iPhone 12 Pro 128GB,New,609.49,606.77,611.1690578403791,4.3990578403791005,0.7249959359195578
2026-04-08,Flipkart,iPhone,iPhone 12 Pro 128GB,New,603.9,598.6600000000001,597.2490773118725,1.4109226881275845,0.2356801336530893
2026-04-19,Flipkart,iPhone,iPhone 12 Pro 128GB,New,609.32,603.31,612.0011776811972,8.691177681197246,1.440582400622772
2026-04-22,Flipkart,iPhone,iPhone 12 Pro 128GB,New,606.32,602.85,607.8018684847398,4.951868484739748,0.8214097179629672
2026-04-29,Flipkart,iPhone,iPhone 12 Pro 128GB,New,594.94,588.57,599.2476840353418,10.677684035341713,1.8141740209901474
2026-05-19,Flipkart,iPhone,iPhone 12 Pro 128GB,New,603.31,603.515,601.8484320964926,1.6665679035073708,0.27614357613437457
2026-06-10,Flipkart,iPhone,iPhone 12 Pro 128GB,New,596.13,587.9,594.890073353231,6.990073353230969,1.1889901944601071
2026-06-13,Flipkart,iPhone,iPhone 12 Pro 128GB,New,600.49,591.235,590.3532142904945,0.8817857095054933,0.14914301580682693
2026-01-27,Flipkart,iPhone,iPhone 12 Pro 128GB,Renewed/Refurbished,504.03,500.57,444.3868493356841,56.18315066431592,11.223834961007634
2026-03-23,Flipkart,iPhone,iPhone 12 Pro 128GB,Renewed/Refurbished,447.67,506.6,459.8087905154537,46.7912094845463,9.236322440692124
2026-04-27,Flipkart,iPhone,iPhone 12 Pro 128GB,Renewed/Refurbished,475.86,426.06,468.6081480636899,42.548148063689894,9.986421645704805
2026-06-29,Flipkart,iPhone,iPhone 12 Pro 128GB,Renewed/Refurbished,501.82,457.85,463.97044827527617,6.120448275276146,1.336780228301004
2026-01-09,Flipkart,iPhone,iPhone 13 128GB,New,473.81,485.16,472.8535249832727,12.306475016727347,2.5365807190880014
2026-01-12,Flipkart,iPhone,iPhone 13 128GB,New,473.88,476.07,477.7547502105156,1.684750210515631,0.35388707763892513
2026-01-16,Flipkart,iPhone,iPhone 13 128GB,New,476.09,471.58,476.79506424854145,5.215064248541466,1.1058705306716712
2026-01-17,Flipkart,iPhone,iPhone 13 128GB,New,482.825,473.26,487.09460234729227,13.834602347292275,2.923256211657921
2026-01-25,Flipkart,iPhone,iPhone 13 128GB,New,474.47,483.25,481.1011443382423,2.1488556617576933,0.44466749337976064
2026-02-04,Flipkart,iPhone,iPhone 13 128GB,New,481.96,477.39,478.7709767117865,1.3809767117865022,0.289276422167725
2026-02-15,Flipkart,iPhone,iPhone 13 128GB,New,471.58,480.08,479.22891964884275,0.8510803511572362,0.1772788600144218
2026-02-17,Flipkart,iPhone,iPhone 13 128GB,New,474.65,478.52,477.14347889699064,1.3765211030093383,0.28766218820725115
2026-02-18,Flipkart,iPhone,iPhone 13 128GB,New,474.61,479.97,474.1813641677473,5.788635832252737,1.2060411759594845
2026-02-24,Flipkart,iPhone,iPhone 13 128GB,New,483.25,488.59,479.2770821299346,9.312917870065348,1.9060803270769662
2026-03-03,Flipkart,iPhone,iPhone 13 128GB,New,486.8,470.04,480.49017649076234,10.450176490762317,2.223252593558488
2026-03-05,Flipkart,iPhone,iPhone 13 128GB,New,472.61,475.46,475.1950491175694,0.2649508824305826,0.05572516771770131
2026-03-17,Flipkart,iPhone,iPhone 13 128GB,New,480.08,474.6,470.4497702578983,4.150229742101715,0.8744689722085366
2026-03-21,Flipkart,iPhone,iPhone 13 128GB,New,480.97,481.74,473.110827768272,8.629172231728035,1.791250930320927
2026-03-25,Flipkart,iPhone,iPhone 13 128GB,New,479.83,472.79,472.7630594782648,0.02694052173524142,0.005698200413553886
2026-03-26,Flipkart,iPhone,iPhone 13 128GB,New,488.59,486.28,476.8753316577257,9.404668342274249,1.9340027026145943
2026-03-31,Flipkart,iPhone,iPhone 13 128GB,New,483.89,479.27,479.5056027053404,0.23560270534039773,0.04915865907325677
2026-04-02,Flipkart,iPhone,iPhone 13 128GB,New,470.04,478.03499999999997,482.5916479921382,4.55664799213821,0.9532038432621481
2026-04-10,Flipkart,iPhone,iPhone 13 128GB,New,481.17,478.06,476.1286423336086,1.9313576663914205,0.4039990098296073
2026-04-16,Flipkart,iPhone,iPhone 13 128GB,New,474.6,471.3,476.81320460013796,5.5132046001379535,1.1697866751831008
2026-04-24,Flipkart,iPhone,iPhone 13 128GB,New,472.79,478.25,478.65926858751294,0.4092685875129405,0.08557628594102258
2026-04-30,Flipkart,iPhone,iPhone 13 128GB,New,479.27,487.56,478.16433495285514,9.39566504714486,1.9270787281862458
2026-05-02,Flipkart,iPhone,iPhone 13 128GB,New,478.03499999999997,487.87,475.63103488843836,12.23896511156164,2.5086529427022852
2026-05-10,Flipkart,iPhone,iPhone 13 128GB,New,478.06,478.43,470.88145126271866,7.548548737281351,1.577774959195985
2026-05-11,Flipkart,iPhone,iPhone 13 128GB,New,486.68,478.755,474.40371571796186,4.3512842820381366,0.9088749531677239
2026-05-16,Flipkart,iPhone,iPhone 13 128GB,New,471.3,478.36,477.37416570463665,0.985834295363361,0.20608627296666965
2026-05-18,Flipkart,iPhone,iPhone 13 128GB,New,483.18,482.05,476.856562647718,5.19343735228199,1.0773648692629374
2026-05-19,Flipkart,iPhone,iPhone 13 128GB,New,477.52,471.44,476.13674837050013,4.696748370500131,0.9962558057229195
2026-06-01,Flipkart,iPhone,iPhone 13 128GB,New,487.87,483.54,473.6225573626772,9.917442637322836,2.0510077009808567
2026-06-12,Flipkart,iPhone,iPhone 13 128GB,New,480.385,484.6,473.40128919903464,11.198710800965387,2.310918448403918
2026-01-11,Flipkart,iPhone,iPhone 13 Pro Max 256GB,New,814.06,806.65,800.0424847644219,6.607515235578035,0.8191303831374246
2026-01-15,Flipkart,iPhone,iPhone 13 Pro Max 256GB,New,807.015,787.98,799.8504136689614,11.870413668961419,1.5064359081399805
2026-01-21,Flipkart,iPhone,iPhone 13 Pro Max 256GB,New,796.22,789.87,805.7830770150568,15.913077015056842,2.014645070082019
2026-01-24,Flipkart,iPhone,iPhone 13 Pro Max 256GB,New,809.25,791.53,810.8165321970991,19.286532197099177,2.4366141772389143
2026-01-25,Flipkart,iPhone,iPhone 13 Pro Max 256GB,New,807.05,793.66,796.0677352211906,2.407735221190592,0.30337111876503686
2026-02-03,Flipkart,iPhone,iPhone 13 Pro Max 256GB,New,789.84,785.08,791.2138968519213,6.133896851921236,0.7813085102054868
2026-02-23,Flipkart,iPhone,iPhone 13 Pro Max 256GB,New,791.53,792.19,793.4810975092078,1.2910975092077024,0.16297826395280202
2026-02-26,Flipkart,iPhone,iPhone 13 Pro Max 256GB,New,797.19,814.74,790.6961565095892,24.043843490410836,2.9511063026745754
2026-03-04,Flipkart,iPhone,iPhone 13 Pro Max 256GB,New,804.78,807.01,791.7728119706092,15.237188029390836,1.8881039924400982
2026-03-05,Flipkart,iPhone,iPhone 13 Pro Max 256GB,New,785.08,796.32,786.1637098396332,10.156290160366893,1.2754031244181852
2026-03-25,Flipkart,iPhone,iPhone 13 Pro Max 256GB,New,792.19,804.8050000000001,796.5293754210657,8.275624578934412,1.0282769837332535
2026-03-28,Flipkart,iPhone,iPhone 13 Pro Max 256GB,New,814.74,802.53,789.6265055074834,12.90349449251653,1.607851979678832
2026-04-12,Flipkart,iPhone,iPhone 13 Pro Max 256GB,New,799.33,793.26,800.3965741092392,7.136574109239177,0.8996513260770966
2026-04-21,Flipkart,iPhone,iPhone 13 Pro Max 256GB,New,786.4,794.4300000000001,784.6117793995567,9.818220600443397,1.2358824063093532
2026-04-24,Flipkart,iPhone,iPhone 13 Pro Max 256GB,New,804.8050000000001,807.76,790.2368806078819,17.523119392118133,2.169347255635106
2026-04-27,Flipkart,iPhone,iPhone 13 Pro Max 256GB,New,802.53,794.41,771.9083280788036,22.501671921196362,2.8325010915265874
2026-05-10,Flipkart,iPhone,iPhone 13 Pro Max 256GB,New,795.29,785.02,789.8209573154877,4.800957315487722,0.6115713377350541
2026-05-12,Flipkart,iPhone,iPhone 13 Pro Max 256GB,New,793.26,797.12,800.0784828818729,2.9584828818728965,0.371146487589434
2026-05-19,Flipkart,iPhone,iPhone 13 Pro Max 256GB,New,810.98,798.55,794.4395390892596,4.110460910740358,0.5147405811458716
2026-06-11,Flipkart,iPhone,iPhone 13 Pro Max 256GB,New,797.12,809.51,785.9085905409693,23.60140945903072,2.915517962598451
2026-06-13,Flipkart,iPhone,iPhone 13 Pro Max 256GB,New,787.82,789.61,776.0152516564655,13.594748343534548,1.7217041759266658
2026-06-14,Flipkart,iPhone,iPhone 13 Pro Max 256GB,New,808.535,790.94,786.027976158176,4.912023841824066,0.6210362153670399
2026-06-18,Flipkart,iPhone,iPhone 13 Pro Max 256GB,New,798.55,808.49,778.4575413725555,30.0324586274445,3.7146357564650767
2026-06-29,Flipkart,iPhone,iPhone 13 Pro Max 256GB,New,784.21,803.175,769.6631510204841,33.51184897951589,4.172421823328152
2026-02-23,Flipkart,iPhone,iPhone 13 Pro Max 256GB,Renewed/Refurbished,632.985,623.17,626.2998145371903,3.1298145371903274,0.5022408872683742
2026-04-28,Flipkart,iPhone,iPhone 13 Pro Max 256GB,Renewed/Refurbished,631.21,670.48,601.9833304981915,68.49666950180847,10.216064536124637
2026-01-07,Flipkart,iPhone,iPhone 14 128GB,New,507.56,499.33,487.04048327586406,12.289516724135922,2.461201354642405
2026-01-11,Flipkart,iPhone,iPhone 14 128GB,New,504.99,495.29,509.43476499614815,14.144764996148126,2.8558551547877253
2026-01-13,Flipkart,iPhone,iPhone 14 128GB,New,500.14,495.8,505.2721446914836,9.472144691483606,1.910476944631627
2026-01-14,Flipkart,iPhone,iPhone 14 128GB,New,491.78,498.36,508.71061813881613,10.350618138816117,2.07693597777031
2026-01-15,Flipkart,iPhone,iPhone 14 128GB,New,501.945,496.07,504.7616600587588,8.691660058758828,1.7521035456203415
2026-01-19,Flipkart,iPhone,iPhone 14 128GB,New,498.235,506.11,498.905828356591,7.20417164340904,1.4234398931870622
2026-01-22,Flipkart,iPhone,iPhone 14 128GB,New,497.29,502.18,511.03251487109253,8.852514871092524,1.7628170916986985
2026-01-23,Flipkart,iPhone,iPhone 14 128GB,New,503.77,501.545,505.8495653661338,4.304565366133772,0.8582610465927827
2026-01-30,Flipkart,iPhone,iPhone 14 128GB,New,498.165,504.03,509.3474787357201,5.317478735720101,1.054992507533302
2026-02-06,Flipkart,iPhone,iPhone 14 128GB,New,499.33,507.3,506.07107198977377,1.228928010226241,0.24224877000320147
2026-02-10,Flipkart,iPhone,iPhone 14 128GB,New,495.29,508.3,504.1644348314784,4.135565168521623,0.813607154932446
2026-02-12,Flipkart,iPhone,iPhone 14 128GB,New,495.8,501.345,506.9099968529853,5.564996852985246,1.110013434458356
2026-02-13,Flipkart,iPhone,iPhone 14 128GB,New,498.36,501.22,508.955053252278,7.7350532522779645,1.543245132332701
2026-02-21,Flipkart,iPhone,iPhone 14 128GB,New,502.18,501.94,496.2354957672617,5.704504232738316,1.1364912604570896
2026-02-22,Flipkart,iPhone,iPhone 14 128GB,New,501.545,499.5,503.7452889544927,4.2452889544927075,0.8499076985971386
2026-02-25,Flipkart,iPhone,iPhone 14 128GB,New,493.32,499.06,502.8487788429708,3.788778842970771,0.7591830326956219
2026-03-06,Flipkart,iPhone,iPhone 14 128GB,New,492.24,505.35,503.223602088461,2.1263979115390157,0.4207772655662443
2026-03-08,Flipkart,iPhone,iPhone 14 128GB,New,507.3,499.07,501.9269578232611,2.856957823261098,0.5724563334324039
2026-03-09,Flipkart,iPhone,iPhone 14 128GB,New,502.16,495.235,503.16291988486205,7.927919884862035,1.6008399820008754
2026-03-10,Flipkart,iPhone,iPhone 14 128GB,New,494.35,503.06,501.60189204264134,1.4581079573586635,0.28984772340449716
2026-03-18,Flipkart,iPhone,iPhone 14 128GB,New,503.7,494.8,515.3971233145667,20.59712331456666,4.162716918869576
2026-03-23,Flipkart,iPhone,iPhone 14 128GB,New,501.94,492.85,503.9380116972178,11.08801169721778,2.24977410920519
2026-04-01,Flipkart,iPhone,iPhone 14 128GB,New,504.92,505.57,513.9147151903098,8.344715190309842,1.6505558459382164
2026-04-05,Flipkart,iPhone,iPhone 14 128GB,New,505.35,492.7,512.0660713792372,19.366071379237212,3.930601051194888
2026-04-09,Flipkart,iPhone,iPhone 14 128GB,New,503.06,493.92,508.64764108294,14.72764108294001,2.981786743387595
2026-04-16,Flipkart,iPhone,iPhone 14 128GB,New,494.93,499.23,506.4185728359914,7.188572835991408,1.4399320625746466
2026-04-17,Flipkart,iPhone,iPhone 14 128GB,New,494.8,505.45,502.11722433050915,3.332775669490843,0.6593680224534263
2026-04-22,Flipkart,iPhone,iPhone 14 128GB,New,492.85,502.70500000000004,503.1373997191405,0.4323997191404487,0.08601460481603498
2026-05-01,Flipkart,iPhone,iPhone 14 128GB,New,505.57,497.62,513.4812991246176,15.86129912461763,3.1874320012494737
2026-05-05,Flipkart,iPhone,iPhone 14 128GB,New,492.7,497.6,507.8293805234248,10.229380523424766,2.0557436743216972
2026-05-09,Flipkart,iPhone,iPhone 14 128GB,New,493.92,503.29,500.7473876532419,2.542612346758119,0.505198264769441
2026-05-16,Flipkart,iPhone,iPhone 14 128GB,New,499.23,498.63,499.291900978695,0.6619009786950301,0.1327439140635401
2026-05-17,Flipkart,iPhone,iPhone 14 128GB,New,505.45,501.82,511.5841149472666,9.764114947266592,1.9457404940549583
2026-05-21,Flipkart,iPhone,iPhone 14 128GB,New,507.48,491.15,511.78839967610827,20.638399676108293,4.20205633230343
2026-05-22,Flipkart,iPhone,iPhone 14 128GB,New,502.70500000000004,501.45,509.09921031959516,7.64921031959517,1.5254183507019983
2026-05-23,Flipkart,iPhone,iPhone 14 128GB,New,501.28,496.775,509.2523598325306,12.477359832530624,2.5116722525349755
2026-05-30,Flipkart,iPhone,iPhone 14 128GB,New,501.145,503.21000000000004,507.4522447865618,4.242244786561741,0.8430366619426763
2026-05-31,Flipkart,iPhone,iPhone 14 128GB,New,497.62,495.9,504.4500159743062,8.550015974306234,1.7241411523101904
2026-06-02,Flipkart,iPhone,iPhone 14 128GB,New,490.14,505.96,506.1651729457853,0.2051729457853071,0.040551218630980136
2026-06-04,Flipkart,iPhone,iPhone 14 128GB,New,497.6,494.46,498.418310824544,3.9583108245440144,0.8005320601350998
2026-06-06,Flipkart,iPhone,iPhone 14 128GB,New,497.13,492.15,499.9023986897147,7.75239868971471,1.5752105434755075
2026-06-08,Flipkart,iPhone,iPhone 14 128GB,New,503.29,498.55,500.6692765860819,2.1192765860818668,0.4250880726269916
2026-06-13,Flipkart,iPhone,iPhone 14 128GB,New,498.2,496.455,493.83837772570325,2.6166222742967307,0.5270613196154195
2026-06-14,Flipkart,iPhone,iPhone 14 128GB,New,499.11,506.69,489.5837647187634,17.106235281236593,3.376075170466477
2026-06-15,Flipkart,iPhone,iPhone 14 128GB,New,498.63,498.27,506.1182153463324,7.848215346332438,1.5750928906681998
2026-06-16,Flipkart,iPhone,iPhone 14 128GB,New,501.82,499.85,496.5329916892458,3.317008310754204,0.6636007423735528
2026-06-20,Flipkart,iPhone,iPhone 14 128GB,New,491.15,506.22,498.24974044719687,7.970259552803157,1.5744655590065892
2026-06-27,Flipkart,iPhone,iPhone 14 128GB,New,504.53,508.27,504.6333307168841,3.636669283115907,0.7154994949762739
2026-06-29,Flipkart,iPhone,iPhone 14 128GB,New,503.21000000000004,497.71500000000003,498.9360487128766,1.2210487128765521,0.24533090481029346
2026-02-16,Flipkart,iPhone,iPhone 14 128GB,Renewed/Refurbished,416.93,404.06,382.8350327387478,21.224967261252175,5.252924630315343
2026-02-17,Flipkart,iPhone,iPhone 14 128GB,Renewed/Refurbished,407.66,408.98,391.6339869398772,17.3460130601228,4.241286385672356
2026-03-02,Flipkart,iPhone,iPhone 14 128GB,Renewed/Refurbished,422.8,391.17,387.6251213091162,3.54487869088382,0.9062245803317791
2026-03-05,Flipkart,iPhone,iPhone 14 128GB,Renewed/Refurbished,378.36,359.48,382.3534202580057,22.873420258005694,6.362918732059001
2026-03-07,Flipkart,iPhone,iPhone 14 128GB,Renewed/Refurbished,370.53,409.78,383.05130289042285,26.728697109577126,6.522694399330647
2026-04-10,Flipkart,iPhone,iPhone 14 128GB,Renewed/Refurbished,353.84,408.75,376.8582881853143,31.89171181468572,7.802253654968984
2026-05-22,Flipkart,iPhone,iPhone 14 128GB,Renewed/Refurbished,372.94,393.75,377.8839003156797,15.866099684320318,4.0294856341130965
2026-06-08,Flipkart,iPhone,iPhone 14 128GB,Renewed/Refurbished,407.49,380.87,381.50466126115526,0.6346612611552587,0.16663461578891975
2026-01-06,Flipkart,iPhone,iPhone 14 Pro 128GB,New,707.81,702.96,696.0264945094372,6.9335054905628795,0.9863300174352565
2026-01-09,Flipkart,iPhone,iPhone 14 Pro 128GB,New,687.48,695.56,705.4069866820804,9.846986682080455,1.415691914727767
2026-01-10,Flipkart,iPhone,iPhone 14 Pro 128GB,New,700.145,701.2,696.8306776611497,4.369322338850338,0.6231206986380973
2026-01-11,Flipkart,iPhone,iPhone 14 Pro 128GB,New,694.19,693.74,705.2800170025257,11.540017002525701,1.6634498518934615
2026-01-18,Flipkart,iPhone,iPhone 14 Pro 128GB,New,706.5,687.3,695.6487951241006,8.348795124100661,1.2147235739998052
2026-01-20,Flipkart,iPhone,iPhone 14 Pro 128GB,New,692.985,697.5,702.782390443855,5.282390443854979,0.7573319632766995
2026-01-22,Flipkart,iPhone,iPhone 14 Pro 128GB,New,704.8,700.86,703.1938689815671,2.333868981567093,0.33300073931556845
2026-01-25,Flipkart,iPhone,iPhone 14 Pro 128GB,New,695.67,699.82,699.4884958425276,0.33150415747240913,0.04736991761773157
2026-01-29,Flipkart,iPhone,iPhone 14 Pro 128GB,New,710.08,699.405,702.1051788638378,2.7001788638377775,0.3860679954872753
2026-02-04,Flipkart,iPhone,iPhone 14 Pro 128GB,New,700.07,706.12,703.6394501339705,2.4805498660294916,0.35129296239017327
2026-02-09,Flipkart,iPhone,iPhone 14 Pro 128GB,New,701.2,706.89,704.8922769293525,1.997723070647453,0.28260734635480106
2026-02-10,Flipkart,iPhone,iPhone 14 Pro 128GB,New,693.74,691.13,702.911210131414,11.781210131414014,1.7046301175486542
2026-02-11,Flipkart,iPhone,iPhone 14 Pro 128GB,New,691.0250000000001,691.84,700.6484943092438,8.80849430924377,1.2731981829966132
2026-02-12,Flipkart,iPhone,iPhone 14 Pro 128GB,New,692.98,703.27,703.8448414087237,0.5748414087237279,0.08173836630650076
2026-02-20,Flipkart,iPhone,iPhone 14 Pro 128GB,New,699.23,688.41,704.5458063992405,16.13580639924055,2.3439238824596607
2026-02-22,Flipkart,iPhone,iPhone 14 Pro 128GB,New,688.05,704.89,703.5925624935091,1.2974375064908372,0.18406240782119723
2026-02-28,Flipkart,iPhone,iPhone 14 Pro 128GB,New,699.405,699.06,702.3606380446018,3.3006380446018966,0.47215375570078344
2026-03-04,Flipkart,iPhone,iPhone 14 Pro 128GB,New,710.55,709.56,700.3252076100747,9.234792389925246,1.3014815364345858
2026-03-06,Flipkart,iPhone,iPhone 14 Pro 128GB,New,706.12,701.19,705.667187727834,4.477187727833893,0.6385127751157166
2026-03-08,Flipkart,iPhone,iPhone 14 Pro 128GB,New,689.26,708.325,698.641408091839,9.68359190816102,1.3671114118746366
2026-03-13,Flipkart,iPhone,iPhone 14 Pro 128GB,New,691.84,703.05,701.9294631228538,1.1205368771461508,0.15938224552253052
2026-03-24,Flipkart,iPhone,iPhone 14 Pro 128GB,New,704.89,707.585,697.4509265646363,10.134073435363689,1.4322058035944356
2026-03-28,Flipkart,iPhone,iPhone 14 Pro 128GB,New,690.83,700.03,700.6352898828932,0.605289882893203,0.0864662775728473
2026-03-30,Flipkart,iPhone,iPhone 14 Pro 128GB,New,699.06,710.86,700.1412206630264,10.718779336973626,1.5078608076096032
2026-03-31,Flipkart,iPhone,iPhone 14 Pro 128GB,New,712.11,703.77,695.8070485667126,7.962951433287344,1.1314707124894985
2026-04-04,Flipkart,iPhone,iPhone 14 Pro 128GB,New,704.97,691.89,697.3226238094204,5.43262380942042,0.7851860569484196
2026-04-05,Flipkart,iPhone,iPhone 14 Pro 128GB,New,701.19,692.42,700.3600346393829,7.9400346393829295,1.1467078708562621
2026-04-08,Flipkart,iPhone,iPhone 14 Pro 128GB,New,686.6,709.81,700.2166447325926,9.593355267407333,1.3515384775372752
2026-04-09,Flipkart,iPhone,iPhone 14 Pro 128GB,New,700.63,691.13,701.0174699782702,9.887469978270246,1.430623757942825
2026-04-12,Flipkart,iPhone,iPhone 14 Pro 128GB,New,703.05,705.78,703.7923825528413,1.987617447158641,0.28161997324359445
2026-04-27,Flipkart,iPhone,iPhone 14 Pro 128GB,New,700.03,710.41,701.9679092854923,8.442090714507685,1.1883406363237687
2026-04-29,Flipkart,iPhone,iPhone 14 Pro 128GB,New,710.86,710.55,701.8068348403388,8.743165159661203,1.23047852503852
2026-05-02,Flipkart,iPhone,iPhone 14 Pro 128GB,New,688.3,693.29,698.471079074312,5.181079074312038,0.7473177276914478
2026-05-05,Flipkart,iPhone,iPhone 14 Pro 128GB,New,692.42,698.585,700.4870317542643,1.9020317542642715,0.27226919476717526
2026-05-10,Flipkart,iPhone,iPhone 14 Pro 128GB,New,712.76,692.46,699.1440771219086,6.684077121908558,0.9652654480993209
2026-05-12,Flipkart,iPhone,iPhone 14 Pro 128GB,New,705.78,685.57,699.223244024816,13.65324402481599,1.9915171353495618
2026-05-13,Flipkart,iPhone,iPhone 14 Pro 128GB,New,707.94,687.88,698.1878672904531,10.307867290453146,1.4984978906863327
2026-05-15,Flipkart,iPhone,iPhone 14 Pro 128GB,New,689.25,708.72,699.2192827238567,9.500717276143291,1.3405459527236838
2026-05-16,Flipkart,iPhone,iPhone 14 Pro 128GB,New,690.845,705.91,692.9057477213181,13.00425227868186,1.8421969201005597
2026-05-21,Flipkart,iPhone,iPhone 14 Pro 128GB,New,710.0,700.02,698.7235141790527,1.2964858209472823,0.1852069685076544
2026-06-01,Flipkart,iPhone,iPhone 14 Pro 128GB,New,693.29,701.46,695.0166881844103,6.443311815589709,0.9185572684956674
2026-06-02,Flipkart,iPhone,iPhone 14 Pro 128GB,New,690.45,710.26,695.7481660135011,14.511833986498914,2.043172075929788
2026-06-04,Flipkart,iPhone,iPhone 14 Pro 128GB,New,698.585,703.47,694.1245687755127,9.345431224487356,1.3284761574036357
2026-06-11,Flipkart,iPhone,iPhone 14 Pro 128GB,New,685.57,702.73,694.0515249607566,8.67847503924338,1.234965781913876
2026-06-12,Flipkart,iPhone,iPhone 14 Pro 128GB,New,687.88,693.225,694.3018136364594,1.0768136364594056,0.15533393003128934
2026-06-14,Flipkart,iPhone,iPhone 14 Pro 128GB,New,708.72,686.01,700.82155224826,14.81155224826,2.1590869299660356
2026-06-15,Flipkart,iPhone,iPhone 14 Pro 128GB,New,705.91,710.24,702.4321257217484,7.807874278251575,1.0993289984021704
2026-06-16,Flipkart,iPhone,iPhone 14 Pro 128GB,New,692.8,701.42,696.5375589763363,4.8824410236636595,0.6960795277670525
2026-06-17,Flipkart,iPhone,iPhone 14 Pro 128GB,New,711.11,709.355,702.6806152496927,6.674384750307354,0.9409089595910868
2026-06-19,Flipkart,iPhone,iPhone 14 Pro 128GB,New,695.28,703.25,700.5599076574874,2.690092342512571,0.38252290686279006
2026-06-20,Flipkart,iPhone,iPhone 14 Pro 128GB,New,700.02,694.1600000000001,695.8747052594549,1.7147052594548313,0.24701873623585788
2026-06-22,Flipkart,iPhone,iPhone 14 Pro 128GB,New,705.13,692.5550000000001,691.6822685213766,0.8727314786234501,0.12601619779273127
2026-06-27,Flipkart,iPhone,iPhone 14 Pro 128GB,New,701.315,704.9549999999999,695.6780117567048,9.276988243295136,1.315968855217019
2026-01-05,Flipkart,iPhone,iPhone 14 Pro 128GB,Renewed/Refurbished,580.35,572.18,560.1100273557198,12.069972644280142,2.1094712580446964
2026-02-12,Flipkart,iPhone,iPhone 14 Pro 128GB,Renewed/Refurbished,575.25,578.11,550.3635456660886,27.7464543339114,4.799511223454257
2026-03-29,Flipkart,iPhone,iPhone 14 Pro 128GB,Renewed/Refurbished,504.07,520.57,537.0721659035914,16.50216590359139,3.1700186149012404
2026-04-24,Flipkart,iPhone,iPhone 14 Pro 128GB,Renewed/Refurbished,594.08,550.485,554.1575302046143,3.6725302046143042,0.6671444643567589
2026-04-27,Flipkart,iPhone,iPhone 14 Pro 128GB,Renewed/Refurbished,547.31,486.91,560.7219034115651,73.81190341156508,15.159249843208206
2026-05-07,Flipkart,iPhone,iPhone 14 Pro 128GB,Renewed/Refurbished,562.7,497.17,554.404501044156,57.234501044155934,11.512058459713163
2026-05-22,Flipkart,iPhone,iPhone 14 Pro 128GB,Renewed/Refurbished,543.675,568.67,553.3863842570162,15.283615742983784,2.6876071786772266
2026-06-05,Flipkart,iPhone,iPhone 14 Pro 128GB,Renewed/Refurbished,599.13,508.86,555.9191726114211,47.059172611421104,9.247960659399658
2026-01-02,Flipkart,iPhone,iPhone 15 128GB,New,604.5,596.7,597.6359823374935,0.9359823374934422,0.15685978506677428
2026-01-06,Flipkart,iPhone,iPhone 15 128GB,New,598.71,600.575,598.9013629502938,1.673637049706258,0.27867244718915335
2026-01-08,Flipkart,iPhone,iPhone 15 128GB,New,598.47,605.77,597.4707183355754,8.299281664424598,1.370038408046717
2026-01-10,Flipkart,iPhone,iPhone 15 128GB,New,601.28,592.5350000000001,598.3307794916924,5.795779491692315,0.9781328515095842
2026-01-12,Flipkart,iPhone,iPhone 15 128GB,New,588.12,604.64,595.7140066822202,8.925993317779785,1.4762492256185142
2026-01-14,Flipkart,iPhone,iPhone 15 128GB,New,600.01,601.3,597.2770462703394,4.022953729660571,0.6690426957692619
2026-01-17,Flipkart,iPhone,iPhone 15 128GB,New,601.99,603.38,597.7745552631868,5.605444736813183,0.9290073812213171
2026-01-18,Flipkart,iPhone,iPhone 15 128GB,New,599.425,588.75,598.0942461582491,9.34424615824912,1.5871331054350946
2026-01-21,Flipkart,iPhone,iPhone 15 128GB,New,606.1,593.28,597.7575498738559,4.477549873855878,0.7547110763645966
2026-01-24,Flipkart,iPhone,iPhone 15 128GB,New,597.245,598.15,597.217458686732,0.9325413132679614,0.15590425700375515
2026-01-25,Flipkart,iPhone,iPhone 15 128GB,New,608.46,609.58,596.4222281473776,13.157771852622432,2.158497958040361
2026-01-26,Flipkart,iPhone,iPhone 15 128GB,New,589.95,605.15,596.7811535068054,8.36884649319461,1.3829375350234836
2026-02-01,Flipkart,iPhone,iPhone 15 128GB,New,596.7,604.53,596.6410126877753,7.888987312224685,1.3049786300472574
2026-02-05,Flipkart,iPhone,iPhone 15 128GB,New,600.575,592.21,598.2080714261797,5.998071426179649,1.0128284605426536
2026-02-07,Flipkart,iPhone,iPhone 15 128GB,New,605.77,608.99,597.3959800463392,11.59401995366079,1.9038112208182059
2026-02-09,Flipkart,iPhone,iPhone 15 128GB,New,592.5350000000001,594.99,594.6323697107437,0.357630289256349,0.06010694116814551
2026-02-11,Flipkart,iPhone,iPhone 15 128GB,New,604.64,587.9,596.8928539621709,8.992853962170898,1.5296570781035719
2026-02-12,Flipkart,iPhone,iPhone 15 128GB,New,604.4849999999999,599.65,597.581454112469,2.068545887530945,0.3449588739316176
2026-02-13,Flipkart,iPhone,iPhone 15 128GB,New,601.3,601.48,596.2477274306174,5.232272569382644,0.8698996756970546
2026-02-16,Flipkart,iPhone,iPhone 15 128GB,New,603.38,605.15,596.9912875572313,8.15871244276866,1.3482132434551204
2026-02-17,Flipkart,iPhone,iPhone 15 128GB,New,588.75,592.54,595.7783059467948,3.238305946794867,0.546512631517681
2026-02-20,Flipkart,iPhone,iPhone 15 128GB,New,593.28,600.75,598.0513494189214,2.6986505810785957,0.44921357987159316
2026-02-25,Flipkart,iPhone,iPhone 15 128GB,New,605.15,596.405,596.9858615594753,0.5808615594753519,0.09739381116445234
2026-02-27,Flipkart,iPhone,iPhone 15 128GB,New,590.96,604.81,595.737911163253,9.072088836746957,1.499989887195476
2026-03-02,Flipkart,iPhone,iPhone 15 128GB,New,593.06,607.05,597.3078266209558,9.742173379044175,1.6048387083509061
2026-03-03,Flipkart,iPhone,iPhone 15 128GB,New,604.53,596.785,596.7513861509947,0.03361384900529174,0.0056324889206819445
2026-03-04,Flipkart,iPhone,iPhone 15 128GB,New,598.59,592.15,598.4551470838696,6.305147083869656,1.0647888345638192
2026-03-07,Flipkart,iPhone,iPhone 15 128GB,New,592.21,596.99,597.2043751361185,0.21437513611851955,0.03590933451456801
2026-03-08,Flipkart,iPhone,iPhone 15 128GB,New,596.64,595.63,596.647715701472,1.017715701471957,0.17086374116010894
2026-03-11,Flipkart,iPhone,iPhone 15 128GB,New,594.99,597.7,597.1177828628161,0.5822171371839886,0.09740959297038457
2026-03-12,Flipkart,iPhone,iPhone 15 128GB,New,588.2,604.665,603.8121588626386,0.852841137361338,0.14104357575869914
2026-03-13,Flipkart,iPhone,iPhone 15 128GB,New,587.9,592.65,596.6138028206768,3.9638028206768467,0.6688269333800467
2026-03-14,Flipkart,iPhone,iPhone 15 128GB,New,599.65,594.6400000000001,595.2959605985761,0.65596059857603,0.11031222228172169
2026-03-15,Flipkart,iPhone,iPhone 15 128GB,New,601.48,596.13,597.3929404639542,1.2629404639542372,0.2118565520866652
2026-03-17,Flipkart,iPhone,iPhone 15 128GB,New,608.94,606.16,596.5714107264989,9.588589273501043,1.581857805447579
2026-03-19,Flipkart,iPhone,iPhone 15 128GB,New,592.54,603.385,600.581943225915,2.8030567740850074,0.46455526307167194
2026-03-22,Flipkart,iPhone,iPhone 15 128GB,New,600.75,597.61,599.8393423218129,2.229342321812851,0.3730430082851443
2026-03-27,Flipkart,iPhone,iPhone 15 128GB,New,596.405,590.48,598.5114582383283,8.031458238328241,1.360157539345658
2026-03-29,Flipkart,iPhone,iPhone 15 128GB,New,604.81,603.98,598.4271811910562,5.552818808943812,0.919371305166365
2026-04-01,Flipkart,iPhone,iPhone 15 128GB,New,607.05,603.39,596.7872494132761,6.602750586723914,1.0942757730031845
2026-04-02,Flipkart,iPhone,iPhone 15 128GB,New,596.785,610.59,597.6056479448587,12.984352055141358,2.1265255007683317
2026-04-03,Flipkart,iPhone,iPhone 15 128GB,New,592.15,595.24,598.4477902490603,3.207790249060281,0.5389070373396078
2026-04-06,Flipkart,iPhone,iPhone 15 128GB,New,596.99,602.85,594.8013332312148,8.04866676878521,1.3351027235274462
2026-04-07,Flipkart,iPhone,iPhone 15 128GB,New,595.63,604.01,597.495981256516,6.51401874348403,1.0784620690856161
2026-04-10,Flipkart,iPhone,iPhone 15 128GB,New,597.7,596.94,597.6958726001496,0.755872600149587,0.12662455190632008
2026-04-12,Flipkart,iPhone,iPhone 15 128GB,New,592.65,603.25,596.6853571134228,6.5646428865771895,1.0882126625076154
2026-04-13,Flipkart,iPhone,iPhone 15 128GB,New,594.6400000000001,597.31,595.5825312174759,1.7274687825240562,0.2892080799792497
2026-04-14,Flipkart,iPhone,iPhone 15 128GB,New,596.13,605.26,596.452924055616,8.807075944383996,1.4550897043227697
2026-04-18,Flipkart,iPhone,iPhone 15 128GB,New,603.385,604.36,598.0502648263572,6.309735173642821,1.0440358682975084
2026-04-24,Flipkart,iPhone,iPhone 15 128GB,New,596.94,596.11,596.7548980147394,0.6448980147393968,0.10818439797007211
2026-04-26,Flipkart,iPhone,iPhone 15 128GB,New,590.48,603.27,597.0819485922962,6.188051407703824,1.0257515553075447
2026-04-28,Flipkart,iPhone,iPhone 15 128GB,New,603.98,606.9649999999999,595.0911438699724,11.873856130027548,1.9562670219909797
2026-04-30,Flipkart,iPhone,iPhone 15 128GB,New,598.11,604.14,597.4267514056761,6.713248594323886,1.1112074344231282
2026-05-01,Flipkart,iPhone,iPhone 15 128GB,New,603.39,597.2,598.0610367558392,0.861036755839109,0.14417896112510195
2026-05-02,Flipkart,iPhone,iPhone 15 128GB,New,610.59,587.69,605.2071988248601,17.51719882486009,2.980686896979715
2026-05-05,Flipkart,iPhone,iPhone 15 128GB,New,600.09,608.67,596.5451613201388,12.124838679861114,1.9920217326073428
2026-05-06,Flipkart,iPhone,iPhone 15 128GB,New,602.85,597.9,597.4298295663101,0.4701704336898729,0.07863696833749338
2026-05-07,Flipkart,iPhone,iPhone 15 128GB,New,604.01,604.91,598.4693500835933,6.440649916406642,1.0647286234988085
2026-05-09,Flipkart,iPhone,iPhone 15 128GB,New,590.39,589.95,595.4147297978383,5.464729797838231,0.9263038897937506
2026-05-10,Flipkart,iPhone,iPhone 15 128GB,New,596.94,598.255,593.4387502614622,4.816249738537749,0.8050496424664648
2026-05-13,Flipkart,iPhone,iPhone 15 128GB,New,597.31,600.1600000000001,596.063843842845,4.096156157155065,0.6825106900085084
2026-05-17,Flipkart,iPhone,iPhone 15 128GB,New,598.695,601.815,598.2531190855077,3.561880914492349,0.591856453310793
2026-05-18,Flipkart,iPhone,iPhone 15 128GB,New,604.36,594.435,597.1473174785878,2.7123174785878064,0.4562849560654751
2026-05-24,Flipkart,iPhone,iPhone 15 128GB,New,596.11,602.0,598.6861824958858,3.3138175041142404,0.5504680239392425
2026-05-26,Flipkart,iPhone,iPhone 15 128GB,New,603.27,589.6,600.2487523321306,10.648752332130584,1.8060977496829347
2026-05-29,Flipkart,iPhone,iPhone 15 128GB,New,595.17,601.63,598.4262056071631,3.203794392836926,0.5325190553723926
2026-05-30,Flipkart,iPhone,iPhone 15 128GB,New,604.14,596.26,597.9763361729647,1.7163361729647022,0.28785029567046294
2026-05-31,Flipkart,iPhone,iPhone 15 128GB,New,597.2,602.045,597.0167659368065,5.0282340631935085,0.8351923964476923
2026-06-05,Flipkart,iPhone,iPhone 15 128GB,New,597.9,594.315,594.7979592832526,0.48295928325251225,0.08126318252988941
2026-06-08,Flipkart,iPhone,iPhone 15 128GB,New,589.95,594.605,595.7094757643355,1.1044757643354615,0.1857494915675888
2026-06-09,Flipkart,iPhone,iPhone 15 128GB,New,598.255,591.07,594.7160704558064,3.6460704558063526,0.6168593323644157
2026-06-10,Flipkart,iPhone,iPhone 15 128GB,New,599.83,592.06,594.8736191648985,2.8136191648985687,0.47522534285352314
2026-06-12,Flipkart,iPhone,iPhone 15 128GB,New,600.1600000000001,610.0050000000001,595.5566323686934,14.448367631306724,2.3685654431204206
2026-06-15,Flipkart,iPhone,iPhone 15 128GB,New,600.96,603.24,594.2930308964579,8.946969103542074,1.4831524937905431
2026-06-19,Flipkart,iPhone,iPhone 15 128GB,New,596.12,600.56,595.4198806555299,5.140119344470008,0.8558877288647277
2026-06-20,Flipkart,iPhone,iPhone 15 128GB,New,601.22,587.19,598.379508192696,11.18950819269594,1.9056026486649873
2026-06-23,Flipkart,iPhone,iPhone 15 128GB,New,602.0,603.7,596.1515779332786,7.5484220667214,1.2503597924004306
2026-06-25,Flipkart,iPhone,iPhone 15 128GB,New,589.6,596.42,600.0643341606811,3.6443341606811828,0.6110348681602198
2026-06-28,Flipkart,iPhone,iPhone 15 128GB,New,601.63,596.75,595.6684248194808,1.0815751805191667,0.18124426988172043
2026-06-29,Flipkart,iPhone,iPhone 15 128GB,New,596.26,597.8299999999999,595.616590248126,2.2134097518738827,0.3702406623745685
2026-01-05,Flipkart,iPhone,iPhone 15 128GB,Renewed/Refurbished,433.38,447.5,438.91423951248606,8.585760487513937,1.9186056955338409
2026-01-24,Flipkart,iPhone,iPhone 15 128GB,Renewed/Refurbished,492.27,471.89,460.17268929430946,11.717310705690522,2.4830597608956584
2026-02-12,Flipkart,iPhone,iPhone 15 128GB,Renewed/Refurbished,438.83,438.04,459.16865678695893,21.128656786958913,4.823453745538972
2026-02-15,Flipkart,iPhone,iPhone 15 128GB,Renewed/Refurbished,439.35,458.21000000000004,454.5458808775811,3.6641191224189242,0.7996593532264517
2026-02-21,Flipkart,iPhone,iPhone 15 128GB,Renewed/Refurbished,466.57,441.54,451.9346088775423,10.394608877542282,2.35417150825345
2026-03-31,Flipkart,iPhone,iPhone 15 128GB,Renewed/Refurbished,434.14,477.41,450.4856690333283,26.924330966671732,5.639666317561788
2026-05-01,Flipkart,iPhone,iPhone 15 128GB,Renewed/Refurbished,447.04,512.14,460.5664019907964,51.57359800920358,10.070214786816804
2026-05-19,Flipkart,iPhone,iPhone 15 128GB,Renewed/Refurbished,475.93,446.48,464.8806014504333,18.40060145043327,4.1212599557501495
2026-05-28,Flipkart,iPhone,iPhone 15 128GB,Renewed/Refurbished,489.55,481.98,469.18686798298046,12.793132017019559,2.6542869034025394
2026-05-31,Flipkart,iPhone,iPhone 15 128GB,Renewed/Refurbished,512.14,434.68,462.11696769045375,27.43696769045374,6.311992198963316
2026-06-04,Flipkart,iPhone,iPhone 15 128GB,Renewed/Refurbished,468.27,459.63,468.3775579272339,8.747557927233913,1.9031738414015433
2026-01-02,Flipkart,iPhone,iPhone 15 Pro Max 256GB,New,996.5350000000001,986.48,987.2186384835283,0.7386384835282342,0.07487617422839127
2026-01-07,Flipkart,iPhone,iPhone 15 Pro Max 256GB,New,1010.23,1007.02,985.1559682761174,21.86403172388259,2.1711616178310846
2026-01-08,Flipkart,iPhone,iPhone 15 Pro Max 256GB,New,994.96,990.45,1006.6941644339,16.244164433899982,1.6400791997475879
2026-01-09,Flipkart,iPhone,iPhone 15 Pro Max 256GB,New,995.635,981.21,995.8074875870132,14.59748758701312,1.4877026922894303
2026-01-10,Flipkart,iPhone,iPhone 15 Pro Max 256GB,New,985.88,1004.1,988.4090838006375,15.690916199362505,1.5626846130228567
2026-01-11,Flipkart,iPhone,iPhone 15 Pro Max 256GB,New,980.38,981.13,978.0267072641456,3.1032927358544384,0.31629781332284596
2026-01-12,Flipkart,iPhone,iPhone 15 Pro Max 256GB,New,988.42,1008.32,990.1509301579753,18.169069842024783,1.8019150509783384
2026-01-13,Flipkart,iPhone,iPhone 15 Pro Max 256GB,New,990.0,983.46,983.9662087498065,0.5062087498064329,0.05147222559193388
2026-01-16,Flipkart,iPhone,iPhone 15 Pro Max 256GB,New,1001.29,999.475,994.082977092256,5.392022907744035,0.5394855206727567
2026-01-17,Flipkart,iPhone,iPhone 15 Pro Max 256GB,New,1016.03,1011.9300000000001,977.1565916828993,34.7734083171008,3.436345233079442
2026-01-18,Flipkart,iPhone,iPhone 15 Pro Max 256GB,New,992.14,993.7850000000001,992.3844838504399,1.4005161495601897,0.1409274792394924
2026-01-24,Flipkart,iPhone,iPhone 15 Pro Max 256GB,New,1006.06,979.18,995.6596360743177,16.479636074317796,1.6830037454112416
2026-02-02,Flipkart,iPhone,iPhone 15 Pro Max 256GB,New,998.03,998.61,997.2588419004667,1.351158099533336,0.13530388234979984
2026-02-08,Flipkart,iPhone,iPhone 15 Pro Max 256GB,New,981.21,1003.82,999.534864478164,4.285135521836082,0.4268828596597081
2026-02-10,Flipkart,iPhone,iPhone 15 Pro Max 256GB,New,981.13,993.41,987.8940215687371,5.515978431262852,0.5552569866684302
2026-02-11,Flipkart,iPhone,iPhone 15 Pro Max 256GB,New,1008.32,995.39,985.0660670397401,10.323932960259867,1.0371746712604977
2026-02-15,Flipkart,iPhone,iPhone 15 Pro Max 256GB,New,999.475,1013.59,989.6012337226356,23.988766277364448,2.3667129980923693
2026-02-16,Flipkart,iPhone,iPhone 15 Pro Max 256GB,New,1011.9300000000001,994.54,993.1819238824478,1.358076117552173,0.1365531921845449
2026-02-17,Flipkart,iPhone,iPhone 15 Pro Max 256GB,New,993.7850000000001,1017.81,1004.5494980190127,13.260501980987215,1.3028465018998845
2026-02-19,Flipkart,iPhone,iPhone 15 Pro Max 256GB,New,1013.77,1003.415,988.2852248107054,15.129775189294605,1.5078282853350415
2026-02-23,Flipkart,iPhone,iPhone 15 Pro Max 256GB,New,979.18,995.56,997.9570626654299,2.397062665429985,0.2407753089145792
2026-02-25,Flipkart,iPhone,iPhone 15 Pro Max 256GB,New,993.4,996.11,1000.9733524385641,4.863352438564107,0.4882344759679259
2026-03-01,Flipkart,iPhone,iPhone 15 Pro Max 256GB,New,1008.64,992.37,1019.9471257945562,27.577125794556196,2.7789157062946477
2026-03-02,Flipkart,iPhone,iPhone 15 Pro Max 256GB,New,1000.115,997.2049999999999,1024.9077728440154,27.7027728440155,2.7780419115443165
2026-03-04,Flipkart,iPhone,iPhone 15 Pro Max 256GB,New,998.61,989.55,1031.546145180232,41.99614518023213,4.243963941208846
2026-03-05,Flipkart,iPhone,iPhone 15 Pro Max 256GB,New,1010.33,1008.77,1020.1649350114021,11.39493501140214,1.1295870229489517
2026-03-10,Flipkart,iPhone,iPhone 15 Pro Max 256GB,New,1003.82,1008.675,1010.5206437175907,1.8456437175907467,0.18297704588601352
2026-03-12,Flipkart,iPhone,iPhone 15 Pro Max 256GB,New,993.41,990.4449999999999,1022.2653342295104,31.820334229510422,3.2127310683087322
2026-03-13,Flipkart,iPhone,iPhone 15 Pro Max 256GB,New,995.39,1011.65,1021.3713940653806,9.72139406538065,0.9609444042287996
2026-03-16,Flipkart,iPhone,iPhone 15 Pro Max 256GB,New,1014.53,1010.0450000000001,1000.9419236000191,9.103076399980978,0.9012545381622578
2026-03-21,Flipkart,iPhone,iPhone 15 Pro Max 256GB,New,1003.415,1014.85,1010.2128650427618,4.637134957238231,0.45692811324217675
2026-03-25,Flipkart,iPhone,iPhone 15 Pro Max 256GB,New,995.56,992.76,1000.343873071502,7.583873071502012,0.7639180740060046
2026-04-01,Flipkart,iPhone,iPhone 15 Pro Max 256GB,New,997.2049999999999,993.425,1009.7800165740903,16.355016574090314,1.646326252519346
2026-04-02,Flipkart,iPhone,iPhone 15 Pro Max 256GB,New,997.95,1003.0799999999999,1009.4422884473411,6.362288447341143,0.6342752768813199
2026-04-04,Flipkart,iPhone,iPhone 15 Pro Max 256GB,New,1008.77,1004.19,1001.5642305719393,2.625769428060721,0.26148133600819773
2026-04-08,Flipkart,iPhone,iPhone 15 Pro Max 256GB,New,981.9,1002.645,995.0370696898837,7.6079303101163305,0.7587860419307263
2026-04-09,Flipkart,iPhone,iPhone 15 Pro Max 256GB,New,1008.675,984.96,1011.4704154668999,26.51041546689987,2.6915220381436677
2026-04-12,Flipkart,iPhone,iPhone 15 Pro Max 256GB,New,1011.65,1002.93,1006.4895439530942,3.5595439530942485,0.35491449583662354
2026-04-27,Flipkart,iPhone,iPhone 15 Pro Max 256GB,New,987.43,987.8,1014.2959574683543,26.49595746835439,2.6823200514632917
2026-05-01,Flipkart,iPhone,iPhone 15 Pro Max 256GB,New,993.425,1002.735,1013.6241946411557,10.889194641155655,1.085949392527004
2026-05-04,Flipkart,iPhone,iPhone 15 Pro Max 256GB,New,1004.19,1004.08,1016.8492458669311,12.7692458669311,1.271735904203958
2026-05-09,Flipkart,iPhone,iPhone 15 Pro Max 256GB,New,984.96,988.63,994.3796574078053,5.74965740780533,0.581578285891115
2026-05-14,Flipkart,iPhone,iPhone 15 Pro Max 256GB,New,995.2049999999999,984.21,964.6435008982024,19.566499101797604,1.9880410788142373
2026-05-16,Flipkart,iPhone,iPhone 15 Pro Max 256GB,New,998.0999999999999,997.905,983.8501660046295,14.054833995370473,1.4084340689114168
2026-05-19,Flipkart,iPhone,iPhone 15 Pro Max 256GB,New,1004.55,985.08,993.765853460998,8.685853460997919,0.8817409206356761
2026-06-02,Flipkart,iPhone,iPhone 15 Pro Max 256GB,New,990.17,998.33,987.7153802854743,10.614619714525702,1.0632375782081778
2026-06-08,Flipkart,iPhone,iPhone 15 Pro Max 256GB,New,988.63,993.78,980.274268891498,13.505731108502005,1.3590262541510199
2026-06-10,Flipkart,iPhone,iPhone 15 Pro Max 256GB,New,1008.86,1010.0150000000001,987.9390143730969,22.07598562690316,2.1857086901583798
2026-06-16,Flipkart,iPhone,iPhone 15 Pro Max 256GB,New,1009.78,981.81,988.7597919560465,6.949791956046511,0.7078550795007701
2026-06-25,Flipkart,iPhone,iPhone 15 Pro Max 256GB,New,984.96,998.665,974.5192267091314,24.145773290868533,2.4178050988938766
2026-07-01,Flipkart,iPhone,iPhone 15 Pro Max 256GB,New,1003.375,1018.87,978.2786713503251,40.59132864967489,3.9839556223733052
2026-01-02,Flipkart,iPhone,iPhone 15 Pro Max 256GB,Renewed/Refurbished,726.95,757.91,791.9810464449698,34.07104644496985,4.495394762566776
2026-01-07,Flipkart,iPhone,iPhone 15 Pro Max 256GB,Renewed/Refurbished,705.37,793.2,754.6524240400728,38.54757595992726,4.859754911740703
2026-01-30,Flipkart,iPhone,iPhone 15 Pro Max 256GB,Renewed/Refurbished,768.43,783.35,772.2252549091933,11.124745090806755,1.4201500084006835
2026-02-04,Flipkart,iPhone,iPhone 15 Pro Max 256GB,Renewed/Refurbished,806.23,730.96,770.0171837869565,39.05718378695644,5.343272379741223
2026-02-06,Flipkart,iPhone,iPhone 15 Pro Max 256GB,Renewed/Refurbished,793.2,705.85,791.1648600966755,85.31486009667549,12.086825826546077
2026-02-12,Flipkart,iPhone,iPhone 15 Pro Max 256GB,Renewed/Refurbished,726.87,734.93,766.0540207715419,31.12402077154195,4.234963979092152
2026-02-20,Flipkart,iPhone,iPhone 15 Pro Max 256GB,Renewed/Refurbished,801.39,774.21,774.478816735971,0.26881673597097233,0.034721423899326066
2026-03-02,Flipkart,iPhone,iPhone 15 Pro Max 256GB,Renewed/Refurbished,805.45,836.01,770.7630904037674,65.24690959623263,7.804560901930913
2026-03-08,Flipkart,iPhone,iPhone 15 Pro Max 256GB,Renewed/Refurbished,705.85,749.76,763.0994184090661,13.33941840906607,1.7791584519134218
2026-03-15,Flipkart,iPhone,iPhone 15 Pro Max 256GB,Renewed/Refurbished,788.91,750.52,769.6400091834596,19.120009183459615,2.547568243812239
2026-03-24,Flipkart,iPhone,iPhone 15 Pro Max 256GB,Renewed/Refurbished,696.62,778.5,750.4846572573312,28.01534274266885,3.5986310523659406
2026-04-01,Flipkart,iPhone,iPhone 15 Pro Max 256GB,Renewed/Refurbished,836.01,831.08,773.455476165324,57.6245238346761,6.933691562145173
2026-04-07,Flipkart,iPhone,iPhone 15 Pro Max 256GB,Renewed/Refurbished,749.76,799.42,764.080238248238,35.33976175176201,4.420675208496411
2026-04-14,Flipkart,iPhone,iPhone 15 Pro Max 256GB,Renewed/Refurbished,750.52,810.24,755.693469378519,54.546530621481,6.7321448733067975
2026-04-23,Flipkart,iPhone,iPhone 15 Pro Max 256GB,Renewed/Refurbished,778.5,766.55,761.9289468341811,4.621053165818807,0.6028378012939545
2026-05-07,Flipkart,iPhone,iPhone 15 Pro Max 256GB,Renewed/Refurbished,799.42,774.54,762.8405186875056,11.699481312494413,1.5105070509585579
2026-05-20,Flipkart,iPhone,iPhone 15 Pro Max 256GB,Renewed/Refurbished,718.485,755.3,758.1279112954625,2.8279112954625134,0.374409015684167
2026-05-21,Flipkart,iPhone,iPhone 15 Pro Max 256GB,Renewed/Refurbished,770.21,818.24,770.0847983149064,48.15520168509363,5.885217257173156
2026-05-23,Flipkart,iPhone,iPhone 15 Pro Max 256GB,Renewed/Refurbished,766.55,771.01,766.397540305363,4.612459694636982,0.5982360403414978
2026-06-06,Flipkart,iPhone,iPhone 15 Pro Max 256GB,Renewed/Refurbished,774.54,781.05,761.1075172707884,19.94248272921152,2.553291431945653
2026-06-14,Flipkart,iPhone,iPhone 15 Pro Max 256GB,Renewed/Refurbished,802.3499999999999,773.97,775.8600426228147,1.8900426228146898,0.24420101849098672
2026-06-19,Flipkart,iPhone,iPhone 15 Pro Max 256GB,Renewed/Refurbished,755.3,826.79,770.7799156463359,56.01008435366407,6.774402732696824
2026-01-02,Flipkart,iPhone,iPhone 16 128GB,New,704.9000000000001,710.52,699.9892359067449,10.53076409325513,1.482120713457064
2026-01-04,Flipkart,iPhone,iPhone 16 128GB,New,698.06,707.76,702.8850301774119,4.8749698225881275,0.6887885473307517
2026-01-07,Flipkart,iPhone,iPhone 16 128GB,New,696.835,710.83,700.2900690647303,10.539930935269695,1.4827639428934758
2026-01-08,Flipkart,iPhone,iPhone 16 128GB,New,700.365,699.98,700.2275042338003,0.2475042338003277,0.03535875793598784
2026-01-09,Flipkart,iPhone,iPhone 16 128GB,New,689.31,705.5450000000001,698.5035043413129,7.041495658687154,0.9980221897521991
2026-01-10,Flipkart,iPhone,iPhone 16 128GB,New,685.67,704.15,699.3224754591299,4.8275245408700584,0.6855818420606489
2026-01-11,Flipkart,iPhone,iPhone 16 128GB,New,695.2049999999999,695.73,697.9766098338994,2.246609833899356,0.32291403761507426
2026-01-15,Flipkart,iPhone,iPhone 16 128GB,New,692.43,694.3499999999999,700.6151317380428,6.265131738042896,0.9023016833071069
2026-01-16,Flipkart,iPhone,iPhone 16 128GB,New,702.06,702.35,701.0316338140977,1.3183661859022777,0.18770786444113016
2026-01-18,Flipkart,iPhone,iPhone 16 128GB,New,697.48,700.7950000000001,693.8490304160624,6.945969583937654,0.9911556994467217
2026-01-22,Flipkart,iPhone,iPhone 16 128GB,New,700.7,700.505,700.4568976762943,0.04810232370573431,0.006866806618901265
2026-01-25,Flipkart,iPhone,iPhone 16 128GB,New,697.815,708.28,698.9400974474115,9.339902552588455,1.3186737663901926
2026-01-28,Flipkart,iPhone,iPhone 16 128GB,New,698.4300000000001,700.015,702.1831634339723,2.1681634339722677,0.30973099633183115
2026-01-30,Flipkart,iPhone,iPhone 16 128GB,New,695.615,690.51,700.0569882832756,9.546988283275596,1.3825995689092982
2026-02-01,Flipkart,iPhone,iPhone 16 128GB,New,710.52,699.395,697.0613738747576,2.3336261252424038,0.3336635413811085
2026-02-04,Flipkart,iPhone,iPhone 16 128GB,New,695.015,698.99,698.7659761332793,0.22402386672069952,0.03204965260171097
2026-02-06,Flipkart,iPhone,iPhone 16 128GB,New,710.83,687.72,701.7291760742418,14.009176074241736,2.037046483196902
2026-02-07,Flipkart,iPhone,iPhone 16 128GB,New,699.98,689.54,704.4023480711033,14.862348071103384,2.1554004221804948
2026-02-09,Flipkart,iPhone,iPhone 16 128GB,New,704.15,694.56,705.9373544654488,11.377354465448889,1.6380664687642377
2026-02-10,Flipkart,iPhone,iPhone 16 128GB,New,695.73,701.03,698.6235664739208,2.4064335260791268,0.3432711190789448
2026-02-11,Flipkart,iPhone,iPhone 16 128GB,New,699.11,693.85,699.1795824115105,5.329582411510501,0.7681173757311379
2026-02-12,Flipkart,iPhone,iPhone 16 128GB,New,696.32,700.13,695.884220748584,4.245779251416025,0.6064272708519881
2026-02-14,Flipkart,iPhone,iPhone 16 128GB,New,694.3499999999999,699.61,698.7880032829862,0.8219967170138034,0.11749356313000149
2026-02-15,Flipkart,iPhone,iPhone 16 128GB,New,702.35,709.24,701.5658592005522,7.674140799447855,1.082023123265447
2026-02-18,Flipkart,iPhone,iPhone 16 128GB,New,707.51,701.75,704.9303168308559,3.1803168308558725,0.4531979808843424
2026-02-21,Flipkart,iPhone,iPhone 16 128GB,New,700.505,697.24,699.3245256771182,2.084525677118222,0.29896817123490077
2026-02-22,Flipkart,iPhone,iPhone 16 128GB,New,706.4549999999999,698.81,702.1617575726998,3.351757572699853,0.47963789480686503
2026-02-23,Flipkart,iPhone,iPhone 16 128GB,New,707.78,708.39,701.3064771690282,7.083522830971788,0.9999467568672324
2026-02-24,Flipkart,iPhone,iPhone 16 128GB,New,708.28,702.895,701.6263718679694,1.2686281320305852,0.180486151136455
2026-03-01,Flipkart,iPhone,iPhone 16 128GB,New,690.51,695.7149999999999,699.0147947917374,3.2997947917374404,0.4743026658527473
2026-03-03,Flipkart,iPhone,iPhone 16 128GB,New,699.395,685.88,699.5263858029093,13.646385802909322,1.9896171054571241
2026-03-04,Flipkart,iPhone,iPhone 16 128GB,New,710.72,703.86,697.1837583033727,6.676241696627358,0.9485184122733722
2026-03-06,Flipkart,iPhone,iPhone 16 128GB,New,698.99,698.695,696.2723192949446,2.422680705055427,0.34674367285516955
2026-03-08,Flipkart,iPhone,iPhone 16 128GB,New,687.72,702.4,701.6259722222982,0.7740277777018036,0.11019757655207911
2026-03-09,Flipkart,iPhone,iPhone 16 128GB,New,689.54,690.75,694.118511260045,3.368511260045011,0.48765997250018256
2026-03-12,Flipkart,iPhone,iPhone 16 128GB,New,701.03,700.925,703.2459034885724,2.3209034885724122,0.3311200896775564
2026-03-13,Flipkart,iPhone,iPhone 16 128GB,New,693.85,709.29,701.6227268927864,7.667273107213532,1.0809785993336338
2026-03-14,Flipkart,iPhone,iPhone 16 128GB,New,700.13,696.1400000000001,703.1288688426309,6.988868842630836,1.0039458790804774
2026-03-16,Flipkart,iPhone,iPhone 16 128GB,New,699.61,703.7,697.051652084454,6.648347915546083,0.9447702025786674
2026-03-17,Flipkart,iPhone,iPhone 16 128GB,New,709.24,707.61,696.5650819927074,11.044918007292608,1.5608764725332611
2026-03-18,Flipkart,iPhone,iPhone 16 128GB,New,685.34,694.57,699.3433329724819,4.773332972481853,0.6872356958235819
2026-03-20,Flipkart,iPhone,iPhone 16 128GB,New,701.75,710.85,699.207150629465,11.642849370535032,1.6378771007294128
2026-03-21,Flipkart,iPhone,iPhone 16 128GB,New,697.8050000000001,708.69,700.9550347837402,7.734965216259866,1.0914455144364765
2026-03-22,Flipkart,iPhone,iPhone 16 128GB,New,700.74,706.91,704.2954917255768,2.6145082744232013,0.3698502319139921
2026-03-23,Flipkart,iPhone,iPhone 16 128GB,New,697.24,698.335,701.5262408426728,3.191240842672755,0.4569785049686404
2026-03-24,Flipkart,iPhone,iPhone 16 128GB,New,698.81,685.6,698.607774381058,13.00777438105797,1.8972833111228078
2026-03-25,Flipkart,iPhone,iPhone 16 128GB,New,708.39,706.31,703.2249032796533,3.0850967203466553,0.43679074632196285
2026-03-26,Flipkart,iPhone,iPhone 16 128GB,New,702.895,694.03,693.291204579761,0.7387954202389437,0.10645006991613386
2026-03-27,Flipkart,iPhone,iPhone 16 128GB,New,702.68,697.16,697.3274860338028,0.16748603380278837,0.024024045241090766
2026-03-28,Flipkart,iPhone,iPhone 16 128GB,New,687.065,688.05,701.7202652635854,13.670265263585407,1.986812769941924
2026-03-31,Flipkart,iPhone,iPhone 16 128GB,New,695.7149999999999,691.66,701.1768146514614,9.516814651461459,1.3759382719054822
2026-04-01,Flipkart,iPhone,iPhone 16 128GB,New,711.25,694.55,696.9401117816949,2.390111781694941,0.3441237897480298
2026-04-02,Flipkart,iPhone,iPhone 16 128GB,New,685.88,711.28,701.7390768730867,9.540923126913299,1.3413737384592985
2026-04-03,Flipkart,iPhone,iPhone 16 128GB,New,703.86,704.075,695.4126475546277,8.662352445372335,1.2303167198625622
2026-04-04,Flipkart,iPhone,iPhone 16 128GB,New,696.04,697.42,702.2419396226721,4.821939622672176,0.6913968086192217
2026-04-07,Flipkart,iPhone,iPhone 16 128GB,New,702.4,703.09,694.9945121788679,8.09548782113211,1.1514155828033552
2026-04-08,Flipkart,iPhone,iPhone 16 128GB,New,690.75,697.32,699.0224800058795,1.7024800058794654,0.24414616042555287
2026-04-11,Flipkart,iPhone,iPhone 16 128GB,New,700.925,691.47,700.4382480976132,8.968248097613127,1.2969829634854915
2026-04-13,Flipkart,iPhone,iPhone 16 128GB,New,696.1400000000001,697.27,698.4494801250506,1.1794801250506453,0.1691568725243658
2026-04-15,Flipkart,iPhone,iPhone 16 128GB,New,703.7,711.96,699.7748796861027,12.1851203138973,1.7114894536065648
2026-04-16,Flipkart,iPhone,iPhone 16 128GB,New,707.61,697.84,699.4893195679738,1.6493195679737482,0.2363463785357314
2026-04-17,Flipkart,iPhone,iPhone 16 128GB,New,694.57,687.62,700.7850733933961,13.165073393396142,1.914585584101123
2026-04-20,Flipkart,iPhone,iPhone 16 128GB,New,708.69,702.66,700.5988522995632,2.061147700436777,0.29333499849668077
2026-04-21,Flipkart,iPhone,iPhone 16 128GB,New,706.91,686.43,699.9317628023864,13.501762802386452,1.9669540670405508
2026-04-22,Flipkart,iPhone,iPhone 16 128GB,New,698.335,693.52,701.7735403996019,8.253540399601889,1.1900940707696805
2026-04-23,Flipkart,iPhone,iPhone 16 128GB,New,685.6,704.825,698.0690722293541,6.75592777064594,0.9585255589183045
2026-04-24,Flipkart,iPhone,iPhone 16 128GB,New,706.31,702.48,699.5965010745382,2.883498925461822,0.41047416659005553
2026-04-25,Flipkart,iPhone,iPhone 16 128GB,New,694.03,694.45,698.1013540372437,3.6513540372436637,0.5257907750368872
2026-04-26,Flipkart,iPhone,iPhone 16 128GB,New,697.16,694.5,698.4208299096715,3.920829909671511,0.5645543426452859
2026-04-28,Flipkart,iPhone,iPhone 16 128GB,New,695.12,706.55,701.5595820820236,4.990417917976401,0.7063078222314629
2026-04-29,Flipkart,iPhone,iPhone 16 128GB,New,696.26,697.78,698.0205657339964,0.24056573399639092,0.0344758711909758
2026-05-01,Flipkart,iPhone,iPhone 16 128GB,New,694.55,694.88,699.9168177469351,5.036817746935071,0.7248471314378124
2026-05-02,Flipkart,iPhone,iPhone 16 128GB,New,711.28,688.12,699.1100486020965,10.990048602096522,1.5971122191037204
2026-05-03,Flipkart,iPhone,iPhone 16 128GB,New,704.075,704.06,699.5144613936465,4.545538606353489,0.6456180732257889
2026-05-04,Flipkart,iPhone,iPhone 16 128GB,New,697.42,705.79,695.0142283186287,10.775771681371225,1.526767406929997
2026-05-07,Flipkart,iPhone,iPhone 16 128GB,New,703.09,690.1,702.9556484012053,12.855648401205258,1.8628674686574782
2026-05-08,Flipkart,iPhone,iPhone 16 128GB,New,697.32,696.98,699.3628737797841,2.382873779784063,0.34188553183506887
2026-05-13,Flipkart,iPhone,iPhone 16 128GB,New,697.27,701.35,701.0188263498935,0.331173650106507,0.04721945535132345
2026-05-14,Flipkart,iPhone,iPhone 16 128GB,New,698.47,698.175,700.3677193631587,2.1927193631587443,0.3140644341545808
2026-05-15,Flipkart,iPhone,iPhone 16 128GB,New,711.96,688.36,695.439564135685,7.079564135685018,1.0284682630723776
2026-05-21,Flipkart,iPhone,iPhone 16 128GB,New,686.43,690.625,698.0115480802568,7.38654808025683,1.0695454233856043
2026-05-22,Flipkart,iPhone,iPhone 16 128GB,New,693.52,702.49,699.4573594210334,3.032640578966607,0.4316987542835637
2026-05-23,Flipkart,iPhone,iPhone 16 128GB,New,704.825,709.83,698.0750757718697,11.754924228130335,1.656019642467962
2026-05-24,Flipkart,iPhone,iPhone 16 128GB,New,702.48,708.61,701.0970979826567,7.512902017343322,1.0602308769765205
2026-05-25,Flipkart,iPhone,iPhone 16 128GB,New,694.45,693.9849999999999,696.6590901208928,2.6740901208928562,0.3853239077059096
2026-05-26,Flipkart,iPhone,iPhone 16 128GB,New,694.5,704.56,699.674164144313,4.885835855686992,0.6934591597148564
2026-05-29,Flipkart,iPhone,iPhone 16 128GB,New,697.78,693.08,695.4535921840401,2.373592184040035,0.34247015987188134
2026-05-31,Flipkart,iPhone,iPhone 16 128GB,New,694.88,694.8050000000001,701.00441098104,6.199410981039932,0.8922519240707727
2026-06-01,Flipkart,iPhone,iPhone 16 128GB,New,688.12,704.14,696.8681325935253,7.271867406474712,1.0327303386364517
2026-06-02,Flipkart,iPhone,iPhone 16 128GB,New,704.06,691.81,690.1562973780343,1.6537026219656354,0.23903999970593595
2026-06-03,Flipkart,iPhone,iPhone 16 128GB,New,705.79,694.5899999999999,697.3319936962608,2.74199369626092,0.39476434965388507
2026-06-06,Flipkart,iPhone,iPhone 16 128GB,New,690.1,696.745,700.1873010435509,3.442301043550856,0.49405464603992216
2026-06-07,Flipkart,iPhone,iPhone 16 128GB,New,696.98,697.18,695.8452326505864,1.334767349413596,0.19145232929997938
2026-06-08,Flipkart,iPhone,iPhone 16 128GB,New,690.14,693.67,698.2895941788616,4.619594178861689,0.665964245082199
2026-06-11,Flipkart,iPhone,iPhone 16 128GB,New,712.24,694.6600000000001,692.313842918703,2.346157081297065,0.3377417846568198
2026-06-13,Flipkart,iPhone,iPhone 16 128GB,New,698.175,700.0550000000001,697.8569162377914,2.1980837622086256,0.3139872955994351
2026-06-14,Flipkart,iPhone,iPhone 16 128GB,New,688.36,698.23,696.362150888064,1.8678491119360388,0.26751201064635416
2026-06-18,Flipkart,iPhone,iPhone 16 128GB,New,687.76,706.6,688.9409501338197,17.65904986618034,2.4991579204897167
2026-06-21,Flipkart,iPhone,iPhone 16 128GB,New,702.49,699.4649999999999,690.4170460389631,9.047953961036796,1.2935534960343689
2026-06-22,Flipkart,iPhone,iPhone 16 128GB,New,709.83,698.075,701.9686587917345,3.893658791734424,0.5577708400579341
2026-06-24,Flipkart,iPhone,iPhone 16 128GB,New,693.9849999999999,700.79,698.4053017954786,2.384698204521328,0.3402871337378285
2026-06-25,Flipkart,iPhone,iPhone 16 128GB,New,704.56,699.33,694.1736430968205,5.156356903179585,0.7373281431054846
2026-06-26,Flipkart,iPhone,iPhone 16 128GB,New,699.61,694.48,694.3694631604873,0.11053683951274706,0.01591648996554934
2026-06-28,Flipkart,iPhone,iPhone 16 128GB,New,693.08,696.62,693.5596298893993,3.0603701106007293,0.43931700361757187
2026-06-29,Flipkart,iPhone,iPhone 16 128GB,New,698.19,706.24,695.6332454788942,10.606754521105813,1.5018626134325177
2026-06-30,Flipkart,iPhone,iPhone 16 128GB,New,694.8050000000001,706.06,695.2202275677276,10.839772432272298,1.5352480571441944
2026-07-01,Flipkart,iPhone,iPhone 16 128GB,New,704.14,694.35,697.7961222871397,3.4461222871397013,0.49630910738672157
2026-01-05,Flipkart,iPhone,iPhone 16 128GB,Renewed/Refurbished,550.18,583.43,542.0547137486463,41.3752862513536,7.091731013378401
2026-01-06,Flipkart,iPhone,iPhone 16 128GB,Renewed/Refurbished,533.39,540.0450000000001,542.7128027726388,2.6678027726387654,0.4939963841233166
2026-01-07,Flipkart,iPhone,iPhone 16 128GB,Renewed/Refurbished,510.81,517.9,544.7950548319975,26.895054831997527,5.193098055994889
2026-01-10,Flipkart,iPhone,iPhone 16 128GB,Renewed/Refurbished,592.74,518.16,539.6714670069541,21.51146700695415,4.151510538627866
2026-02-05,Flipkart,iPhone,iPhone 16 128GB,Renewed/Refurbished,540.0450000000001,506.995,544.8646794925496,37.86967949254961,7.469438454531033
2026-02-06,Flipkart,iPhone,iPhone 16 128GB,Renewed/Refurbished,517.9,547.4549999999999,555.5448609376499,8.089860937649973,1.47772162783242
2026-02-10,Flipkart,iPhone,iPhone 16 128GB,Renewed/Refurbished,502.55,509.2,551.1164367373202,41.916436737320225,8.231821825868073
2026-03-08,Flipkart,iPhone,iPhone 16 128GB,Renewed/Refurbished,547.4549999999999,502.315,547.1177240639312,44.80272406393118,8.919248691345308
2026-03-12,Flipkart,iPhone,iPhone 16 128GB,Renewed/Refurbished,509.2,491.44000000000005,555.5378674417111,64.09786744171106,13.04286737785102
2026-03-18,Flipkart,iPhone,iPhone 16 128GB,Renewed/Refurbished,537.73,542.65,534.850707198274,7.799292801725983,1.4372602601540556
2026-04-10,Flipkart,iPhone,iPhone 16 128GB,Renewed/Refurbished,505.43,527.99,536.7416921086572,8.751692108657153,1.6575488377918433
2026-04-16,Flipkart,iPhone,iPhone 16 128GB,Renewed/Refurbished,579.53,535.95,532.1899430686833,3.76005693131674,0.7015686036601808
2026-04-29,Flipkart,iPhone,iPhone 16 128GB,Renewed/Refurbished,536.92,532.175,550.317034718882,18.142034718882087,3.4090355087860362
2026-05-10,Flipkart,iPhone,iPhone 16 128GB,Renewed/Refurbished,527.99,555.8,530.729894167469,25.070105832531,4.510634370732458
2026-05-18,Flipkart,iPhone,iPhone 16 128GB,Renewed/Refurbished,545.62,523.86,537.573622655861,13.713622655860945,2.6178029732869366
2026-05-21,Flipkart,iPhone,iPhone 16 128GB,Renewed/Refurbished,507.09,488.31,536.3732884716318,48.06328847163178,9.842781935989798
2026-05-28,Flipkart,iPhone,iPhone 16 128GB,Renewed/Refurbished,567.83,549.07,553.3092287323788,4.239228732378706,0.7720743680002013
2026-05-29,Flipkart,iPhone,iPhone 16 128GB,Renewed/Refurbished,532.175,589.66,544.4340982707608,45.225901729239126,7.669826973041944
2026-06-01,Flipkart,iPhone,iPhone 16 128GB,Renewed/Refurbished,580.87,531.17,552.5814076358704,21.411407635870432,4.030989633426292
2026-06-04,Flipkart,iPhone,iPhone 16 128GB,Renewed/Refurbished,595.08,505.52,561.5399055962098,56.01990559620981,11.08163981567689
2026-06-16,Flipkart,iPhone,iPhone 16 128GB,Renewed/Refurbished,573.32,558.05,564.6811636899625,6.631163689962591,1.1882741134239927
2026-06-20,Flipkart,iPhone,iPhone 16 128GB,Renewed/Refurbished,488.31,549.55,538.7101359734361,10.839864026563873,1.9724982306548764
2026-06-25,Flipkart,iPhone,iPhone 16 128GB,Renewed/Refurbished,512.3,526.44,531.0805412968352,4.640541296835181,0.8814948136226695
2026-06-30,Flipkart,iPhone,iPhone 16 128GB,Renewed/Refurbished,496.39,550.995,535.0942761318896,15.90072386811039,2.8858199925789507
2026-01-02,Flipkart,iPhone,iPhone 16 Pro 256GB,New,1001.9200000000001,997.115,1019.097586692207,21.98258669220695,2.2046189950213315
2026-01-03,Flipkart,iPhone,iPhone 16 Pro 256GB,New,1014.92,1015.69,1024.3270981385153,8.637098138515285,0.8503675470384945
2026-01-05,Flipkart,iPhone,iPhone 16 Pro 256GB,New,996.4449999999999,1003.3299999999999,1023.0379250666601,19.70792506666021,1.9642515490078252
2026-01-08,Flipkart,iPhone,iPhone 16 Pro 256GB,New,993.355,980.09,1017.6959057071056,37.605905707105535,3.836984940883545
2026-01-09,Flipkart,iPhone,iPhone 16 Pro 256GB,New,1012.14,1011.58,1009.4794342329953,2.1005657670046958,0.2076519669234955
2026-01-10,Flipkart,iPhone,iPhone 16 Pro 256GB,New,1003.64,996.64,1004.7611052025738,8.121105202573858,0.8148484109180706
2026-01-11,Flipkart,iPhone,iPhone 16 Pro 256GB,New,983.19,997.89,1005.4178258564491,7.5278258564491125,0.7543743154505118
2026-01-12,Flipkart,iPhone,iPhone 16 Pro 256GB,New,1003.705,990.2850000000001,1008.6606330848958,18.375633084895753,1.8555903689236688
2026-01-14,Flipkart,iPhone,iPhone 16 Pro 256GB,New,1004.31,1007.07,1011.0531829401896,3.983182940189522,0.39552195380554694
2026-01-15,Flipkart,iPhone,iPhone 16 Pro 256GB,New,994.465,1007.885,1000.8528602969154,7.032139703084567,0.6977125071892694
2026-01-16,Flipkart,iPhone,iPhone 16 Pro 256GB,New,989.48,1004.98,1001.8875957694706,3.0924042305293824,0.3077080370285361
2026-01-17,Flipkart,iPhone,iPhone 16 Pro 256GB,New,991.06,1002.605,1007.2886228167026,4.683622816702609,0.4671453679866557
2026-01-23,Flipkart,iPhone,iPhone 16 Pro 256GB,New,983.85,1001.18,985.8728497379216,15.30715026207838,1.5289109113324657
2026-01-25,Flipkart,iPhone,iPhone 16 Pro 256GB,New,997.63,1003.78,1005.6453933604221,1.8653933604221038,0.1858368726635422
2026-01-26,Flipkart,iPhone,iPhone 16 Pro 256GB,New,1004.4549999999999,1012.92,1000.7648197329443,12.155180267055698,1.200013847792096
2026-01-27,Flipkart,iPhone,iPhone 16 Pro 256GB,New,990.315,985.685,993.6584273114348,7.973427311434875,0.8089224561025963
2026-01-29,Flipkart,iPhone,iPhone 16 Pro 256GB,New,998.37,989.12,987.1778347596984,1.9421652403016196,0.19635284296158398
2026-01-30,Flipkart,iPhone,iPhone 16 Pro 256GB,New,1009.59,987.09,993.4665635807644,6.376563580764355,0.6459961686132323
2026-01-31,Flipkart,iPhone,iPhone 16 Pro 256GB,New,1005.405,1005.42,1003.7010154315983,1.7189845684016518,0.17097178973977561
2026-02-01,Flipkart,iPhone,iPhone 16 Pro 256GB,New,997.115,1000.595,1001.5242858032948,0.9292858032947606,0.09287332070365738
2026-02-02,Flipkart,iPhone,iPhone 16 Pro 256GB,New,1015.69,1011.85,1014.3670987364218,2.517098736421758,0.24876204342755923
2026-02-04,Flipkart,iPhone,iPhone 16 Pro 256GB,New,1003.3299999999999,1018.4,1020.4991545995199,2.0991545995199203,0.20612280042418699
2026-02-06,Flipkart,iPhone,iPhone 16 Pro 256GB,New,1012.2,989.93,1015.8488795628307,25.91887956283074,2.618253771764745
2026-02-07,Flipkart,iPhone,iPhone 16 Pro 256GB,New,980.09,991.39,1005.9423242145637,14.552324214563669,1.4678707889492195
2026-02-10,Flipkart,iPhone,iPhone 16 Pro 256GB,New,997.89,1013.88,1015.2285473711995,1.3485473711995155,0.13300857805652694
2026-02-11,Flipkart,iPhone,iPhone 16 Pro 256GB,New,990.2850000000001,994.02,1012.9800277231568,18.960027723156827,1.907409078605745
2026-02-12,Flipkart,iPhone,iPhone 16 Pro 256GB,New,1001.3399999999999,1009.575,1010.5077614227276,0.9327614227275944,0.09239149372038673
2026-02-13,Flipkart,iPhone,iPhone 16 Pro 256GB,New,1007.07,1005.32,1011.5493516824693,6.229351682469201,0.6196386904139181
2026-02-14,Flipkart,iPhone,iPhone 16 Pro 256GB,New,1007.885,998.905,992.6869862266946,6.218013773305415,0.622482996211393
2026-02-15,Flipkart,iPhone,iPhone 16 Pro 256GB,New,1004.98,984.56,1008.7888802425057,24.22888024250574,2.460884074358672
2026-02-16,Flipkart,iPhone,iPhone 16 Pro 256GB,New,1002.605,996.66,1002.0065891490185,5.346589149018541,0.5364506601066102
2026-02-17,Flipkart,iPhone,iPhone 16 Pro 256GB,New,985.365,1015.52,988.4932499501443,27.02675004985565,2.6613705342933325
2026-02-18,Flipkart,iPhone,iPhone 16 Pro 256GB,New,989.625,1018.82,983.5909965148055,35.22900348519454,3.4578240989767117
2026-02-22,Flipkart,iPhone,iPhone 16 Pro 256GB,New,1001.18,992.915,989.2032080741785,3.7117919258214442,0.3738277622778832
2026-02-23,Flipkart,iPhone,iPhone 16 Pro 256GB,New,991.23,1018.2,999.850368786213,18.349631213787006,1.8021637412872722
2026-02-24,Flipkart,iPhone,iPhone 16 Pro 256GB,New,1003.78,984.3,1000.2075564240365,15.907556424036557,1.6161288655934734
2026-02-25,Flipkart,iPhone,iPhone 16 Pro 256GB,New,1012.92,1010.32,992.1368745183731,18.183125481626917,1.799739239214003
2026-02-26,Flipkart,iPhone,iPhone 16 Pro 256GB,New,985.685,996.26,979.4216108308685,16.83838916913146,1.6901601157460362
2026-02-27,Flipkart,iPhone,iPhone 16 Pro 256GB,New,987.68,991.18,988.9179869868077,2.262013013192245,0.22821415012331214
2026-02-28,Flipkart,iPhone,iPhone 16 Pro 256GB,New,989.12,992.03,991.3931544652179,0.6368455347820827,0.06419619716965039
2026-03-05,Flipkart,iPhone,iPhone 16 Pro 256GB,New,1009.6,1012.13,996.4212937552431,15.708706244756854,1.5520443267917021
2026-03-08,Flipkart,iPhone,iPhone 16 Pro 256GB,New,989.93,982.19,1023.6256040902704,41.43560409027032,4.218695373631407
2026-03-09,Flipkart,iPhone,iPhone 16 Pro 256GB,New,991.39,1003.54,1016.0530923460844,12.513092346084477,1.2468952255101418
2026-03-12,Flipkart,iPhone,iPhone 16 Pro 256GB,New,1013.88,995.54,1014.9898435820633,19.449843582063295,1.9536978506200953
2026-03-13,Flipkart,iPhone,iPhone 16 Pro 256GB,New,994.02,994.6800000000001,1022.6599838032159,27.979983803215873,2.8129633453186824
2026-03-14,Flipkart,iPhone,iPhone 16 Pro 256GB,New,1009.575,1008.39,1030.5890655679968,22.199065567996854,2.2014365045267064
2026-03-15,Flipkart,iPhone,iPhone 16 Pro 256GB,New,1005.32,1015.7,1027.1944503084383,11.494450308438218,1.1316776910936515
2026-03-16,Flipkart,iPhone,iPhone 16 Pro 256GB,New,998.905,1006.95,1033.3257987148058,26.375798714805796,2.6193752137450512
2026-03-18,Flipkart,iPhone,iPhone 16 Pro 256GB,New,996.66,1018.75,1000.059337915666,18.690662084334008,1.834666216867142
2026-03-19,Flipkart,iPhone,iPhone 16 Pro 256GB,New,1015.52,1003.6,1016.0525699161121,12.452569916112111,1.2407901470817169
2026-03-20,Flipkart,iPhone,iPhone 16 Pro 256GB,New,1018.82,1001.08,1006.9587483312812,5.878748331281145,0.5872406132657874
2026-03-22,Flipkart,iPhone,iPhone 16 Pro 256GB,New,989.96,1006.76,1036.8215502428586,30.06155024285863,2.9859698679783295
2026-03-24,Flipkart,iPhone,iPhone 16 Pro 256GB,New,992.915,994.3199999999999,1015.8637734214337,21.543773421433798,2.1666841078761165
2026-03-26,Flipkart,iPhone,iPhone 16 Pro 256GB,New,984.3,1000.18,1008.9606673494895,8.78066734948959,0.8779087113809105
2026-03-27,Flipkart,iPhone,iPhone 16 Pro 256GB,New,1010.32,1005.8,1027.9305846705583,22.13058467055839,2.2002967459294487
2026-03-28,Flipkart,iPhone,iPhone 16 Pro 256GB,New,996.26,997.31,1031.7395474581865,34.42954745818656,3.4522412748479976
2026-03-29,Flipkart,iPhone,iPhone 16 Pro 256GB,New,991.18,1004.96,1011.4126544819064,6.452654481906393,0.6420807277808462
2026-03-30,Flipkart,iPhone,iPhone 16 Pro 256GB,New,992.03,995.69,1009.0992511235175,13.409251123517492,1.346729516568158
2026-04-04,Flipkart,iPhone,iPhone 16 Pro 256GB,New,1012.13,1007.2149999999999,1014.9244577291112,7.70945772911125,0.7654232442041918
2026-04-07,Flipkart,iPhone,iPhone 16 Pro 256GB,New,982.19,995.435,989.2234063802878,6.2115936197121755,0.624007958300861
2026-04-08,Flipkart,iPhone,iPhone 16 Pro 256GB,New,1003.54,994.5550000000001,1000.3608188740518,5.805818874051738,0.5837604631268998
2026-04-10,Flipkart,iPhone,iPhone 16 Pro 256GB,New,1007.19,1010.4300000000001,1015.0219862452673,4.591986245267208,0.45445862110855845
2026-04-15,Flipkart,iPhone,iPhone 16 Pro 256GB,New,1006.95,981.15,1020.195025719423,39.04502571942305,3.9795164571597668
2026-04-17,Flipkart,iPhone,iPhone 16 Pro 256GB,New,1018.75,986.29,1024.1851700270574,37.895170027057475,3.8421934752514453
2026-04-18,Flipkart,iPhone,iPhone 16 Pro 256GB,New,1003.6,992.46,1031.2012592534286,38.74125925342855,3.903558758381048
2026-04-19,Flipkart,iPhone,iPhone 16 Pro 256GB,New,1001.08,1009.9,1019.1372343882645,9.237234388264483,0.9146682234146433
2026-04-21,Flipkart,iPhone,iPhone 16 Pro 256GB,New,1006.76,1011.42,1021.7835626461758,10.363562646175865,1.024654707853895
2026-04-25,Flipkart,iPhone,iPhone 16 Pro 256GB,New,1000.18,991.8900000000001,1024.3400564930546,32.45005649305449,3.2715378210340345
2026-04-29,Flipkart,iPhone,iPhone 16 Pro 256GB,New,995.69,1005.42,998.3140505296685,7.1059494703314385,0.7067642846105546
2026-05-01,Flipkart,iPhone,iPhone 16 Pro 256GB,New,1009.64,1012.55,999.9076760228555,12.642323977144429,1.2485629329064667
2026-05-07,Flipkart,iPhone,iPhone 16 Pro 256GB,New,995.435,1000.765,1006.704793580855,5.939793580855053,0.5935253112224201
2026-05-08,Flipkart,iPhone,iPhone 16 Pro 256GB,New,994.5550000000001,1007.525,1005.8687741601326,1.6562258398673748,0.16438558247858612
2026-05-15,Flipkart,iPhone,iPhone 16 Pro 256GB,New,981.15,991.59,994.7418307072071,3.1518307072070684,0.3178562417135175
2026-05-16,Flipkart,iPhone,iPhone 16 Pro 256GB,New,996.21,996.67,1009.378020385312,12.708020385312011,1.275047948198703
2026-05-17,Flipkart,iPhone,iPhone 16 Pro 256GB,New,986.29,999.285,992.5014589444086,6.7835410555913995,0.6788394757843258
2026-05-21,Flipkart,iPhone,iPhone 16 Pro 256GB,New,1011.42,989.06,1005.1821760074215,16.122176007421558,1.6300503515885345
2026-05-22,Flipkart,iPhone,iPhone 16 Pro 256GB,New,999.28,1013.94,1017.5915740573969,3.6515740573968287,0.3601370946403957
2026-05-25,Flipkart,iPhone,iPhone 16 Pro 256GB,New,991.8900000000001,1005.915,1001.9393256540836,3.9756743459163317,0.395229651204757
2026-05-29,Flipkart,iPhone,iPhone 16 Pro 256GB,New,1005.42,1001.57,1003.2880818203076,1.7180818203075887,0.1715388660111214
2026-05-31,Flipkart,iPhone,iPhone 16 Pro 256GB,New,1012.55,994.5699999999999,1013.8883636964258,19.318363696425877,1.9423835121133635
2026-06-01,Flipkart,iPhone,iPhone 16 Pro 256GB,New,990.8,1011.75,1019.1704768325592,7.4204768325591886,0.7334298821407649
2026-06-04,Flipkart,iPhone,iPhone 16 Pro 256GB,New,990.62,997.25,1015.0388838285708,17.78888382857076,1.7837938158506654
2026-06-05,Flipkart,iPhone,iPhone 16 Pro 256GB,New,994.05,983.9,1006.2518082260592,22.351808226059234,2.271756095747458
2026-06-06,Flipkart,iPhone,iPhone 16 Pro 256GB,New,1000.765,1002.74,1001.00747622137,1.732523778630025,0.17277896350300426
2026-06-12,Flipkart,iPhone,iPhone 16 Pro 256GB,New,1003.04,998.14,995.2102427574148,2.9297572425851968,0.2935216745732259
2026-06-14,Flipkart,iPhone,iPhone 16 Pro 256GB,New,991.59,987.34,1011.1848264556255,23.84482645562548,2.4150572706084508
2026-06-19,Flipkart,iPhone,iPhone 16 Pro 256GB,New,1009.185,1018.96,1001.9228949409891,17.03710505901097,1.672009211255689
2026-06-21,Flipkart,iPhone,iPhone 16 Pro 256GB,New,1013.94,1001.87,994.2562084053424,7.613791594657641,0.759958037934826
2026-06-22,Flipkart,iPhone,iPhone 16 Pro 256GB,New,1001.52,1010.49,1004.1192027545383,6.370797245461745,0.6304661347922043
2026-06-25,Flipkart,iPhone,iPhone 16 Pro 256GB,New,984.85,1007.3299999999999,1001.6443166858414,5.685683314158496,0.5644310518061109
2026-06-27,Flipkart,iPhone,iPhone 16 Pro 256GB,New,982.56,1009.87,985.4563401447507,24.413659855249307,2.4175052091110047
2026-06-28,Flipkart,iPhone,iPhone 16 Pro 256GB,New,1001.57,991.52,999.0198022881594,7.499802288159458,0.7563944537840344
2026-06-29,Flipkart,iPhone,iPhone 16 Pro 256GB,New,982.72,979.28,977.4741438470146,1.8058561529853705,0.18440651835893415
2026-06-30,Flipkart,iPhone,iPhone 16 Pro 256GB,New,994.5699999999999,997.19,1007.7572131023283,10.567213102328196,1.0596990646043578
2026-01-03,Flipkart,iPhone,iPhone 16 Pro 256GB,Renewed/Refurbished,836.12,718.73,766.383959961771,47.653959961770965,6.630300663917044
2026-02-05,Flipkart,iPhone,iPhone 16 Pro 256GB,Renewed/Refurbished,731.67,825.51,775.5985270977451,49.9114729022549,6.046137890789318
2026-02-10,Flipkart,iPhone,iPhone 16 Pro 256GB,Renewed/Refurbished,729.85,827.72,768.5507997678048,59.16920023219518,7.1484560276657785
2026-03-08,Flipkart,iPhone,iPhone 16 Pro 256GB,Renewed/Refurbished,730.28,750.6,752.4536060082638,1.853606008263796,0.24694990784223234
2026-03-12,Flipkart,iPhone,iPhone 16 Pro 256GB,Renewed/Refurbished,827.72,777.02,768.6237074968179,8.396292503182053,1.0805761117065267
2026-03-17,Flipkart,iPhone,iPhone 16 Pro 256GB,Renewed/Refurbished,732.37,741.85,757.0186668679726,15.168666867972547,2.0447080768312387
2026-03-21,Flipkart,iPhone,iPhone 16 Pro 256GB,Renewed/Refurbished,791.97,827.74,761.5355583213187,66.20444167868129,7.998217034175139
2026-03-28,Flipkart,iPhone,iPhone 16 Pro 256GB,Renewed/Refurbished,812.8,789.64,783.7529425078878,5.887057492112149,0.7455368892295412
2026-04-04,Flipkart,iPhone,iPhone 16 Pro 256GB,Renewed/Refurbished,768.44,807.47,767.4370097271434,40.03299027285664,4.957830046052068
2026-04-05,Flipkart,iPhone,iPhone 16 Pro 256GB,Renewed/Refurbished,797.56,779.52,779.9044667309756,0.384466730975646,0.049320957894043255
2026-04-07,Flipkart,iPhone,iPhone 16 Pro 256GB,Renewed/Refurbished,750.6,834.36,773.3731183826629,60.986881617337076,7.3094205879161365
2026-04-11,Flipkart,iPhone,iPhone 16 Pro 256GB,Renewed/Refurbished,777.02,819.89,760.0690852403868,59.820914759613174,7.296212267452118
2026-04-12,Flipkart,iPhone,iPhone 16 Pro 256GB,Renewed/Refurbished,805.28,851.07,779.8604152129053,71.20958478709474,8.367065551258385
2026-04-16,Flipkart,iPhone,iPhone 16 Pro 256GB,Renewed/Refurbished,741.85,793.22,762.3416103818939,30.878389618106098,3.892790098346751
2026-04-22,Flipkart,iPhone,iPhone 16 Pro 256GB,Renewed/Refurbished,763.56,787.7,765.800523388419,21.899476611581008,2.780179841510855
2026-04-27,Flipkart,iPhone,iPhone 16 Pro 256GB,Renewed/Refurbished,789.64,792.73,767.8825881304826,24.847411869517373,3.134410438549995
2026-04-28,Flipkart,iPhone,iPhone 16 Pro 256GB,Renewed/Refurbished,788.98,705.85,778.9578608464236,73.10786084642359,10.357421668403145
2026-05-05,Flipkart,iPhone,iPhone 16 Pro 256GB,Renewed/Refurbished,779.52,742.22,761.7410400418572,19.52104004185719,2.630088119675728
2026-05-07,Flipkart,iPhone,iPhone 16 Pro 256GB,Renewed/Refurbished,834.36,728.18,781.193838181738,53.01383818173804,7.2803205501027275
2026-05-11,Flipkart,iPhone,iPhone 16 Pro 256GB,Renewed/Refurbished,819.89,789.81,778.824570285963,10.985429714036968,1.3908952424047516
2026-05-18,Flipkart,iPhone,iPhone 16 Pro 256GB,Renewed/Refurbished,812.8,830.855,782.6337478050751,48.22125219492489,5.803810796700374
2026-05-22,Flipkart,iPhone,iPhone 16 Pro 256GB,Renewed/Refurbished,787.7,743.09,795.7535979273899,52.6635979273899,7.087108954149551
2026-05-27,Flipkart,iPhone,iPhone 16 Pro 256GB,Renewed/Refurbished,792.73,853.07,778.9188290924071,74.15117090759293,8.692272721768779
2026-05-30,Flipkart,iPhone,iPhone 16 Pro 256GB,Renewed/Refurbished,784.655,733.87,777.1795974199307,43.3095974199307,5.901535342762437
2026-06-06,Flipkart,iPhone,iPhone 16 Pro 256GB,Renewed/Refurbished,728.18,823.59,771.7120673513667,51.877932648633305,6.29899982377558
2026-06-17,Flipkart,iPhone,iPhone 16 Pro 256GB,Renewed/Refurbished,830.855,764.02,773.2361008200775,9.216100820077486,1.2062643412577532
2026-06-22,Flipkart,iPhone,iPhone 16 Pro 256GB,Renewed/Refurbished,835.42,701.34,775.3790636323547,74.03906363235467,10.55680035822207
2026-01-02,Flipkart,iPhone,iPhone 17 128GB,New,854.56,857.55,840.9562804082435,16.59371959175644,1.9350148203319273
2026-01-03,Flipkart,iPhone,iPhone 17 128GB,New,844.28,846.52,838.9721054241912,7.547894575808755,0.8916380683042048
2026-01-04,Flipkart,iPhone,iPhone 17 128GB,New,853.345,852.48,843.314183112819,9.165816887180995,1.07519436082735
2026-01-06,Flipkart,iPhone,iPhone 17 128GB,New,858.83,852.39,836.4323109091406,15.95768909085939,1.8721112508193891
2026-01-07,Flipkart,iPhone,iPhone 17 128GB,New,847.99,848.69,835.9381942461195,12.751805753880603,1.502528102591123
2026-01-08,Flipkart,iPhone,iPhone 17 128GB,New,844.5799999999999,847.075,842.0942847510972,4.980715248902811,0.5879898767999069
2026-01-09,Flipkart,iPhone,iPhone 17 128GB,New,853.46,851.09,837.3484759453431,13.741524054656907,1.614579428104772
2026-01-10,Flipkart,iPhone,iPhone 17 128GB,New,860.52,852.75,841.0319790034938,11.718020996506198,1.374144942422304
2026-01-11,Flipkart,iPhone,iPhone 17 128GB,New,858.3,848.4,836.5603119200689,11.83968807993108,1.3955313625567043
2026-01-12,Flipkart,iPhone,iPhone 17 128GB,New,839.64,851.28,841.8943590019217,9.385640998078316,1.102532773949619
2026-01-13,Flipkart,iPhone,iPhone 17 128GB,New,863.97,843.11,842.6479157154995,0.46208428450051997,0.054807117042914924
2026-01-15,Flipkart,iPhone,iPhone 17 128GB,New,852.03,854.2,840.8708431759508,13.329156824049278,1.5604257579078995
2026-01-16,Flipkart,iPhone,iPhone 17 128GB,New,858.21,850.735,843.187299213436,7.547700786564064,0.8871976334068851
2026-01-17,Flipkart,iPhone,iPhone 17 128GB,New,845.425,843.82,841.022209611289,2.7977903887110642,0.3315624645909156
2026-01-18,Flipkart,iPhone,iPhone 17 128GB,New,843.75,864.72,850.2196865092981,14.500313490701956,1.6768796246995505
2026-01-19,Flipkart,iPhone,iPhone 17 128GB,New,855.24,852.3,840.2901056961215,12.009894303878468,1.4091158399481953
2026-01-20,Flipkart,iPhone,iPhone 17 128GB,New,840.76,859.33,852.6385692842543,6.691430715745696,0.7786799850750812
2026-01-21,Flipkart,iPhone,iPhone 17 128GB,New,855.7,844.54,852.722606428893,8.182606428892996,0.9688832297929045
2026-01-22,Flipkart,iPhone,iPhone 17 128GB,New,859.46,851.61,837.394626156497,14.215373843503016,1.669235194925261
2026-01-23,Flipkart,iPhone,iPhone 17 128GB,New,853.33,849.65,831.7376072539121,17.912392746087903,2.1082084088845883
2026-01-24,Flipkart,iPhone,iPhone 17 128GB,New,839.315,837.325,842.3608416300323,5.035841630032223,0.6014201928799717
2026-01-25,Flipkart,iPhone,iPhone 17 128GB,New,847.28,853.0799999999999,855.7007206803665,2.6207206803666168,0.3072069067809135
2026-01-26,Flipkart,iPhone,iPhone 17 128GB,New,856.2149999999999,853.91,836.2521541036917,17.65784589630823,2.0678813805094487
2026-01-27,Flipkart,iPhone,iPhone 17 128GB,New,850.0350000000001,851.1,835.4269535858341,15.673046414165924,1.8415046897151832
2026-01-28,Flipkart,iPhone,iPhone 17 128GB,New,835.75,852.825,850.7940004754557,2.0309995245443133,0.2381496232573287
2026-01-29,Flipkart,iPhone,iPhone 17 128GB,New,841.355,857.485,846.3169368016765,11.168063198323466,1.3024208234923604
2026-01-30,Flipkart,iPhone,iPhone 17 128GB,New,848.855,840.0,834.2336549402348,5.766345059765172,0.6864696499720443
2026-01-31,Flipkart,iPhone,iPhone 17 128GB,New,855.4000000000001,849.89,835.5079607897022,14.382039210297762,1.6922236066194167
2026-02-01,Flipkart,iPhone,iPhone 17 128GB,New,857.55,843.58,833.8285913081746,9.751408691825418,1.1559554152333409
2026-02-02,Flipkart,iPhone,iPhone 17 128GB,New,846.52,844.33,842.1690529016698,2.1609470983302117,0.25593631617142726
2026-02-03,Flipkart,iPhone,iPhone 17 128GB,New,852.48,836.365,834.6111077381294,1.7538922618706465,0.20970416766252134
2026-02-06,Flipkart,iPhone,iPhone 17 128GB,New,848.69,848.4649999999999,849.4792227306799,1.0142227306799896,0.11953618955171864
2026-02-07,Flipkart,iPhone,iPhone 17 128GB,New,847.075,849.74,837.3766468398225,12.363353160177553,1.4549571822178022
2026-02-08,Flipkart,iPhone,iPhone 17 128GB,New,851.09,854.57,841.4183836265117,13.15161637348831,1.5389747327297132
2026-02-09,Flipkart,iPhone,iPhone 17 128GB,New,852.75,865.31,833.5950649302077,31.714935069792205,3.6651529590311225
2026-02-10,Flipkart,iPhone,iPhone 17 128GB,New,848.4,854.355,850.6720311050375,3.682968894962528,0.4310817979601604
2026-02-11,Flipkart,iPhone,iPhone 17 128GB,New,851.28,843.54,849.3753441457571,5.835344145757176,0.6917685166983399
2026-02-12,Flipkart,iPhone,iPhone 17 128GB,New,843.11,837.86,851.7871102190402,13.927110219040173,1.6622240253789622
2026-02-13,Flipkart,iPhone,iPhone 17 128GB,New,854.63,840.2149999999999,836.4145448484828,3.800455151517099,0.4523193648669804
2026-02-14,Flipkart,iPhone,iPhone 17 128GB,New,854.2,846.78,831.7075233667839,15.07247663321607,1.7799755111382025
2026-02-15,Flipkart,iPhone,iPhone 17 128GB,New,850.735,844.385,838.2214821736636,6.163517826336374,0.729941652958825
2026-02-16,Flipkart,iPhone,iPhone 17 128GB,New,843.82,856.0699999999999,837.7574248372606,18.312575162739336,2.139144598308472
2026-02-17,Flipkart,iPhone,iPhone 17 128GB,New,864.72,851.4300000000001,834.2630742647475,17.166925735252562,2.0162462839285156
2026-02-18,Flipkart,iPhone,iPhone 17 128GB,New,852.3,840.13,836.8087046518385,3.3212953481614704,0.39533112115523433
2026-02-19,Flipkart,iPhone,iPhone 17 128GB,New,859.33,847.895,839.496207359433,8.398792640566967,0.9905463106359829
2026-02-20,Flipkart,iPhone,iPhone 17 128GB,New,844.54,834.64,843.0896925807639,8.449692580763895,1.0123757045868753
2026-02-21,Flipkart,iPhone,iPhone 17 128GB,New,851.61,860.83,844.9835858794677,15.846414120532359,1.8408296783955436
2026-02-22,Flipkart,iPhone,iPhone 17 128GB,New,849.65,850.925,841.2913212223976,9.633678777602313,1.1321419370217485
2026-02-23,Flipkart,iPhone,iPhone 17 128GB,New,837.325,855.27,841.4861179884168,13.78388201158316,1.6116410036109252
2026-02-24,Flipkart,iPhone,iPhone 17 128GB,New,853.0799999999999,852.8299999999999,840.2739554711839,12.556044528816074,1.4722798833080537
2026-02-25,Flipkart,iPhone,iPhone 17 128GB,New,853.91,842.21,837.713228862501,4.496771137499081,0.5339251656355399
2026-02-27,Flipkart,iPhone,iPhone 17 128GB,New,852.825,863.515,841.8710413765125,21.643958623487492,2.5064948059370704
2026-02-28,Flipkart,iPhone,iPhone 17 128GB,New,857.485,840.825,840.5761066200092,0.24889337999081818,0.02960109178376216
2026-03-01,Flipkart,iPhone,iPhone 17 128GB,New,840.0,845.975,844.1870199550713,1.7879800449287586,0.21135140458391305
2026-03-02,Flipkart,iPhone,iPhone 17 128GB,New,849.89,853.25,838.0357958870052,15.214204112994821,1.7830886742449248
2026-03-04,Flipkart,iPhone,iPhone 17 128GB,New,844.33,854.62,840.5122970250585,14.107702974941503,1.650757409719115
2026-03-05,Flipkart,iPhone,iPhone 17 128GB,New,836.365,850.33,849.3674589571261,0.9625410428739087,0.11319617594038886
2026-03-06,Flipkart,iPhone,iPhone 17 128GB,New,843.67,852.14,842.2499307021509,9.890069297849095,1.1606155441417016
2026-03-08,Flipkart,iPhone,iPhone 17 128GB,New,848.4649999999999,854.715,836.1393777830824,18.575622216917623,2.1733118310685575
2026-03-09,Flipkart,iPhone,iPhone 17 128GB,New,849.74,852.925,836.7030657247619,16.221934275238027,1.9019180203696724
2026-03-10,Flipkart,iPhone,iPhone 17 128GB,New,854.57,840.85,832.9673752976388,7.882624702361227,0.9374590833515165
2026-03-11,Flipkart,iPhone,iPhone 17 128GB,New,865.31,855.615,837.295518918141,18.319481081858953,2.141089284533225
2026-03-12,Flipkart,iPhone,iPhone 17 128GB,New,854.355,851.725,837.2129881032971,14.512011896702916,1.7038377289269324
2026-03-13,Flipkart,iPhone,iPhone 17 128GB,New,843.54,857.4549999999999,841.9161892618731,15.538810738126813,1.8122013094712626
2026-03-14,Flipkart,iPhone,iPhone 17 128GB,New,837.86,843.01,843.0080910950569,0.0019089049430931482,0.00022643918139679818
2026-03-15,Flipkart,iPhone,iPhone 17 128GB,New,840.2149999999999,842.75,847.1957119372759,4.44571193727586,0.5275244066776458
2026-03-16,Flipkart,iPhone,iPhone 17 128GB,New,846.78,858.99,845.5900177101356,13.399982289864397,1.559969532807646
2026-03-17,Flipkart,iPhone,iPhone 17 128GB,New,844.385,843.085,839.8342729447119,3.2507270552881664,0.3855752451162298
2026-03-18,Flipkart,iPhone,iPhone 17 128GB,New,856.0699999999999,862.13,838.9287388547269,23.201261145273065,2.6911557590239368
2026-03-19,Flipkart,iPhone,iPhone 17 128GB,New,851.4300000000001,848.13,838.9093933268178,9.220606673182147,1.0871690275290518
2026-03-20,Flipkart,iPhone,iPhone 17 128GB,New,840.13,856.555,845.6705888399433,10.88441116005663,1.2707194704434193
2026-03-21,Flipkart,iPhone,iPhone 17 128GB,New,847.895,845.04,841.0442064205513,3.995793579448673,0.47285259626155846
2026-03-22,Flipkart,iPhone,iPhone 17 128GB,New,834.64,848.96,842.6605207575357,6.299479242464372,0.7420230920731685
2026-03-23,Flipkart,iPhone,iPhone 17 128GB,New,860.83,838.36,838.7981414662962,0.43814146629620154,0.05226173318099641
2026-03-24,Flipkart,iPhone,iPhone 17 128GB,New,850.925,851.7,838.3113337036589,13.388666296341171,1.5719932248844863
2026-03-25,Flipkart,iPhone,iPhone 17 128GB,New,855.27,856.01,848.556339497875,7.45366050212499,0.8707445593071331
2026-03-26,Flipkart,iPhone,iPhone 17 128GB,New,852.8299999999999,865.67,841.6218818132497,24.04811818675023,2.777977541875106
2026-03-27,Flipkart,iPhone,iPhone 17 128GB,New,842.21,853.815,843.6903832031805,10.12461679681951,1.1858091971702895
2026-03-29,Flipkart,iPhone,iPhone 17 128GB,New,863.515,846.0899999999999,842.92203234124,3.167967658759949,0.37442442987861213
2026-03-30,Flipkart,iPhone,iPhone 17 128GB,New,840.825,846.5550000000001,841.6697677329829,4.885232267017159,0.5770720469452261
2026-03-31,Flipkart,iPhone,iPhone 17 128GB,New,845.975,835.11,846.6525208106319,11.542520810631913,1.3821557412355154
2026-04-01,Flipkart,iPhone,iPhone 17 128GB,New,853.25,835.05,837.9028766590259,2.852876659025924,0.3416414177625201
2026-04-03,Flipkart,iPhone,iPhone 17 128GB,New,854.62,843.075,838.2918259293236,4.783174070676409,0.5673485835395913
2026-04-04,Flipkart,iPhone,iPhone 17 128GB,New,850.33,863.49,840.8646805974342,22.625319402565765,2.620217883538404
2026-04-05,Flipkart,iPhone,iPhone 17 128GB,New,852.14,864.63,836.331717747445,28.29828225255494,3.272877676295634
2026-04-06,Flipkart,iPhone,iPhone 17 128GB,New,853.5,858.24,837.9231333469959,20.316866653004126,2.367271002633777
2026-04-07,Flipkart,iPhone,iPhone 17 128GB,New,854.715,848.21,837.7242412297308,10.485758770269285,1.2362220169850964
2026-04-08,Flipkart,iPhone,iPhone 17 128GB,New,852.925,851.21,849.7201838914742,1.4898161085258153,0.17502333249442736
2026-04-09,Flipkart,iPhone,iPhone 17 128GB,New,840.85,841.6700000000001,850.5412005421542,8.871200542154156,1.0539998505535608
2026-04-10,Flipkart,iPhone,iPhone 17 128GB,New,855.615,842.155,840.6262441632166,1.5287558367833753,0.1815290340594517
2026-04-11,Flipkart,iPhone,iPhone 17 128GB,New,851.725,856.36,836.3814447341223,19.97855526587773,2.3329622198465283
2026-04-12,Flipkart,iPhone,iPhone 17 128GB,New,857.4549999999999,854.69,839.5347454626648,15.155254537335281,1.773187300346942
2026-04-13,Flipkart,iPhone,iPhone 17 128GB,New,843.01,850.025,852.4688903148686,2.4438903148686677,0.28750805151244585
2026-04-14,Flipkart,iPhone,iPhone 17 128GB,New,842.75,861.18,841.9044611004801,19.275538899519802,2.2382706170045523
2026-04-15,Flipkart,iPhone,iPhone 17 128GB,New,858.99,847.78,842.2315460383815,5.54845396161852,0.6544686076126496
2026-04-16,Flipkart,iPhone,iPhone 17 128GB,New,843.085,862.015,841.100095104807,20.91490489519299,2.426280853023786
2026-04-17,Flipkart,iPhone,iPhone 17 128GB,New,862.13,835.69,838.4862118279791,2.79621182797905,0.3345991728965346
2026-04-18,Flipkart,iPhone,iPhone 17 128GB,New,848.13,849.43,842.8489013503424,6.58109864965752,0.7747664492256595
2026-04-19,Flipkart,iPhone,iPhone 17 128GB,New,856.555,855.55,844.5832558071177,10.966744192882288,1.2818355669314814
2026-04-20,Flipkart,iPhone,iPhone 17 128GB,New,845.04,835.84,845.338594978184,9.498594978183974,1.136413066876911
2026-04-21,Flipkart,iPhone,iPhone 17 128GB,New,848.96,850.165,845.970201075381,4.194798924618908,0.4934099762538929
2026-04-22,Flipkart,iPhone,iPhone 17 128GB,New,838.36,854.4,844.4431429153595,9.956857084640433,1.165362486498178
2026-04-23,Flipkart,iPhone,iPhone 17 128GB,New,851.7,845.1600000000001,845.6516306034265,0.4916306034264153,0.05817012203918965
2026-04-24,Flipkart,iPhone,iPhone 17 128GB,New,856.01,837.03,838.3415785380531,1.3115785380531406,0.1566943285250398
2026-04-25,Flipkart,iPhone,iPhone 17 128GB,New,865.67,852.085,839.2196084757225,12.865391524277584,1.509871846620652
2026-04-26,Flipkart,iPhone,iPhone 17 128GB,New,853.815,856.645,832.5318074271015,24.11319257289847,2.8148407535091513
2026-04-27,Flipkart,iPhone,iPhone 17 128GB,New,844.145,841.69,843.9731548283441,2.283154828344095,0.27125840016444236
2026-04-28,Flipkart,iPhone,iPhone 17 128GB,New,846.0899999999999,854.355,844.1371015814559,10.21789841854411,1.1959780674946725
2026-04-29,Flipkart,iPhone,iPhone 17 128GB,New,846.5550000000001,845.14,853.438410669802,8.298410669802024,0.9818977530115749
2026-04-30,Flipkart,iPhone,iPhone 17 128GB,New,835.11,838.62,840.6813550116972,2.0613550116971737,0.245803225739569
2026-05-01,Flipkart,iPhone,iPhone 17 128GB,New,835.05,849.165,853.644342338624,4.479342338624065,0.5274996424280398
2026-05-02,Flipkart,iPhone,iPhone 17 128GB,New,847.2750000000001,838.47,841.221842900065,2.7518429000649576,0.3281981347054704
2026-05-03,Flipkart,iPhone,iPhone 17 128GB,New,843.075,845.54,833.6466350703897,11.893364929610243,1.406599915983897
2026-05-04,Flipkart,iPhone,iPhone 17 128GB,New,863.49,847.7,836.7036803985787,10.996319601421305,1.297194715279144
2026-05-05,Flipkart,iPhone,iPhone 17 128GB,New,864.63,856.33,837.7610622987554,18.568937701244636,2.1684324619299375
2026-05-06,Flipkart,iPhone,iPhone 17 128GB,New,858.24,844.89,827.4300133197344,17.459986680265615,2.066539630042445
2026-05-07,Flipkart,iPhone,iPhone 17 128GB,New,848.21,836.71,826.3339491695087,10.376050830491295,1.240101209557827
2026-05-08,Flipkart,iPhone,iPhone 17 128GB,New,851.21,844.4649999999999,838.2843173321037,6.180682667896235,0.7319051314022768
2026-05-09,Flipkart,iPhone,iPhone 17 128GB,New,841.6700000000001,860.78,847.4706913210549,13.309308678945058,1.5461916725464182
2026-05-10,Flipkart,iPhone,iPhone 17 128GB,New,842.155,841.57,841.5995174282986,0.029517428298504456,0.0035074240168381067
2026-05-11,Flipkart,iPhone,iPhone 17 128GB,New,856.36,837.1949999999999,838.1332608760899,0.9382608760899984,0.11207196365123998
2026-05-12,Flipkart,iPhone,iPhone 17 128GB,New,854.69,852.05,837.7324163973597,14.317583602640298,1.6803689457942959
2026-05-13,Flipkart,iPhone,iPhone 17 128GB,New,850.025,854.9649999999999,834.0396835695058,20.92531643049415,2.447505620755721
2026-05-14,Flipkart,iPhone,iPhone 17 128GB,New,861.18,834.78,836.5785481392045,1.798548139204513,0.21545175246226708
2026-05-15,Flipkart,iPhone,iPhone 17 128GB,New,847.78,845.33,837.0818018165958,8.24819818340427,0.9757370711324891
2026-05-16,Flipkart,iPhone,iPhone 17 128GB,New,862.015,833.7,838.0424203641743,4.342420364174245,0.5208612647444218
2026-05-18,Flipkart,iPhone,iPhone 17 128GB,New,849.43,840.86,842.8800413788487,2.0200413788486458,0.24023516148332014
2026-05-19,Flipkart,iPhone,iPhone 17 128GB,New,855.55,857.81,850.1583871005405,7.651612899459451,0.8919939030157553
2026-05-20,Flipkart,iPhone,iPhone 17 128GB,New,835.84,844.13,848.8637192103845,4.733719210384493,0.5607808288278455
2026-05-21,Flipkart,iPhone,iPhone 17 128GB,New,850.165,851.82,838.5598510558391,13.26014894416096,1.5566843868611866
2026-05-22,Flipkart,iPhone,iPhone 17 128GB,New,854.4,852.04,842.3550956861991,9.684904313800871,1.1366724935215333
2026-05-23,Flipkart,iPhone,iPhone 17 128GB,New,845.1600000000001,860.9549999999999,841.5052149092237,19.44978509077623,2.2590942721485137
2026-05-24,Flipkart,iPhone,iPhone 17 128GB,New,837.03,851.25,851.1959745176985,0.05402548230154025,0.006346605850401203
2026-05-26,Flipkart,iPhone,iPhone 17 128GB,New,856.645,852.74,834.4398759823355,18.30012401766453,2.1460379503324027
2026-05-27,Flipkart,iPhone,iPhone 17 128GB,New,841.69,848.545,841.5956209179305,6.949379082069413,0.8189759037021506
2026-05-28,Flipkart,iPhone,iPhone 17 128GB,New,854.355,847.655,846.4516907542022,1.2033092457977546,0.14195742911889325
2026-05-29,Flipkart,iPhone,iPhone 17 128GB,New,845.14,847.01,837.6407565029513,9.369243497048728,1.1061550037247174
2026-05-31,Flipkart,iPhone,iPhone 17 128GB,New,849.165,847.4100000000001,832.7293843576463,14.680615642353814,1.732410007240157
2026-06-01,Flipkart,iPhone,iPhone 17 128GB,New,838.47,857.04,840.3491930716816,16.690806928318352,1.9474945076447252
2026-06-02,Flipkart,iPhone,iPhone 17 128GB,New,845.54,846.0,840.7158989328801,5.284101067119877,0.6245982348841462
2026-06-03,Flipkart,iPhone,iPhone 17 128GB,New,847.7,843.415,838.8715550752045,4.543444924795494,0.5386962438177522
2026-06-04,Flipkart,iPhone,iPhone 17 128GB,New,856.33,852.27,839.7497046962669,12.520295303733064,1.4690526832732662
2026-06-05,Flipkart,iPhone,iPhone 17 128GB,New,844.89,851.41,842.2163264285256,9.193673571474392,1.0798174289090323
2026-06-06,Flipkart,iPhone,iPhone 17 128GB,New,836.71,854.55,843.3895571357775,11.160442864222432,1.306002324524303
2026-06-07,Flipkart,iPhone,iPhone 17 128GB,New,844.4649999999999,849.95,844.6862091121083,5.263790887891787,0.6193059459840916
2026-06-08,Flipkart,iPhone,iPhone 17 128GB,New,860.78,842.56,831.6841796286878,10.875820371312102,1.290806633511216
2026-06-09,Flipkart,iPhone,iPhone 17 128GB,New,841.57,848.64,837.6620169663387,10.977983033661303,1.2935971711987773
2026-06-10,Flipkart,iPhone,iPhone 17 128GB,New,837.1949999999999,843.415,846.0960264019945,2.681026401994586,0.317877486408777
2026-06-11,Flipkart,iPhone,iPhone 17 128GB,New,852.05,854.375,839.3237880635056,15.051211936494383,1.7616634307528172
2026-06-12,Flipkart,iPhone,iPhone 17 128GB,New,854.9649999999999,840.75,842.1989072186918,1.4489072186918293,0.1723350839954599
2026-06-13,Flipkart,iPhone,iPhone 17 128GB,New,834.78,845.08,847.4244220585797,2.344422058579653,0.2774201328370867
2026-06-14,Flipkart,iPhone,iPhone 17 128GB,New,845.33,835.4649999999999,846.5281302758602,11.063130275860317,1.3241883592801995
2026-06-15,Flipkart,iPhone,iPhone 17 128GB,New,833.7,845.54,845.2197957108181,0.3202042891819019,0.03786979790215743
2026-06-17,Flipkart,iPhone,iPhone 17 128GB,New,840.86,857.015,842.3311331629775,14.683866837022492,1.7133733758478549
2026-06-18,Flipkart,iPhone,iPhone 17 128GB,New,857.81,845.755,837.6446465611525,8.110353438847483,0.9589483288715388
2026-06-19,Flipkart,iPhone,iPhone 17 128GB,New,844.13,851.745,840.5482668952554,11.196733104744567,1.3145639956494686
2026-06-20,Flipkart,iPhone,iPhone 17 128GB,New,851.82,847.03,838.7214593577794,8.308540642220578,0.9809027593143782
2026-06-21,Flipkart,iPhone,iPhone 17 128GB,New,852.04,857.83,839.3247009402172,18.50529905978283,2.157222183857271
2026-06-22,Flipkart,iPhone,iPhone 17 128GB,New,860.9549999999999,847.21,835.9972470625208,11.212752937479195,1.32349157085955
2026-06-23,Flipkart,iPhone,iPhone 17 128GB,New,851.25,854.67,844.4575227251307,10.21247727486923,1.1949029771571753
2026-06-25,Flipkart,iPhone,iPhone 17 128GB,New,852.74,861.335,838.5790805070529,22.7559194929471,2.6419360054969436
2026-06-26,Flipkart,iPhone,iPhone 17 128GB,New,848.545,848.57,839.467150959789,9.102849040211026,1.0727281238095887
2026-06-27,Flipkart,iPhone,iPhone 17 128GB,New,847.655,855.79,840.4902518563393,15.299748143660622,1.7877923490179395
2026-06-28,Flipkart,iPhone,iPhone 17 128GB,New,847.01,842.39,842.3148109865016,0.07518901349840235,0.008925677358278511
2026-06-30,Flipkart,iPhone,iPhone 17 128GB,New,847.4100000000001,845.43,838.5007807975358,6.929219202464196,0.819608862054126
2026-07-01,Flipkart,iPhone,iPhone 17 128GB,New,857.04,840.44,835.321556452195,5.1184435478051,0.609019507377695
2026-01-04,Flipkart,iPhone,iPhone 17 128GB,Renewed/Refurbished,725.03,655.26,702.3703739942713,47.1103739942713,7.1895696356059124
2026-01-06,Flipkart,iPhone,iPhone 17 128GB,Renewed/Refurbished,636.35,669.235,680.4297284122396,11.194728412239556,1.672764934924138
2026-01-12,Flipkart,iPhone,iPhone 17 128GB,Renewed/Refurbished,638.405,668.255,651.6958010198929,16.559198980107112,2.477976069031599
2026-01-13,Flipkart,iPhone,iPhone 17 128GB,Renewed/Refurbished,626.08,697.665,682.2890437143813,15.375956285618713,2.2039168204824255
2026-01-15,Flipkart,iPhone,iPhone 17 128GB,Renewed/Refurbished,640.47,690.15,664.9572434838129,25.192756516187046,3.6503305826540675
2026-01-19,Flipkart,iPhone,iPhone 17 128GB,Renewed/Refurbished,668.645,591.42,668.7346168853223,77.31461688532238,13.072709222772714
2026-01-20,Flipkart,iPhone,iPhone 17 128GB,Renewed/Refurbished,671.32,666.015,645.319288557551,20.69571144244901,3.107394194192174
2026-01-21,Flipkart,iPhone,iPhone 17 128GB,Renewed/Refurbished,705.51,607.53,675.5583988949944,68.02839889499444,11.197537388276208
2026-01-22,Flipkart,iPhone,iPhone 17 128GB,Renewed/Refurbished,664.12,712.33,664.4602470470189,47.869752952981116,6.720165225805612
2026-01-24,Flipkart,iPhone,iPhone 17 128GB,Renewed/Refurbished,681.76,630.14,659.7838136974731,29.643813697473092,4.7043218487118885
2026-01-27,Flipkart,iPhone,iPhone 17 128GB,Renewed/Refurbished,647.575,671.44,661.2883327353303,10.151667264669754,1.5119247087855585
2026-01-30,Flipkart,iPhone,iPhone 17 128GB,Renewed/Refurbished,703.45,622.33,668.7587691848439,46.42876918484387,7.460474215423307
2026-02-01,Flipkart,iPhone,iPhone 17 128GB,Renewed/Refurbished,642.32,634.62,678.2500136311523,43.63001363115234,6.874982451097088
2026-02-02,Flipkart,iPhone,iPhone 17 128GB,Renewed/Refurbished,657.625,614.88,657.2052015007848,42.32520150078483,6.883489705435992
2026-02-03,Flipkart,iPhone,iPhone 17 128GB,Renewed/Refurbished,655.26,634.85,661.337740711348,26.48774071134801,4.172283328557613
2026-02-05,Flipkart,iPhone,iPhone 17 128GB,Renewed/Refurbished,669.235,664.2149999999999,656.1000511943707,8.114948805629183,1.2217352522344698
2026-02-11,Flipkart,iPhone,iPhone 17 128GB,Renewed/Refurbished,668.255,651.54,664.579326611684,13.039326611684032,2.001308685834182
2026-02-17,Flipkart,iPhone,iPhone 17 128GB,Renewed/Refurbished,720.79,603.95,691.326058281811,87.37605828181097,14.467432450005955
2026-02-18,Flipkart,iPhone,iPhone 17 128GB,Renewed/Refurbished,591.42,658.435,657.8994499996498,0.5355500003500993,0.08133680626790789
2026-02-20,Flipkart,iPhone,iPhone 17 128GB,Renewed/Refurbished,607.53,688.09,644.4066772166102,43.683322783389826,6.348489700967871
2026-02-21,Flipkart,iPhone,iPhone 17 128GB,Renewed/Refurbished,712.33,602.35,662.3287761957912,59.97877619579117,9.957462637302426
2026-02-22,Flipkart,iPhone,iPhone 17 128GB,Renewed/Refurbished,715.08,651.82,689.4234598360904,37.60345983609034,5.76899448253971
2026-02-23,Flipkart,iPhone,iPhone 17 128GB,Renewed/Refurbished,630.14,710.26,682.1689405385431,28.091059461456894,3.955038923979514
2026-02-26,Flipkart,iPhone,iPhone 17 128GB,Renewed/Refurbished,671.44,669.06,677.8355731278297,8.775573127829716,1.3116272274279912
2026-02-27,Flipkart,iPhone,iPhone 17 128GB,Renewed/Refurbished,674.735,655.22,649.2488481022838,5.971151897716254,0.9113201516614655
2026-02-28,Flipkart,iPhone,iPhone 17 128GB,Renewed/Refurbished,634.7,637.02,661.3841312484941,24.364131248494118,3.824704286913146
2026-03-01,Flipkart,iPhone,iPhone 17 128GB,Renewed/Refurbished,622.33,626.77,652.41581398896,25.64581398896007,4.091742423689722
2026-03-03,Flipkart,iPhone,iPhone 17 128GB,Renewed/Refurbished,634.62,688.19,680.4305882147031,7.7594117852969475,1.1275101040841842
2026-03-04,Flipkart,iPhone,iPhone 17 128GB,Renewed/Refurbished,614.88,608.28,679.2681469423993,70.98814694239934,11.670307579141078
2026-03-05,Flipkart,iPhone,iPhone 17 128GB,Renewed/Refurbished,634.85,626.24,661.9417451064015,35.70174510640152,5.7009684955291124
2026-03-07,Flipkart,iPhone,iPhone 17 128GB,Renewed/Refurbished,664.2149999999999,614.77,667.7755001510176,53.0055001510176,8.622005002036143
2026-03-09,Flipkart,iPhone,iPhone 17 128GB,Renewed/Refurbished,591.55,620.57,649.1171106503689,28.547110650368836,4.600143521338259
2026-03-10,Flipkart,iPhone,iPhone 17 128GB,Renewed/Refurbished,708.73,655.13,676.9582529091829,21.82825290918288,3.3318964036424648
2026-03-13,Flipkart,iPhone,iPhone 17 128GB,Renewed/Refurbished,651.54,643.59,681.2462856294136,37.65628562941356,5.85097432051672
2026-03-15,Flipkart,iPhone,iPhone 17 128GB,Renewed/Refurbished,654.9100000000001,603.45,670.9763527474879,67.52635274748786,11.1900493408713
2026-03-17,Flipkart,iPhone,iPhone 17 128GB,Renewed/Refurbished,627.3,675.45,665.2269552149559,10.22304478504418,1.5135161425781596
2026-03-20,Flipkart,iPhone,iPhone 17 128GB,Renewed/Refurbished,658.435,699.49,650.0705768984683,49.41942310153172,7.065064990426127
2026-03-23,Flipkart,iPhone,iPhone 17 128GB,Renewed/Refurbished,602.35,631.235,653.1601276465176,21.92512764651758,3.4733700834899177
2026-03-24,Flipkart,iPhone,iPhone 17 128GB,Renewed/Refurbished,651.82,629.595,656.2733779607352,26.678377960735133,4.237387203001157
2026-03-26,Flipkart,iPhone,iPhone 17 128GB,Renewed/Refurbished,705.96,680.625,664.7904620830309,15.834537916969111,2.326470217369199
2026-03-30,Flipkart,iPhone,iPhone 17 128GB,Renewed/Refurbished,637.02,684.13,666.7464455417571,17.383554458242884,2.540972396802199
2026-03-31,Flipkart,iPhone,iPhone 17 128GB,Renewed/Refurbished,626.77,644.54,659.7984630113416,15.258463011341632,2.367341516638476
2026-04-01,Flipkart,iPhone,iPhone 17 128GB,Renewed/Refurbished,642.18,683.6600000000001,653.3184675599801,30.341532440019932,4.438102629965178
2026-04-02,Flipkart,iPhone,iPhone 17 128GB,Renewed/Refurbished,688.19,658.8,670.3573438488866,11.557343848886603,1.754302345004038
2026-04-03,Flipkart,iPhone,iPhone 17 128GB,Renewed/Refurbished,608.28,650.51,663.403015887124,12.893015887123966,1.9819858091534284
2026-04-05,Flipkart,iPhone,iPhone 17 128GB,Renewed/Refurbished,622.28,713.81,653.1542381549123,60.65576184508768,8.497465970648728
2026-04-07,Flipkart,iPhone,iPhone 17 128GB,Renewed/Refurbished,648.43,724.52,636.6646951192243,87.85530488077563,12.126001336164032
2026-04-08,Flipkart,iPhone,iPhone 17 128GB,Renewed/Refurbished,620.57,713.76,648.0391263552415,65.72087364475851,9.20769917686036
2026-04-12,Flipkart,iPhone,iPhone 17 128GB,Renewed/Refurbished,643.59,624.86,664.1764619267985,39.316461926798524,6.292043325992785
2026-04-13,Flipkart,iPhone,iPhone 17 128GB,Renewed/Refurbished,640.075,710.85,653.7882693636818,57.0617306363182,8.027253377831919
2026-04-16,Flipkart,iPhone,iPhone 17 128GB,Renewed/Refurbished,675.45,700.595,657.4473271555981,43.14767284440188,6.15871835288603
2026-04-20,Flipkart,iPhone,iPhone 17 128GB,Renewed/Refurbished,648.75,616.04,662.9496103802551,46.90961038025512,7.614702029130433
2026-04-23,Flipkart,iPhone,iPhone 17 128GB,Renewed/Refurbished,629.595,654.45,642.4942721348189,11.955727865181188,1.8268359485340648
2026-04-25,Flipkart,iPhone,iPhone 17 128GB,Renewed/Refurbished,680.625,668.75,649.2211096724736,19.52889032752637,2.9202078994431955
2026-04-30,Flipkart,iPhone,iPhone 17 128GB,Renewed/Refurbished,644.54,670.98,671.197162166625,0.2171621666250303,0.03236492393588934
2026-05-01,Flipkart,iPhone,iPhone 17 128GB,Renewed/Refurbished,683.6600000000001,724.73,654.0767564340288,70.65324356597125,9.748905601530398
2026-05-02,Flipkart,iPhone,iPhone 17 128GB,Renewed/Refurbished,658.8,717.69,645.5806930873948,72.10930691260523,10.047416978445462
2026-05-05,Flipkart,iPhone,iPhone 17 128GB,Renewed/Refurbished,713.81,663.995,682.9033589978185,18.908358997818482,2.8476658706494
2026-05-07,Flipkart,iPhone,iPhone 17 128GB,Renewed/Refurbished,724.52,673.92,681.5460779399533,7.626077939953348,1.1315998842523367
2026-05-11,Flipkart,iPhone,iPhone 17 128GB,Renewed/Refurbished,721.06,687.2,688.1908597962902,0.990859796290124,0.14418797966969207
2026-05-13,Flipkart,iPhone,iPhone 17 128GB,Renewed/Refurbished,710.85,706.69,663.4825722763878,43.20742772361223,6.114056760901134
2026-05-23,Flipkart,iPhone,iPhone 17 128GB,Renewed/Refurbished,654.45,592.54,676.5755256965755,84.03552569657552,14.182253636307344
2026-05-24,Flipkart,iPhone,iPhone 17 128GB,Renewed/Refurbished,660.345,584.64,673.7915260118208,89.1515260118208,15.248961072082103
2026-05-25,Flipkart,iPhone,iPhone 17 128GB,Renewed/Refurbished,668.75,707.5050000000001,683.3546425981039,24.150357401896258,3.413453954657035
2026-05-30,Flipkart,iPhone,iPhone 17 128GB,Renewed/Refurbished,670.98,678.73,660.1249918685738,18.60500813142619,2.7411501085006096
2026-05-31,Flipkart,iPhone,iPhone 17 128GB,Renewed/Refurbished,724.73,653.45,706.4123749095904,52.96237490959038,8.105038627223257
2026-06-01,Flipkart,iPhone,iPhone 17 128GB,Renewed/Refurbished,717.69,645.9449999999999,701.2938144442169,55.34881444421694,8.568657462201418
2026-06-03,Flipkart,iPhone,iPhone 17 128GB,Renewed/Refurbished,695.56,663.36,677.7571673177538,14.39716731775377,2.170339983983624
2026-06-04,Flipkart,iPhone,iPhone 17 128GB,Renewed/Refurbished,663.995,668.27,671.4272191995072,3.157219199507267,0.472446645743078
2026-06-06,Flipkart,iPhone,iPhone 17 128GB,Renewed/Refurbished,673.92,628.39,672.5067869941468,44.116786994146764,7.020606151298837
2026-06-09,Flipkart,iPhone,iPhone 17 128GB,Renewed/Refurbished,599.16,622.9449999999999,660.3866430697992,37.441643069799284,6.010425169123965
2026-06-10,Flipkart,iPhone,iPhone 17 128GB,Renewed/Refurbished,687.2,639.28,682.6556183647435,43.37561836474356,6.785073577265605
2026-06-12,Flipkart,iPhone,iPhone 17 128GB,Renewed/Refurbished,706.69,650.61,681.0894370957799,30.479437095779872,4.684747713035439
2026-06-14,Flipkart,iPhone,iPhone 17 128GB,Renewed/Refurbished,639.76,657.76,695.1087280551186,37.34872805511861,5.6781695535025865
2026-06-18,Flipkart,iPhone,iPhone 17 128GB,Renewed/Refurbished,596.45,679.625,649.1940203780878,30.43097962191223,4.477613334105166
2026-06-21,Flipkart,iPhone,iPhone 17 128GB,Renewed/Refurbished,671.7,639.905,668.4513906570328,28.546390657032816,4.46103572515183
2026-06-22,Flipkart,iPhone,iPhone 17 128GB,Renewed/Refurbished,592.54,683.47,640.458095799471,43.01190420052899,6.293166371681124
2026-06-23,Flipkart,iPhone,iPhone 17 128GB,Renewed/Refurbished,584.64,660.78,658.4781525836926,2.301847416307396,0.34835307005469235
2026-06-24,Flipkart,iPhone,iPhone 17 128GB,Renewed/Refurbished,707.5050000000001,670.21,692.3492480560706,22.139248056070528,3.303330009410562
2026-06-26,Flipkart,iPhone,iPhone 17 128GB,Renewed/Refurbished,705.0,691.81,673.533732464442,18.276267535557963,2.641804474575095
2026-06-29,Flipkart,iPhone,iPhone 17 128GB,Renewed/Refurbished,678.73,665.575,669.8151385718087,4.240138571808643,0.6370639780353292
2026-06-30,Flipkart,iPhone,iPhone 17 128GB,Renewed/Refurbished,653.45,693.365,661.588900445389,31.77609955461105,4.58288196759442
2026-07-01,Flipkart,iPhone,iPhone 17 128GB,Renewed/Refurbished,645.9449999999999,684.63,660.6961961242702,23.933803875729836,3.4958742497012745
