date,platform,product_category,model_name,condition,median_price_usd,target_price_7d,predicted_price_usd,absolute_error,percentage_error
2026-01-28,Amazon,Watch,Apple Watch Series 6 (44mm),New,258.28499999999997,260.59,258.37691144149676,2.213088558503216,0.8492607385176777
2026-02-14,Amazon,Watch,Apple Watch Series 6 (44mm),New,260.09,260.76,255.96447455640896,4.795525443591032,1.839057157382663
2026-02-22,Amazon,Watch,Apple Watch Series 6 (44mm),New,257.205,260.47,253.86253529528005,6.607464704719973,2.536746920843081
2026-02-23,Amazon,Watch,Apple Watch Series 6 (44mm),New,261.38,257.45,256.5957904904096,0.8542095095903619,0.3317962748457417
2026-03-02,Amazon,Watch,Apple Watch Series 6 (44mm),New,257.45,259.56,254.76527117567173,4.794728824328274,1.8472525906643067
2026-03-03,Amazon,Watch,Apple Watch Series 6 (44mm),New,259.21500000000003,256.835,260.0109395471395,3.175939547139535,1.236568048412224
2026-04-29,Amazon,Watch,Apple Watch Series 6 (44mm),New,255.07,258.47,256.66170858728606,1.8082914127139702,0.6996136544720741
2026-05-03,Amazon,Watch,Apple Watch Series 6 (44mm),New,254.41,257.63,257.8127423004639,0.1827423004639286,0.07093207330820502
2026-05-10,Amazon,Watch,Apple Watch Series 6 (44mm),New,257.63,261.71,255.47958701201424,6.230412987985744,2.3806553009001354
2026-05-14,Amazon,Watch,Apple Watch Series 6 (44mm),New,257.83,256.315,257.5485577249177,1.2335577249177163,0.48126630314952945
2026-05-15,Amazon,Watch,Apple Watch Series 6 (44mm),New,253.38,252.59,255.39825653175592,2.808256531755916,1.1117845250231269
2026-05-17,Amazon,Watch,Apple Watch Series 6 (44mm),New,261.71,259.44,255.1994245143818,4.240575485618194,1.6345110567446017
2026-05-19,Amazon,Watch,Apple Watch Series 6 (44mm),New,253.05,258.17,256.002139793874,2.167860206126022,0.8397026014354967
2026-05-22,Amazon,Watch,Apple Watch Series 6 (44mm),New,252.59,261.06,256.1133791808106,4.946620819189377,1.8948214277136968
2026-05-29,Amazon,Watch,Apple Watch Series 6 (44mm),New,261.06,259.91999999999996,256.8747698120951,3.045230187904849,1.1716028731551438
2026-05-30,Amazon,Watch,Apple Watch Series 6 (44mm),New,253.36,254.81,256.7395901243967,1.929590124396725,0.7572662471632687
2026-06-06,Amazon,Watch,Apple Watch Series 6 (44mm),New,254.81,259.45,258.0249941684157,1.4250058315843148,0.5492410220020485
2026-06-11,Amazon,Watch,Apple Watch Series 6 (44mm),New,260.09,258.86,256.85804268900756,2.001957310992452,0.773374531017713
2026-06-13,Amazon,Watch,Apple Watch Series 6 (44mm),New,259.45,254.38,256.12311042159376,1.7431104215937694,0.6852387851221674
2026-06-17,Amazon,Watch,Apple Watch Series 6 (44mm),New,256.68,259.24,254.57790216003696,4.662097839963053,1.7983713315703798
2026-06-30,Amazon,Watch,Apple Watch Series 6 (44mm),New,258.68,258.59,252.95478325313422,5.635216746865751,2.179209074931649
2026-07-02,Amazon,Watch,Apple Watch Series 6 (44mm),New,252.65,256.63,229.76359271749175,26.86640728250825,10.468926969765128
2026-07-04,Amazon,Watch,Apple Watch Series 6 (44mm),New,257.32,210.64,218.26069254105892,7.620692541058929,3.617875304338649
2026-07-07,Amazon,Watch,Apple Watch Series 6 (44mm),New,258.59,212.52,224.03411750656824,11.514117506568226,5.417898318543302
2026-07-11,Amazon,Watch,Apple Watch Series 6 (44mm),New,210.64,199.18,245.2790531787649,46.099053178764905,23.144418706077367
2026-07-14,Amazon,Watch,Apple Watch Series 6 (44mm),New,212.52,261.85,253.74133973312405,8.108660266875972,3.0966814080106824
2026-07-18,Amazon,Watch,Apple Watch Series 6 (44mm),New,199.18,258.92,253.4867601949312,5.433239805068808,2.098424148412177
2026-05-10,Amazon,Watch,Apple Watch Series 6 (44mm),Renewed/Refurbished,190.66,214.86,194.45859751510932,20.401402484890696,9.495207337285066
2026-06-10,Amazon,Watch,Apple Watch Series 6 (44mm),Renewed/Refurbished,190.2,196.85,209.36582610542268,12.51582610542269,6.358052377659481
2026-06-30,Amazon,Watch,Apple Watch Series 6 (44mm),Renewed/Refurbished,191.12,189.49,188.6117841834839,0.8782158165161036,0.4634628827463737
2026-07-07,Amazon,Watch,Apple Watch Series 6 (44mm),Renewed/Refurbished,189.49,158.78,157.92666586179303,0.853334138206975,0.5374317534997953
2026-01-26,Amazon,Watch,Apple Watch Series 7 (45mm),New,260.29,259.39,259.85774865518226,0.4677486551822767,0.18032640239881134
2026-01-27,Amazon,Watch,Apple Watch Series 7 (45mm),New,260.5,252.72,258.0309753977526,5.310975397752628,2.1015255609973993
2026-01-28,Amazon,Watch,Apple Watch Series 7 (45mm),New,261.67,254.92,258.60660930173515,3.68660930173516,1.4461828423564884
2026-02-18,Amazon,Watch,Apple Watch Series 7 (45mm),New,258.3,260.79,258.08699607057554,2.703003929424483,1.0364676289062014
2026-02-20,Amazon,Watch,Apple Watch Series 7 (45mm),New,257.3,259.17,253.4186652899083,5.751334710091726,2.2191359764215477
2026-02-24,Amazon,Watch,Apple Watch Series 7 (45mm),New,255.75,256.88,258.931446685542,2.0514466855420324,0.7986011700179199
2026-02-25,Amazon,Watch,Apple Watch Series 7 (45mm),New,260.79,259.23,259.4915378037788,0.261537803778765,0.10089025335754541
2026-02-27,Amazon,Watch,Apple Watch Series 7 (45mm),New,259.17,261.82,260.1298421204732,1.6901578795267937,0.6455419293891963
2026-02-28,Amazon,Watch,Apple Watch Series 7 (45mm),New,258.11,260.34,254.99814338806232,5.341856611937658,2.051877011576269
2026-03-03,Amazon,Watch,Apple Watch Series 7 (45mm),New,256.88,257.82,253.17164320163317,4.6483567983668195,1.8029465512244276
2026-03-07,Amazon,Watch,Apple Watch Series 7 (45mm),New,260.34,255.25,257.34885650879494,2.0988565087949382,0.8222748320450297
2026-03-10,Amazon,Watch,Apple Watch Series 7 (45mm),New,257.82,255.84,256.73118278316304,0.8911827831630319,0.348335984663474
2026-03-14,Amazon,Watch,Apple Watch Series 7 (45mm),New,255.25,253.47,255.81721567101135,2.347215671011355,0.9260329313178504
2026-03-23,Amazon,Watch,Apple Watch Series 7 (45mm),New,258.96,255.17,255.81447252083126,0.6444725208312718,0.25256594459821763
2026-03-31,Amazon,Watch,Apple Watch Series 7 (45mm),New,259.51,257.43,255.79698606135582,1.6330139386441829,0.6343526157185188
2026-04-04,Amazon,Watch,Apple Watch Series 7 (45mm),New,254.61,260.5,256.86411477532477,3.635885224675235,1.3957332916219711
2026-04-08,Amazon,Watch,Apple Watch Series 7 (45mm),New,260.3,254.25,255.498721042115,1.248721042114994,0.491139052945917
2026-04-15,Amazon,Watch,Apple Watch Series 7 (45mm),New,254.25,260.48,257.49759529841333,2.982404701586688,1.1449649499334644
2026-04-22,Amazon,Watch,Apple Watch Series 7 (45mm),New,260.48,257.705,257.7209831653072,0.015983165307204672,0.006202116880621126
2026-05-03,Amazon,Watch,Apple Watch Series 7 (45mm),New,258.48,254.08499999999998,259.1650609570214,5.080060957021431,1.9993549233608559
2026-05-07,Amazon,Watch,Apple Watch Series 7 (45mm),New,260.8,258.48,258.1250558583181,0.35494414168192634,0.13731977007193064
2026-05-10,Amazon,Watch,Apple Watch Series 7 (45mm),New,254.08499999999998,253.07,257.9510773660826,4.881077366082593,1.928745946213535
2026-05-19,Amazon,Watch,Apple Watch Series 7 (45mm),New,255.08499999999998,258.64,260.05461782214866,1.4146178221486707,0.5469447193584406
2026-05-26,Amazon,Watch,Apple Watch Series 7 (45mm),New,258.64,252.29,255.98964526258465,3.699645262584653,1.466425646115444
2026-06-02,Amazon,Watch,Apple Watch Series 7 (45mm),New,252.29,261.92,257.2220418224382,4.697958177561816,1.793661491127755
2026-06-04,Amazon,Watch,Apple Watch Series 7 (45mm),New,257.025,254.0,256.9116855441082,2.9116855441081952,1.1463328913811792
2026-06-13,Amazon,Watch,Apple Watch Series 7 (45mm),New,260.15,254.1,255.99678889678466,1.8967888967846704,0.7464733950352895
2026-06-14,Amazon,Watch,Apple Watch Series 7 (45mm),New,256.16,259.73,256.64557420116273,3.0844257988372874,1.1875508408105675
2026-06-23,Amazon,Watch,Apple Watch Series 7 (45mm),New,252.3,260.3,258.31047706817515,1.9895229318248653,0.7643192208316808
2026-06-24,Amazon,Watch,Apple Watch Series 7 (45mm),New,259.98,253.9,257.1339731221958,3.233973122195806,1.2737192289073673
2026-07-04,Amazon,Watch,Apple Watch Series 7 (45mm),New,253.06,192.01,222.45431474290604,30.444314742906045,15.855588116715822
2026-07-13,Amazon,Watch,Apple Watch Series 7 (45mm),New,201.92,255.35,257.51070828969864,2.160708289698647,0.8461751672992547
2026-07-14,Amazon,Watch,Apple Watch Series 7 (45mm),New,220.36,261.84,259.20849882548316,2.6315011745168135,1.0050035038637388
2026-07-19,Amazon,Watch,Apple Watch Series 7 (45mm),New,257.95,256.135,255.52427369096142,0.6107263090385686,0.23843922503311482
2026-02-03,Amazon,Watch,Apple Watch Series 7 (45mm),Renewed/Refurbished,189.97,214.53,197.64335023983938,16.886649760160623,7.871463086822645
2026-05-25,Amazon,Watch,Apple Watch Series 7 (45mm),Renewed/Refurbished,219.76,188.69,201.2811436663727,12.591143666372716,6.672925786407714
2026-06-02,Amazon,Watch,Apple Watch Series 7 (45mm),Renewed/Refurbished,194.19,182.79,205.0667107324872,22.276710732487203,12.187051114660104
2026-06-19,Amazon,Watch,Apple Watch Series 7 (45mm),Renewed/Refurbished,218.54,194.99,215.72015882513244,20.730158825132435,10.63139587934378
2026-07-15,Amazon,Watch,Apple Watch Series 7 (45mm),Renewed/Refurbished,153.29,180.7,171.81686628342663,8.883133716573354,4.915956677683096
2026-01-26,Amazon,Watch,Apple Watch Series 8 (45mm),New,253.23,260.62,257.0417294138764,3.578270586123608,1.3729838792585405
2026-02-05,Amazon,Watch,Apple Watch Series 8 (45mm),New,258.145,257.845,258.15102249706706,0.30602249706703333,0.11868467376409599
2026-02-07,Amazon,Watch,Apple Watch Series 8 (45mm),New,255.93,253.67,256.14662306926334,2.476623069263354,0.9763168956768061
2026-02-11,Amazon,Watch,Apple Watch Series 8 (45mm),New,255.94,256.645,256.4023096320831,0.24269036791690723,0.09456267136196195
2026-02-12,Amazon,Watch,Apple Watch Series 8 (45mm),New,257.845,255.78,258.57347487094376,2.7934748709437542,1.0921396789990439
2026-02-19,Amazon,Watch,Apple Watch Series 8 (45mm),New,255.78,255.56,258.1390055648674,2.579005564867373,1.0091585400169718
2026-03-03,Amazon,Watch,Apple Watch Series 8 (45mm),New,258.45,262.3,259.2081191836237,3.0918808163763174,1.1787574595411046
2026-03-10,Amazon,Watch,Apple Watch Series 8 (45mm),New,262.3,256.09,256.1503556327524,0.06035563275241884,0.02356813337202501
2026-03-21,Amazon,Watch,Apple Watch Series 8 (45mm),New,255.73,255.6,258.0108733279259,2.4108733279258843,0.9432211768098139
2026-03-23,Amazon,Watch,Apple Watch Series 8 (45mm),New,257.2,253.24,252.52039833054937,0.7196016694506397,0.28415798035485695
2026-03-25,Amazon,Watch,Apple Watch Series 8 (45mm),New,254.02,262.32,254.07065107133496,8.249348928665029,3.1447655263285412
2026-03-27,Amazon,Watch,Apple Watch Series 8 (45mm),New,259.56,258.65,259.67148918747796,1.0214891874779823,0.39493106030465197
2026-03-28,Amazon,Watch,Apple Watch Series 8 (45mm),New,255.6,261.14,256.89967864908624,4.240321350913746,1.6237732062930788
2026-03-30,Amazon,Watch,Apple Watch Series 8 (45mm),New,253.24,254.24,256.94057788739906,2.7005778873990494,1.0622159720732574
2026-03-31,Amazon,Watch,Apple Watch Series 8 (45mm),New,259.905,255.47,258.6958619240062,3.225861924006182,1.2627165318848326
2026-04-04,Amazon,Watch,Apple Watch Series 8 (45mm),New,261.14,255.53,256.65226065739387,1.1222606573938663,0.4391893935717396
2026-04-16,Amazon,Watch,Apple Watch Series 8 (45mm),New,254.41,258.46,255.91668043573372,2.5433195642662554,0.9840283077715142
2026-04-22,Amazon,Watch,Apple Watch Series 8 (45mm),New,254.21,254.265,256.092235266432,1.8272352664320124,0.7186342070013617
2026-04-24,Amazon,Watch,Apple Watch Series 8 (45mm),New,256.71500000000003,258.55,255.2687989682206,3.2812010317794034,1.2690779469268627
2026-04-29,Amazon,Watch,Apple Watch Series 8 (45mm),New,254.265,254.75,257.1647893567199,2.4147893567198935,0.9479055374759151
2026-05-05,Amazon,Watch,Apple Watch Series 8 (45mm),New,259.975,257.935,258.0251448302446,0.09014483024458286,0.03494866157930598
2026-05-06,Amazon,Watch,Apple Watch Series 8 (45mm),New,254.75,256.55,257.82695641717396,1.276956417173949,0.4977417334531081
2026-05-07,Amazon,Watch,Apple Watch Series 8 (45mm),New,253.26,253.5,256.48928117602986,2.9892811760298628,1.179203619735646
2026-05-12,Amazon,Watch,Apple Watch Series 8 (45mm),New,257.935,255.97,260.26660900920297,4.296609009202967,1.6785596004230838
2026-05-13,Amazon,Watch,Apple Watch Series 8 (45mm),New,256.55,255.26,256.7634129320362,1.5034129320362126,0.5889731771668937
2026-05-15,Amazon,Watch,Apple Watch Series 8 (45mm),New,255.33,256.25,255.73607103052348,0.5139289694765239,0.20055764662498493
2026-05-24,Amazon,Watch,Apple Watch Series 8 (45mm),New,255.05,262.4,255.3312212391354,7.068778760864575,2.693894344841683
2026-06-03,Amazon,Watch,Apple Watch Series 8 (45mm),New,261.71,259.44,257.9140559776898,1.5259440223101706,0.5881683712265536
2026-06-13,Amazon,Watch,Apple Watch Series 8 (45mm),New,259.975,259.68,256.05231461160315,3.6276853883968556,1.3969829745828926
2026-07-07,Amazon,Watch,Apple Watch Series 8 (45mm),New,253.82,199.62,227.63231113139318,28.012311131393176,14.032817919744101
2026-07-14,Amazon,Watch,Apple Watch Series 8 (45mm),New,199.62,261.245,222.24675329835668,38.998246701643325,14.92784424645192
2026-07-21,Amazon,Watch,Apple Watch Series 8 (45mm),New,261.245,256.275,253.90935473031368,2.365645269686297,0.9230885844059301
2026-07-22,Amazon,Watch,Apple Watch Series 8 (45mm),New,258.0,254.28,254.4523349980784,0.17233499807841213,0.0677737132603477
2026-07-23,Amazon,Watch,Apple Watch Series 8 (45mm),New,258.66999999999996,256.99,252.62502289421093,4.36497710578908,1.6985007610370366
2026-01-30,Amazon,Watch,Apple Watch Series 8 (45mm),Renewed/Refurbished,181.78,215.16,194.1253894268981,21.0346105731019,9.776264441858107
2026-03-04,Amazon,Watch,Apple Watch Series 8 (45mm),Renewed/Refurbished,186.3,215.89,201.6196054995405,14.270394500459474,6.610030339737587
2026-03-10,Amazon,Watch,Apple Watch Series 8 (45mm),Renewed/Refurbished,217.52,213.65,209.5664734468818,4.083526553118219,1.911315962142859
2026-03-13,Amazon,Watch,Apple Watch Series 8 (45mm),Renewed/Refurbished,205.18,191.35,210.29754028936054,18.947540289360546,9.90203307518189
2026-03-30,Amazon,Watch,Apple Watch Series 8 (45mm),Renewed/Refurbished,192.16,211.45,184.8114022893419,26.638597710658075,12.598059924643215
2026-04-11,Amazon,Watch,Apple Watch Series 8 (45mm),Renewed/Refurbished,189.68,186.95499999999998,189.7394186080411,2.7844186080411077,1.4893523083314744
2026-04-18,Amazon,Watch,Apple Watch Series 8 (45mm),Renewed/Refurbished,186.95499999999998,184.3,203.52231044095595,19.222310440955937,10.429902572412336
2026-06-15,Amazon,Watch,Apple Watch Series 8 (45mm),Renewed/Refurbished,184.01,211.35,198.80763067414534,12.54236932585465,5.934407062150296
2026-07-15,Amazon,Watch,Apple Watch Series 8 (45mm),Renewed/Refurbished,165.8,190.37,187.84493629659835,2.5250637034016563,1.3263979111213198
2026-01-26,Amazon,Watch,Apple Watch Series 9 (45mm),New,258.65,256.02,256.49399578365103,0.47399578365104844,0.18514013891533804
2026-01-29,Amazon,Watch,Apple Watch Series 9 (45mm),New,256.42,254.64,254.99650976691328,0.35650976691329106,0.14000540642212186
2026-02-02,Amazon,Watch,Apple Watch Series 9 (45mm),New,256.02,256.3,256.6819765943295,0.38197659432950104,0.14903495681993797
2026-02-05,Amazon,Watch,Apple Watch Series 9 (45mm),New,254.64,253.75,259.6247863146024,5.874786314602375,2.3151867249664533
2026-02-08,Amazon,Watch,Apple Watch Series 9 (45mm),New,257.34,253.0,251.60382210774242,1.3961778922575832,0.551848969271772
2026-02-09,Amazon,Watch,Apple Watch Series 9 (45mm),New,256.3,258.59,256.545422449724,2.04457755027596,0.7906638115456747
2026-02-10,Amazon,Watch,Apple Watch Series 9 (45mm),New,258.5,252.98,259.6686047348004,6.688604734800407,2.643926292513403
2026-02-15,Amazon,Watch,Apple Watch Series 9 (45mm),New,253.0,261.35,257.6098218612226,3.7401781387774236,1.4310993452372003
2026-02-16,Amazon,Watch,Apple Watch Series 9 (45mm),New,258.59,261.84,255.88521680441613,5.954783195583843,2.2742068421875357
2026-02-17,Amazon,Watch,Apple Watch Series 9 (45mm),New,252.98,258.36,257.37204825808715,0.987951741912866,0.3823934594801308
2026-02-18,Amazon,Watch,Apple Watch Series 9 (45mm),New,257.32,259.27,252.16807237801765,7.101927621982327,2.73920145870418
2026-02-22,Amazon,Watch,Apple Watch Series 9 (45mm),New,261.35,255.85,257.8199814670678,1.9699814670678109,0.769975167898304
2026-02-24,Amazon,Watch,Apple Watch Series 9 (45mm),New,258.36,258.59,258.0396344103701,0.5503655896298483,0.21283328420660053
2026-03-01,Amazon,Watch,Apple Watch Series 9 (45mm),New,255.85,259.09,256.9064079168778,2.1835920831221642,0.842792883987095
2026-03-03,Amazon,Watch,Apple Watch Series 9 (45mm),New,258.59,256.08,256.44195760257026,0.3619576025702713,0.14134551802962797
2026-03-07,Amazon,Watch,Apple Watch Series 9 (45mm),New,253.63,254.05,257.78914991642296,3.739149916422946,1.4718165386431592
2026-03-09,Amazon,Watch,Apple Watch Series 9 (45mm),New,254.88,254.62,257.0142114973444,2.394211497344372,0.9403077124123683
2026-03-10,Amazon,Watch,Apple Watch Series 9 (45mm),New,256.08,258.05,257.3510230723331,0.6989769276669335,0.2708687958407028
2026-03-13,Amazon,Watch,Apple Watch Series 9 (45mm),New,258.81,260.81,259.59663859927457,1.2133614007254323,0.46522809736031295
2026-03-16,Amazon,Watch,Apple Watch Series 9 (45mm),New,254.62,255.85,258.4611352965568,2.611135296556796,1.0205727170438914
2026-03-17,Amazon,Watch,Apple Watch Series 9 (45mm),New,258.05,261.69000000000005,258.33154274347,3.358457256530073,1.283372408777589
2026-03-19,Amazon,Watch,Apple Watch Series 9 (45mm),New,252.35,260.82,256.6731108365432,4.1468891634568195,1.5899429351494594
2026-03-22,Amazon,Watch,Apple Watch Series 9 (45mm),New,259.96,258.79,256.9069722577034,1.8830277422966333,0.7276277067493463
2026-03-23,Amazon,Watch,Apple Watch Series 9 (45mm),New,255.85,257.24,258.18513610654225,0.9451361065422361,0.367414129428641
2026-03-25,Amazon,Watch,Apple Watch Series 9 (45mm),New,257.535,257.42,254.7361761964961,2.6838238035039126,1.0425855813471807
2026-03-26,Amazon,Watch,Apple Watch Series 9 (45mm),New,260.82,253.82,256.65654270590574,2.8365427059057424,1.1175410550412666
2026-03-28,Amazon,Watch,Apple Watch Series 9 (45mm),New,252.41,253.13,256.20911079692814,3.0791107969281484,1.2164148054075568
2026-03-29,Amazon,Watch,Apple Watch Series 9 (45mm),New,258.79,257.52,258.4693791303157,0.9493791303157195,0.368662290430149
2026-04-01,Amazon,Watch,Apple Watch Series 9 (45mm),New,257.42,257.225,255.2063538404267,2.0186461595733363,0.7847783689662109
2026-04-07,Amazon,Watch,Apple Watch Series 9 (45mm),New,256.06,257.21000000000004,257.1811699841851,0.02883001581494682,0.011208746088778358
2026-04-14,Amazon,Watch,Apple Watch Series 9 (45mm),New,257.21000000000004,257.6,255.69428899473996,1.9057110052600592,0.7397946448990912
2026-04-22,Amazon,Watch,Apple Watch Series 9 (45mm),New,259.49,261.2,256.28447461575706,4.915525384242926,1.8819009893732488
2026-04-26,Amazon,Watch,Apple Watch Series 9 (45mm),New,259.17,258.5,256.5973075854861,1.902692414513922,0.7360512241833354
2026-04-27,Amazon,Watch,Apple Watch Series 9 (45mm),New,254.88,256.99,256.7024751289207,0.287524871079313,0.11188173511783066
2026-04-30,Amazon,Watch,Apple Watch Series 9 (45mm),New,258.58,257.92499999999995,257.1081112863219,0.816888713678054,0.31671560092199447
2026-05-01,Amazon,Watch,Apple Watch Series 9 (45mm),New,254.11,259.57,255.67296633941567,3.897033660584327,1.5013420890643476
2026-05-04,Amazon,Watch,Apple Watch Series 9 (45mm),New,256.99,260.2,257.3878297181702,2.812170281829765,1.080772591018357
2026-05-07,Amazon,Watch,Apple Watch Series 9 (45mm),New,257.92499999999995,259.54,257.7232829261185,1.8167170738815344,0.6999757547513039
2026-05-11,Amazon,Watch,Apple Watch Series 9 (45mm),New,260.2,260.81,262.09820553598945,1.288205535989448,0.49392490164849817
2026-05-18,Amazon,Watch,Apple Watch Series 9 (45mm),New,260.81,260.16,260.8381453821264,0.6781453821263881,0.2606647379022094
2026-05-19,Amazon,Watch,Apple Watch Series 9 (45mm),New,260.0,258.29999999999995,260.28717221474324,1.987172214743282,0.7693272221228348
2026-05-20,Amazon,Watch,Apple Watch Series 9 (45mm),New,254.39,257.975,260.32685904489654,2.351859044896514,0.9116616125192418
2026-05-22,Amazon,Watch,Apple Watch Series 9 (45mm),New,255.06,256.63,259.1024808782714,2.4724808782714263,0.9634418728408317
2026-05-25,Amazon,Watch,Apple Watch Series 9 (45mm),New,260.16,262.07,257.9390884434308,4.130911556569174,1.5762626613382587
2026-05-26,Amazon,Watch,Apple Watch Series 9 (45mm),New,258.29999999999995,259.84,261.0039703546581,1.1639703546581472,0.44795657122003824
2026-05-27,Amazon,Watch,Apple Watch Series 9 (45mm),New,257.975,256.18,262.4167352894125,6.236735289412479,2.4345129555049105
2026-05-29,Amazon,Watch,Apple Watch Series 9 (45mm),New,256.63,261.05,256.86178471826383,4.188215281736177,1.6043728334557275
2026-05-31,Amazon,Watch,Apple Watch Series 9 (45mm),New,254.71,253.1,258.1406951046482,5.040695104648222,1.9915824198531102
2026-06-01,Amazon,Watch,Apple Watch Series 9 (45mm),New,262.07,254.155,256.2075051398947,2.0525051398946914,0.8075800751095557
2026-06-03,Amazon,Watch,Apple Watch Series 9 (45mm),New,256.18,256.8,258.4335426268225,1.633542626822475,0.6361147300710572
2026-06-06,Amazon,Watch,Apple Watch Series 9 (45mm),New,260.72,255.38,257.82659605069455,2.446596050694552,0.958021791328433
2026-06-07,Amazon,Watch,Apple Watch Series 9 (45mm),New,253.1,254.68,258.2876142940187,3.607614294018674,1.4165283076875586
2026-06-08,Amazon,Watch,Apple Watch Series 9 (45mm),New,254.155,260.39,259.7671331256481,0.622866874351871,0.23920537438145514
2026-06-10,Amazon,Watch,Apple Watch Series 9 (45mm),New,256.8,261.34,259.71292330904294,1.6270766909570398,0.6225899942439121
2026-06-13,Amazon,Watch,Apple Watch Series 9 (45mm),New,255.38,257.195,257.02130060641036,0.17369939358962938,0.06753606935968016
2026-06-14,Amazon,Watch,Apple Watch Series 9 (45mm),New,254.68,262.1,255.6196820879302,6.480317912069836,2.4724600961731533
2026-06-17,Amazon,Watch,Apple Watch Series 9 (45mm),New,261.34,260.45,257.80832883869743,2.641671161302554,1.0142718991370914
2026-06-21,Amazon,Watch,Apple Watch Series 9 (45mm),New,262.1,259.85,256.51092356704453,3.339076432955494,1.285001513548391
2026-06-23,Amazon,Watch,Apple Watch Series 9 (45mm),New,252.89,258.21,257.514157183276,0.6958428167239958,0.26948716808953793
2026-06-28,Amazon,Watch,Apple Watch Series 9 (45mm),New,259.85,257.35,258.48592007611455,1.1359200761145303,0.4413911311888596
2026-07-03,Amazon,Watch,Apple Watch Series 9 (45mm),New,258.7,211.19,224.66846812509436,13.478468125094366,6.38215262327495
2026-07-05,Amazon,Watch,Apple Watch Series 9 (45mm),New,257.35,193.81,223.14012354966553,29.33012354966553,15.133441798496222
2026-07-06,Amazon,Watch,Apple Watch Series 9 (45mm),New,259.78,207.08,223.18082181472153,16.100821814721513,7.775169893143477
2026-07-10,Amazon,Watch,Apple Watch Series 9 (45mm),New,211.19,211.48,231.7785463888025,20.29854638880252,9.598329103840799
2026-07-13,Amazon,Watch,Apple Watch Series 9 (45mm),New,207.08,258.73,262.20174718328485,3.4717471832848332,1.341841759086628
2026-07-22,Amazon,Watch,Apple Watch Series 9 (45mm),New,257.99,261.39,255.81601178855635,5.573988211443634,2.1324412607382204
2026-01-26,Amazon,Watch,Apple Watch Series 9 (45mm),Renewed/Refurbished,182.79,205.87,186.58331431934926,19.28668568065075,9.368380862024942
2026-04-02,Amazon,Watch,Apple Watch Series 9 (45mm),Renewed/Refurbished,211.17,184.68,202.99258937402965,18.312589374029642,9.915848697222028
2026-04-14,Amazon,Watch,Apple Watch Series 9 (45mm),Renewed/Refurbished,194.35,204.92,196.34927077994723,8.570729220052755,4.182475707618952
2026-05-10,Amazon,Watch,Apple Watch Series 9 (45mm),Renewed/Refurbished,200.26,189.51,199.9867663396293,10.476766339629307,5.52834485759554
2026-05-23,Amazon,Watch,Apple Watch Series 9 (45mm),Renewed/Refurbished,213.83,190.55,194.27465540756464,3.724655407564626,1.9546866478953688
2026-06-07,Amazon,Watch,Apple Watch Series 9 (45mm),Renewed/Refurbished,181.24,186.7,189.14911788927884,2.4491178892788525,1.3117931919008317
2026-06-20,Amazon,Watch,Apple Watch Series 9 (45mm),Renewed/Refurbished,201.29,207.67,217.48966380623563,9.819663806235639,4.7284941523742665
2026-07-05,Amazon,Watch,Apple Watch Series 9 (45mm),Renewed/Refurbished,211.55,155.55,156.8368533040492,1.2868533040492025,0.8272923844739327
2026-07-14,Amazon,Watch,Apple Watch Series 9 (45mm),Renewed/Refurbished,145.04,182.58,190.18100667617557,7.601006676175558,4.163110239990994
2026-07-21,Amazon,Watch,Apple Watch Series 9 (45mm),Renewed/Refurbished,182.58,203.935,203.89568870565768,0.039311294342326164,0.01927638430986646
2026-01-25,Amazon,Watch,Apple Watch Series X (45mm),New,325.71,334.12,326.6951960050016,7.424803994998399,2.222196814018436
2026-01-26,Amazon,Watch,Apple Watch Series X (45mm),New,334.67,326.06,328.28753951225895,2.227539512258943,0.6831685923630445
2026-01-27,Amazon,Watch,Apple Watch Series X (45mm),New,328.23,328.22,327.40230145688986,0.8176985431101684,0.24913123609474389
2026-01-30,Amazon,Watch,Apple Watch Series X (45mm),New,334.63,323.94,326.8251751262764,2.8851751262764083,0.8906510854715097
2026-01-31,Amazon,Watch,Apple Watch Series X (45mm),New,331.41999999999996,327.43,328.0122231222255,0.5822231222255141,0.17781605907385215
2026-02-02,Amazon,Watch,Apple Watch Series X (45mm),New,326.06,330.36,332.6911418237217,2.33114182372168,0.7056368276188641
2026-02-05,Amazon,Watch,Apple Watch Series X (45mm),New,323.81,326.92,328.8700585425439,1.9500585425438999,0.5964941094285757
2026-02-07,Amazon,Watch,Apple Watch Series X (45mm),New,327.43,327.86,336.84006377806577,8.980063778065755,2.738993405131994
2026-02-09,Amazon,Watch,Apple Watch Series X (45mm),New,330.36,331.12,328.00612085742205,3.1138791425779573,0.9404080522402625
2026-02-12,Amazon,Watch,Apple Watch Series X (45mm),New,326.92,325.77,330.7925252665314,5.0225252665314315,1.5417396526787095
2026-02-14,Amazon,Watch,Apple Watch Series X (45mm),New,327.86,325.93,328.49273775940577,2.5627377594057634,0.7862847112587867
2026-02-15,Amazon,Watch,Apple Watch Series X (45mm),New,333.07,327.69,330.0880592101224,2.398059210122426,0.7318072599476414
2026-02-16,Amazon,Watch,Apple Watch Series X (45mm),New,331.12,332.51,327.9824242245066,4.527575775493403,1.3616359735025725
2026-02-18,Amazon,Watch,Apple Watch Series X (45mm),New,328.15,333.8,332.5957672578274,1.2042327421726213,0.3607647519989878
2026-02-19,Amazon,Watch,Apple Watch Series X (45mm),New,325.77,331.69,331.28303867207967,0.40696132792032813,0.12269327622790199
2026-02-22,Amazon,Watch,Apple Watch Series X (45mm),New,327.69,325.865,333.9133721012165,8.0483721012165,2.469848587978611
2026-02-25,Amazon,Watch,Apple Watch Series X (45mm),New,333.8,326.42,328.39393078618,1.9739307861800057,0.6047211525580558
2026-02-26,Amazon,Watch,Apple Watch Series X (45mm),New,331.69,327.35,328.5886101174398,1.238610117439805,0.3783748640414861
2026-03-01,Amazon,Watch,Apple Watch Series X (45mm),New,325.865,325.62,331.39895796623586,5.778957966235851,1.774755225795667
2026-03-05,Amazon,Watch,Apple Watch Series X (45mm),New,327.35,330.005,328.07187073525836,1.9331292647416376,0.5857878713175976
2026-03-06,Amazon,Watch,Apple Watch Series X (45mm),New,334.81,328.56,331.44876497969864,2.888764979698635,0.8792199232099571
2026-03-08,Amazon,Watch,Apple Watch Series X (45mm),New,325.62,328.8,330.0293147268763,1.2293147268762823,0.3738791748407184
2026-03-09,Amazon,Watch,Apple Watch Series X (45mm),New,325.86,330.71,327.9412826266369,2.7687173733630743,0.8372040075483277
2026-03-10,Amazon,Watch,Apple Watch Series X (45mm),New,334.2,323.18,327.39157182123176,4.211571821231757,1.3031659821869415
2026-03-12,Amazon,Watch,Apple Watch Series X (45mm),New,330.005,332.51,330.94921490842813,1.5607850915718586,0.4693949329559588
2026-03-13,Amazon,Watch,Apple Watch Series X (45mm),New,328.56,326.13,330.3675297175508,4.237529717550785,1.2993376008189328
2026-03-14,Amazon,Watch,Apple Watch Series X (45mm),New,328.04,329.36,329.85627948368415,0.496279483684134,0.15067995011055804
2026-03-15,Amazon,Watch,Apple Watch Series X (45mm),New,328.8,333.88,334.8327149665796,0.952714966579606,0.28534652167832936
2026-03-16,Amazon,Watch,Apple Watch Series X (45mm),New,330.71,331.37,326.60524348817165,4.764756511828352,1.437896161942346
2026-03-17,Amazon,Watch,Apple Watch Series X (45mm),New,323.18,333.13,331.46242619751314,1.6675738024868565,0.5005774930167972
2026-03-19,Amazon,Watch,Apple Watch Series X (45mm),New,332.51,333.18,327.3977358050594,5.782264194940581,1.7354775781681315
2026-03-20,Amazon,Watch,Apple Watch Series X (45mm),New,326.13,328.635,328.16021585630244,0.47478414369754773,0.14447156988681903
2026-03-21,Amazon,Watch,Apple Watch Series X (45mm),New,329.36,322.58,329.86278663502577,7.282786635025786,2.2576683721947384
2026-03-22,Amazon,Watch,Apple Watch Series X (45mm),New,333.88,333.22,332.5887774575697,0.6312225424303506,0.18943116932667622
2026-03-26,Amazon,Watch,Apple Watch Series X (45mm),New,333.18,325.83,331.6621506518072,5.83215065180724,1.7899366699835007
2026-03-28,Amazon,Watch,Apple Watch Series X (45mm),New,322.58,334.18,329.11267729899,5.067322701010028,1.5163452932581325
2026-04-01,Amazon,Watch,Apple Watch Series X (45mm),New,334.76,323.36,331.57290955091327,8.212909550913253,2.539865645383861
2026-04-02,Amazon,Watch,Apple Watch Series X (45mm),New,325.83,324.87,327.45198228646734,2.581982286467337,0.7947739977428931
2026-04-04,Amazon,Watch,Apple Watch Series X (45mm),New,334.18,326.705,325.46856889733203,1.2364311026679502,0.3784549066184938
2026-04-06,Amazon,Watch,Apple Watch Series X (45mm),New,331.31,334.53999999999996,326.4385439352042,8.101456064795741,2.421670372689586
2026-04-07,Amazon,Watch,Apple Watch Series X (45mm),New,328.485,332.6,333.3195610710311,0.7195610710310802,0.2163442787225136
2026-04-08,Amazon,Watch,Apple Watch Series X (45mm),New,323.36,325.85,327.950126280959,2.100126280958989,0.6445070679634767
2026-04-09,Amazon,Watch,Apple Watch Series X (45mm),New,324.87,328.025,326.4713321489415,1.553667851058492,0.4736431220359705
2026-04-10,Amazon,Watch,Apple Watch Series X (45mm),New,332.255,331.81,331.9717050562633,0.16170505626331533,0.0487342323207002
2026-04-11,Amazon,Watch,Apple Watch Series X (45mm),New,326.705,330.935,331.7401858036114,0.8051858036113799,0.2433063301286899
2026-04-13,Amazon,Watch,Apple Watch Series X (45mm),New,334.53999999999996,322.61,330.8894436844065,8.279443684406488,2.5663940003119827
2026-04-14,Amazon,Watch,Apple Watch Series X (45mm),New,332.6,323.315,332.6254970150669,9.310497015066915,2.8796984411694213
2026-04-15,Amazon,Watch,Apple Watch Series X (45mm),New,325.85,324.19,327.6050045140438,3.415004514043801,1.0533960066762704
2026-04-17,Amazon,Watch,Apple Watch Series X (45mm),New,331.81,330.62,332.15933286380243,1.5393328638024286,0.4655897597853816
2026-04-18,Amazon,Watch,Apple Watch Series X (45mm),New,330.935,327.135,326.5307740540603,0.6042259459396746,0.18470232348714585
2026-04-20,Amazon,Watch,Apple Watch Series X (45mm),New,322.61,330.55,329.6448777510446,0.905122248955422,0.27382309755117895
2026-04-24,Amazon,Watch,Apple Watch Series X (45mm),New,330.62,334.62,325.6808472285263,8.939152771473687,2.671434095832194
2026-04-25,Amazon,Watch,Apple Watch Series X (45mm),New,327.135,331.81,344.8393605686184,13.029360568618415,3.9267534337778893
2026-04-26,Amazon,Watch,Apple Watch Series X (45mm),New,328.42,331.53,330.8338336312488,0.6961663687511646,0.209985934531163
2026-04-27,Amazon,Watch,Apple Watch Series X (45mm),New,330.55,327.975,326.174306420881,1.800693579119013,0.5490337919411581
2026-05-01,Amazon,Watch,Apple Watch Series X (45mm),New,334.62,329.02,326.5142051452097,2.505794854790281,0.761593476016741
2026-05-02,Amazon,Watch,Apple Watch Series X (45mm),New,331.81,332.61,328.136129127633,4.4738708723670015,1.345080085495626
2026-05-03,Amazon,Watch,Apple Watch Series X (45mm),New,331.53,326.165,323.4797634590046,2.6852365409954473,0.823275501968466
2026-05-05,Amazon,Watch,Apple Watch Series X (45mm),New,323.56,326.89,327.65283218204604,0.7628321820460542,0.233360513336613
2026-05-07,Amazon,Watch,Apple Watch Series X (45mm),New,328.35,324.25,330.0842239442379,5.83422394423792,1.7992980552776932
2026-05-08,Amazon,Watch,Apple Watch Series X (45mm),New,329.02,328.54,333.94583794749957,5.405837947499549,1.6454124147743192
2026-05-09,Amazon,Watch,Apple Watch Series X (45mm),New,332.61,331.33,327.04030209526076,4.289697904739228,1.294690461092937
2026-05-10,Amazon,Watch,Apple Watch Series X (45mm),New,326.165,326.6,328.3295264973343,1.729526497334291,0.5295549593797584
2026-05-12,Amazon,Watch,Apple Watch Series X (45mm),New,326.89,330.81,328.3894255858348,2.4205744141652303,0.7317113793915632
2026-05-14,Amazon,Watch,Apple Watch Series X (45mm),New,324.25,332.91499999999996,325.53946784414165,7.375532155858309,2.2154400239875973
2026-05-15,Amazon,Watch,Apple Watch Series X (45mm),New,328.54,331.74,329.84082587663033,1.8991741233696757,0.5724887331553854
2026-05-17,Amazon,Watch,Apple Watch Series X (45mm),New,326.6,327.78,329.99109493259584,2.21109493259587,0.6745667620342516
2026-05-18,Amazon,Watch,Apple Watch Series X (45mm),New,326.55,334.7,330.2808482736854,4.419151726314567,1.3203321560545465
2026-05-19,Amazon,Watch,Apple Watch Series X (45mm),New,330.81,330.49,324.23770894602103,6.252291053978979,1.8918245798598985
2026-05-21,Amazon,Watch,Apple Watch Series X (45mm),New,332.91499999999996,334.71,325.4062099861516,9.303790013848356,2.779657020659185
2026-05-24,Amazon,Watch,Apple Watch Series X (45mm),New,327.78,326.805,327.1250782301975,0.3200782301975096,0.09794165639984381
2026-05-28,Amazon,Watch,Apple Watch Series X (45mm),New,334.71,330.8,331.05278517053665,0.2527851705366402,0.07641631515617901
2026-05-30,Amazon,Watch,Apple Watch Series X (45mm),New,329.95,331.3,331.3354921291707,0.035492129170677345,0.0107129879778682
2026-05-31,Amazon,Watch,Apple Watch Series X (45mm),New,326.805,330.57,329.5449428634232,1.0250571365767769,0.3100877685745158
2026-06-03,Amazon,Watch,Apple Watch Series X (45mm),New,330.055,334.44,327.8450638426083,6.5949361573917145,1.9719340262503633
2026-06-04,Amazon,Watch,Apple Watch Series X (45mm),New,330.8,326.865,329.0560552382605,2.1910552382605033,0.6703242128280799
2026-06-05,Amazon,Watch,Apple Watch Series X (45mm),New,333.23,325.52,334.8819416985285,9.36194169852854,2.8759958523373497
2026-06-07,Amazon,Watch,Apple Watch Series X (45mm),New,330.57,325.37,334.0975618186038,8.727561818603817,2.6823498843174898
2026-06-08,Amazon,Watch,Apple Watch Series X (45mm),New,323.9,323.37,327.72102257227937,4.351022572279362,1.345524498957653
2026-06-09,Amazon,Watch,Apple Watch Series X (45mm),New,324.14,326.5,323.7403760536993,2.759623946300678,0.8452140723738677
2026-06-10,Amazon,Watch,Apple Watch Series X (45mm),New,334.44,322.6,323.1418972962379,0.5418972962378916,0.16797808314875745
2026-06-11,Amazon,Watch,Apple Watch Series X (45mm),New,326.865,323.78,329.44448382732355,5.664483827323579,1.7494853997540243
2026-06-12,Amazon,Watch,Apple Watch Series X (45mm),New,325.52,328.28,329.1825897311546,0.9025897311546487,0.2749450868632414
2026-06-14,Amazon,Watch,Apple Watch Series X (45mm),New,325.37,334.29499999999996,321.90252608784675,12.392473912153207,3.707047342064108
2026-06-15,Amazon,Watch,Apple Watch Series X (45mm),New,323.37,329.12,327.54504210482645,1.5749578951735543,0.47853606440616014
2026-06-16,Amazon,Watch,Apple Watch Series X (45mm),New,326.5,326.525,329.5216327887536,2.9966327887536295,0.917734565118637
2026-06-17,Amazon,Watch,Apple Watch Series X (45mm),New,322.6,333.24,326.4761554665442,6.763844533455824,2.0297216821077373
2026-06-18,Amazon,Watch,Apple Watch Series X (45mm),New,323.78,323.78,324.28247278652185,0.5024727865218779,0.15518956900422445
2026-06-19,Amazon,Watch,Apple Watch Series X (45mm),New,328.28,327.8,324.03924384610076,3.7607561538992513,1.1472715539656044
2026-06-21,Amazon,Watch,Apple Watch Series X (45mm),New,334.29499999999996,328.46,329.2610909886364,0.8010909886364175,0.24389301243269124
2026-06-22,Amazon,Watch,Apple Watch Series X (45mm),New,329.12,322.71,324.8941840218804,2.1841840218804123,0.6768256397014075
2026-06-23,Amazon,Watch,Apple Watch Series X (45mm),New,326.525,332.995,327.55503305520597,5.439966944794037,1.6336482363981553
2026-06-26,Amazon,Watch,Apple Watch Series X (45mm),New,327.8,326.86,329.9321581628296,3.0721581628295667,0.9399003129258907
2026-06-28,Amazon,Watch,Apple Watch Series X (45mm),New,328.46,325.09000000000003,326.7590040554367,1.6690040554366874,0.513397537739299
2026-06-29,Amazon,Watch,Apple Watch Series X (45mm),New,322.71,325.27,320.8771745019446,4.392825498055402,1.3505166471102166
2026-06-30,Amazon,Watch,Apple Watch Series X (45mm),New,332.995,332.08,323.7146726921557,8.365327307844268,2.5190698951590784
2026-07-05,Amazon,Watch,Apple Watch Series X (45mm),New,325.09000000000003,259.435,288.72997072965603,29.29497072965603,11.29183445936594
2026-07-06,Amazon,Watch,Apple Watch Series X (45mm),New,325.27,266.19,290.7285629854162,24.538562985416206,9.21843907938548
2026-07-07,Amazon,Watch,Apple Watch Series X (45mm),New,332.08,254.55,293.366571638912,38.81657163891197,15.249095124302482
2026-07-13,Amazon,Watch,Apple Watch Series X (45mm),New,266.19,331.38,303.90396870064865,27.476031299351348,8.291396976085263
2026-07-14,Amazon,Watch,Apple Watch Series X (45mm),New,254.55,333.14,290.4049053739324,42.735094626067564,12.827968609613846
2026-07-15,Amazon,Watch,Apple Watch Series X (45mm),New,271.43,328.7,301.5958849861649,27.1041150138351,8.245851844793155
2026-07-18,Amazon,Watch,Apple Watch Series X (45mm),New,255.85,329.0,300.6422661838005,28.357733816199527,8.61937198060776
2026-07-20,Amazon,Watch,Apple Watch Series X (45mm),New,331.38,326.54,320.1338407307259,6.406159269274099,1.9618298736063264
2026-07-21,Amazon,Watch,Apple Watch Series X (45mm),New,333.14,325.76,330.2942798270645,4.534279827064495,1.391908100154867
2026-07-22,Amazon,Watch,Apple Watch Series X (45mm),New,328.7,328.64,338.1387724130503,9.49877241305029,2.890327535616568
2026-07-23,Amazon,Watch,Apple Watch Series X (45mm),New,327.115,326.39,333.7165391073784,7.326539107378437,2.244719233854725
2026-01-25,Amazon,Watch,Apple Watch Series X (45mm),Renewed/Refurbished,250.71,243.19,247.1566133358025,3.966613335802492,1.6310758402082701
2026-01-29,Amazon,Watch,Apple Watch Series X (45mm),Renewed/Refurbished,233.08,284.29,248.67895684488496,35.611043155115055,12.526308753426097
2026-02-02,Amazon,Watch,Apple Watch Series X (45mm),Renewed/Refurbished,256.25,257.365,244.90320361527415,12.461796384725858,4.842071138160145
2026-02-13,Amazon,Watch,Apple Watch Series X (45mm),Renewed/Refurbished,260.53,247.8,249.7000047926349,1.9000047926348884,0.7667493109906732
2026-02-20,Amazon,Watch,Apple Watch Series X (45mm),Renewed/Refurbished,247.8,245.54,253.114542743691,7.574542743691012,3.0848508363977407
2026-02-23,Amazon,Watch,Apple Watch Series X (45mm),Renewed/Refurbished,276.69,236.56,245.1659420687663,8.605942068766296,3.6379531910577847
2026-02-24,Amazon,Watch,Apple Watch Series X (45mm),Renewed/Refurbished,255.05,233.01,252.66932756197025,19.659327561970258,8.437117532281988
2026-03-02,Amazon,Watch,Apple Watch Series X (45mm),Renewed/Refurbished,236.56,271.14,248.2814935765989,22.85850642340108,8.430517969831483
2026-03-05,Amazon,Watch,Apple Watch Series X (45mm),Renewed/Refurbished,245.075,261.88,254.0605929994664,7.819407000533602,2.985874064660761
2026-03-07,Amazon,Watch,Apple Watch Series X (45mm),Renewed/Refurbished,260.09,273.63,250.04117195685285,23.588828043147146,8.620702424130084
2026-03-12,Amazon,Watch,Apple Watch Series X (45mm),Renewed/Refurbished,261.88,264.64,244.05865007337445,20.581349926625535,7.7771122757805085
2026-03-14,Amazon,Watch,Apple Watch Series X (45mm),Renewed/Refurbished,273.63,250.95,246.1080608496453,4.841939150354676,1.9294437738014252
2026-03-17,Amazon,Watch,Apple Watch Series X (45mm),Renewed/Refurbished,243.465,282.22,251.41524826881857,30.804751731181454,10.915155457154507
2026-04-04,Amazon,Watch,Apple Watch Series X (45mm),Renewed/Refurbished,230.83,241.82999999999998,245.98140021300424,4.151400213004251,1.7166605520424478
2026-04-06,Amazon,Watch,Apple Watch Series X (45mm),Renewed/Refurbished,266.45,258.24,256.43188552850984,1.8081144714901711,0.7001682432969993
2026-04-08,Amazon,Watch,Apple Watch Series X (45mm),Renewed/Refurbished,254.18,242.82,251.1857882910508,8.36578829105082,3.445263277757524
2026-04-11,Amazon,Watch,Apple Watch Series X (45mm),Renewed/Refurbished,241.82999999999998,258.28,250.97362718154773,7.306372818452246,2.828857371245256
2026-04-15,Amazon,Watch,Apple Watch Series X (45mm),Renewed/Refurbished,242.82,268.51,246.02764446649644,22.48235553350355,8.373004928495606
2026-04-18,Amazon,Watch,Apple Watch Series X (45mm),Renewed/Refurbished,258.28,253.23,242.29733327203905,10.932666727960935,4.317287338767498
2026-04-22,Amazon,Watch,Apple Watch Series X (45mm),Renewed/Refurbished,268.51,266.49,247.70663842144188,18.78336157855813,7.048430176951529
2026-04-23,Amazon,Watch,Apple Watch Series X (45mm),Renewed/Refurbished,238.2,277.41,244.18116109299535,33.22883890700467,11.978241197867657
2026-04-27,Amazon,Watch,Apple Watch Series X (45mm),Renewed/Refurbished,249.44,255.69,256.48349642385267,0.7934964238526732,0.3103353372649197
2026-04-29,Amazon,Watch,Apple Watch Series X (45mm),Renewed/Refurbished,266.49,250.44,240.81583290992046,9.624167090079538,3.8429033261777428
2026-04-30,Amazon,Watch,Apple Watch Series X (45mm),Renewed/Refurbished,277.41,238.28,238.94961566969778,0.6696156696977766,0.28102050935780454
2026-05-04,Amazon,Watch,Apple Watch Series X (45mm),Renewed/Refurbished,255.69,252.27,249.74855065862812,2.5214493413718913,0.9995042380671072
2026-05-06,Amazon,Watch,Apple Watch Series X (45mm),Renewed/Refurbished,250.44,248.87,247.24198709493692,1.6280129050630876,0.6541619741483857
2026-05-07,Amazon,Watch,Apple Watch Series X (45mm),Renewed/Refurbished,238.28,236.11,247.10478265746576,10.994782657465748,4.656635744977234
2026-05-09,Amazon,Watch,Apple Watch Series X (45mm),Renewed/Refurbished,246.12,249.67,231.39776590363374,18.272234096366248,7.3185541299980965
2026-05-27,Amazon,Watch,Apple Watch Series X (45mm),Renewed/Refurbished,226.92,237.54,247.80500812668583,10.265008126685842,4.321380873404834
2026-06-04,Amazon,Watch,Apple Watch Series X (45mm),Renewed/Refurbished,243.0,241.68,240.9152358682352,0.7647641317648208,0.3164366649142754
2026-06-06,Amazon,Watch,Apple Watch Series X (45mm),Renewed/Refurbished,245.37,235.27,233.1939274008364,2.0760725991636093,0.8824213028280739
2026-06-08,Amazon,Watch,Apple Watch Series X (45mm),Renewed/Refurbished,267.15999999999997,248.49,235.80579779301058,12.684202206989426,5.104512136097801
2026-06-11,Amazon,Watch,Apple Watch Series X (45mm),Renewed/Refurbished,241.68,254.615,243.20252688142125,11.41247311857876,4.482246968394933
2026-06-15,Amazon,Watch,Apple Watch Series X (45mm),Renewed/Refurbished,248.49,246.25,225.96202692295742,20.28797307704258,8.238770792707646
2026-06-18,Amazon,Watch,Apple Watch Series X (45mm),Renewed/Refurbished,254.615,242.6,230.61188999328613,11.988110006713868,4.941512781003244
2026-06-25,Amazon,Watch,Apple Watch Series X (45mm),Renewed/Refurbished,242.6,239.4,233.75452276415785,5.645477235842151,2.358177625665059
2026-07-16,Amazon,Watch,Apple Watch Series X (45mm),Renewed/Refurbished,180.04,278.8,201.09655133317483,77.70344866682518,27.870677427125244
2026-07-23,Amazon,Watch,Apple Watch Series X (45mm),Renewed/Refurbished,278.8,250.91,253.58793676968264,2.6779367696826455,1.0672897730989779
2026-01-27,Amazon,Watch,Apple Watch Ultra,New,502.03,497.615,509.2217271564943,11.606727156494287,2.3324713194928384
2026-02-03,Amazon,Watch,Apple Watch Ultra,New,497.615,494.4,498.3634343606951,3.963434360695146,0.8016655260305717
2026-02-10,Amazon,Watch,Apple Watch Ultra,New,494.4,497.1,500.94642855125755,3.8464285512575316,0.7737735971147719
2026-02-17,Amazon,Watch,Apple Watch Ultra,New,497.1,507.75,496.3416187822864,11.408381217713611,2.246850067496526
2026-02-24,Amazon,Watch,Apple Watch Ultra,New,507.75,498.3,508.5952090369165,10.295209036916503,2.0660664332563723
2026-02-26,Amazon,Watch,Apple Watch Ultra,New,497.01,496.55,498.8605053819287,2.3105053819286923,0.465311727304137
2026-02-27,Amazon,Watch,Apple Watch Ultra,New,502.39,494.595,503.78652786632756,9.191527866327533,1.8583948212835821
2026-03-05,Amazon,Watch,Apple Watch Ultra,New,496.55,498.07,499.6947909921587,1.6247909921586938,0.3262173975864224
2026-03-06,Amazon,Watch,Apple Watch Ultra,New,494.595,491.54,493.61062223484157,2.070622234841551,0.4212520313385586
2026-03-08,Amazon,Watch,Apple Watch Ultra,New,498.29,503.24,498.6005876099997,4.639412390000302,0.9219085108497541
2026-03-09,Amazon,Watch,Apple Watch Ultra,New,500.23,506.21,498.54953124524013,7.660468754759847,1.5132985825566163
2026-03-16,Amazon,Watch,Apple Watch Ultra,New,506.21,504.8,497.75429912397186,7.04570087602815,1.3957410610198395
2026-03-17,Amazon,Watch,Apple Watch Ultra,New,505.1,491.33,503.40257336309537,12.072573363095387,2.457121153419369
2026-03-23,Amazon,Watch,Apple Watch Ultra,New,504.8,501.67999999999995,501.62179906090137,0.05820093909858315,0.011601207761637528
2026-04-07,Amazon,Watch,Apple Watch Ultra,New,505.71,503.29,504.2400072740203,0.9500072740202654,0.18875941783470074
2026-04-17,Amazon,Watch,Apple Watch Ultra,New,492.14,499.23,496.54320248539045,2.686797514609566,0.5381883129238159
2026-05-05,Amazon,Watch,Apple Watch Ultra,New,489.74,501.265,495.42285197557317,5.84214802442682,1.1654809381119406
2026-05-07,Amazon,Watch,Apple Watch Ultra,New,502.345,496.1,498.55695633021634,2.4569563302163147,0.49525424918692096
2026-05-11,Amazon,Watch,Apple Watch Ultra,New,490.11,493.92,489.92099888660783,3.9990011133921826,0.8096455121056411
2026-05-12,Amazon,Watch,Apple Watch Ultra,New,501.265,490.56,498.0975206455875,7.537520645587506,1.5365135040744264
2026-05-18,Amazon,Watch,Apple Watch Ultra,New,493.92,493.85,485.0681433764559,8.781856623544115,1.7782437224955179
2026-05-19,Amazon,Watch,Apple Watch Ultra,New,490.56,497.31,486.4855299395485,10.824470060451517,2.176604142376288
2026-05-25,Amazon,Watch,Apple Watch Ultra,New,493.85,500.31,482.4521400455625,17.857859954437515,3.5693589883147476
2026-05-30,Amazon,Watch,Apple Watch Ultra,New,491.06,502.315,493.68314403410346,8.631855965896534,1.7184149320439435
2026-06-01,Amazon,Watch,Apple Watch Ultra,New,500.31,495.25,486.913360767567,8.336639232433015,1.6833193806023252
2026-06-06,Amazon,Watch,Apple Watch Ultra,New,502.315,505.97,494.00096191574767,11.969038084252361,2.3655627970536512
2026-06-07,Amazon,Watch,Apple Watch Ultra,New,490.7,500.25,492.80146605527386,7.448533944726137,1.4889623077913317
2026-06-09,Amazon,Watch,Apple Watch Ultra,New,504.83,498.95,495.1212359232733,3.8287640767267135,0.7673642803340442
2026-06-13,Amazon,Watch,Apple Watch Ultra,New,505.97,500.43,488.6832574811551,11.746742518844883,2.3473298001408556
2026-06-17,Amazon,Watch,Apple Watch Ultra,New,495.27,505.56,489.01050537427454,16.54949462572546,3.273497631483001
2026-06-20,Amazon,Watch,Apple Watch Ultra,New,500.43,506.4,490.2996738484454,16.100326151554555,3.1793693032295725
2026-06-27,Amazon,Watch,Apple Watch Ultra,New,506.4,494.765,498.71695921958326,3.951959219583273,0.7987548067432565
2026-06-30,Amazon,Watch,Apple Watch Ultra,New,496.77,501.87,491.8183387417653,10.05166125823473,2.002841623973286
2026-07-04,Amazon,Watch,Apple Watch Ultra,New,494.765,368.09,458.1428544146887,90.05285441468874,24.46490108796456
2026-07-05,Amazon,Watch,Apple Watch Ultra,New,502.21,403.57,463.83412376483767,60.26412376483768,14.932756093078691
2026-07-07,Amazon,Watch,Apple Watch Ultra,New,501.87,417.51,464.70621616246365,47.19621616246366,11.304212153592406
2026-07-08,Amazon,Watch,Apple Watch Ultra,New,496.26,379.53999999999996,456.0920119660777,76.55201196607771,20.16968223799276
2026-07-09,Amazon,Watch,Apple Watch Ultra,New,499.25,403.25,481.8586994270093,78.6086994270093,19.493787830628467
2026-07-12,Amazon,Watch,Apple Watch Ultra,New,403.57,493.81,496.3588716824149,2.5488716824148696,0.5161644524037321
2026-07-15,Amazon,Watch,Apple Watch Ultra,New,379.53999999999996,492.3,482.8297721491683,9.47022785083169,1.9236700895453362
2026-07-16,Amazon,Watch,Apple Watch Ultra,New,403.25,500.28,490.3902934674166,9.889706532583375,1.9768342793202558
2026-07-17,Amazon,Watch,Apple Watch Ultra,New,411.71500000000003,502.44,484.29745955555944,18.142540444440556,3.61088696052077
2026-07-19,Amazon,Watch,Apple Watch Ultra,New,493.81,491.7,470.6771104048305,21.022889595169488,4.275552083622023
2026-03-08,Amazon,Watch,Apple Watch Ultra,Renewed/Refurbished,390.66,354.13,381.2064726462813,27.07647264628133,7.645913265264545
2026-04-07,Amazon,Watch,Apple Watch Ultra,Renewed/Refurbished,357.1,366.83,362.33243214537447,4.497567854625515,1.2260632594459329
2026-04-10,Amazon,Watch,Apple Watch Ultra,Renewed/Refurbished,370.57,427.91,372.30020597089793,55.60979402910209,12.995675265617091
2026-05-28,Amazon,Watch,Apple Watch Ultra,Renewed/Refurbished,363.79,360.54,363.79889977028347,3.258899770283449,0.903894095047276
2026-06-20,Amazon,Watch,Apple Watch Ultra,Renewed/Refurbished,347.22,370.37,362.2089512621786,8.161048737821432,2.2034853626971493
2026-01-26,Amazon,Watch,Apple Watch Ultra 2,New,598.94,596.15,607.7243829840686,11.57438298406862,1.9415219297271862
2026-01-28,Amazon,Watch,Apple Watch Ultra 2,New,589.63,587.06,599.683364734485,12.623364734485108,2.150268240807602
2026-01-30,Amazon,Watch,Apple Watch Ultra 2,New,596.895,590.2,600.4182203041559,10.218220304155807,1.7313148600738404
2026-02-06,Amazon,Watch,Apple Watch Ultra 2,New,590.2,603.7,594.4169211872234,9.283078812776694,1.5376973352288708
2026-02-07,Amazon,Watch,Apple Watch Ultra 2,New,598.665,593.52,595.8339934127192,2.313993412719242,0.3898762320931463
2026-02-08,Amazon,Watch,Apple Watch Ultra 2,New,598.495,601.09,598.0761283232358,3.013871676764211,0.5014010675213714
2026-02-10,Amazon,Watch,Apple Watch Ultra 2,New,597.56,600.075,599.4728588810573,0.6021411189427681,0.10034431011836321
2026-02-13,Amazon,Watch,Apple Watch Ultra 2,New,603.7,588.38,600.9337080228636,12.553708022863589,2.1336054969345644
2026-02-14,Amazon,Watch,Apple Watch Ultra 2,New,593.52,604.4,598.275395707115,6.12460429288501,1.013336249650068
2026-02-16,Amazon,Watch,Apple Watch Ultra 2,New,606.635,599.285,596.3710955966187,2.9139044033812525,0.48623015816869314
2026-02-17,Amazon,Watch,Apple Watch Ultra 2,New,600.075,598.0,601.8395430892881,3.8395430892880995,0.6420640617538628
2026-02-21,Amazon,Watch,Apple Watch Ultra 2,New,604.4,588.89,598.4005891414572,9.510589141457217,1.6150026560914972
2026-03-01,Amazon,Watch,Apple Watch Ultra 2,New,592.34,597.57,595.0207569135334,2.5492430864666176,0.4266015841602854
2026-03-05,Amazon,Watch,Apple Watch Ultra 2,New,605.47,597.59,599.899388363142,2.3093883631419203,0.3864503025723188
2026-03-06,Amazon,Watch,Apple Watch Ultra 2,New,600.915,606.09,595.623210998584,10.466789001416032,1.7269364288168478
2026-03-10,Amazon,Watch,Apple Watch Ultra 2,New,595.9949999999999,602.38,598.8772048743847,3.5027951256153074,0.5814926002880751
2026-03-13,Amazon,Watch,Apple Watch Ultra 2,New,606.09,604.39,600.9634216962336,3.426578303766405,0.5669482128702336
2026-03-17,Amazon,Watch,Apple Watch Ultra 2,New,602.38,600.54,605.4354004388921,4.895400438892125,0.8151664233676568
2026-03-20,Amazon,Watch,Apple Watch Ultra 2,New,604.39,600.4,599.2337689119125,1.166231088087443,0.19424235311249885
2026-03-22,Amazon,Watch,Apple Watch Ultra 2,New,593.505,600.36,594.2666617306645,6.093338269335504,1.014947409776718
2026-03-24,Amazon,Watch,Apple Watch Ultra 2,New,600.54,600.535,599.0949241653542,1.4400758346457678,0.23979881849447043
2026-03-28,Amazon,Watch,Apple Watch Ultra 2,New,595.4,600.3399999999999,596.7105961200479,3.629403879952065,0.6045580637558826
2026-03-29,Amazon,Watch,Apple Watch Ultra 2,New,600.36,601.0699999999999,601.4443445589945,0.3743445589946077,0.06227969437746149
2026-03-31,Amazon,Watch,Apple Watch Ultra 2,New,600.535,597.81,595.6007384973263,2.2092615026735984,0.36955914131138634
2026-04-02,Amazon,Watch,Apple Watch Ultra 2,New,594.18,601.0699999999999,595.5570605100863,5.512939489913606,0.9171875971040988
2026-04-05,Amazon,Watch,Apple Watch Ultra 2,New,601.0699999999999,607.98,593.9817972858026,13.998202714197419,2.3024117099571395
2026-04-06,Amazon,Watch,Apple Watch Ultra 2,New,601.255,601.42,596.2427289372131,5.177271062786872,0.860841186323513
2026-04-07,Amazon,Watch,Apple Watch Ultra 2,New,597.81,604.035,596.4574026486774,7.577597351322538,1.254496403573061
2026-04-10,Amazon,Watch,Apple Watch Ultra 2,New,598.39,599.51,596.7591339837494,2.7508660162505976,0.4588523988341475
2026-04-17,Amazon,Watch,Apple Watch Ultra 2,New,599.51,606.87,597.0028503144534,9.867149685546565,1.62590829758376
2026-04-18,Amazon,Watch,Apple Watch Ultra 2,New,594.5,589.35,595.677798716348,6.3277987163479565,1.0736911370743965
2026-04-22,Amazon,Watch,Apple Watch Ultra 2,New,594.46,590.95,598.9459386458093,7.995938645809247,1.3530651740095179
2026-04-24,Amazon,Watch,Apple Watch Ultra 2,New,606.87,595.7850000000001,593.3572694986526,2.427730501347469,0.4074843276261518
2026-04-25,Amazon,Watch,Apple Watch Ultra 2,New,589.35,606.5,604.8044448148617,1.6955551851383461,0.27956392170459127
2026-04-26,Amazon,Watch,Apple Watch Ultra 2,New,610.03,605.65,597.4387239868568,8.21127601314322,1.3557790824970228
2026-04-28,Amazon,Watch,Apple Watch Ultra 2,New,605.29,597.92,598.0566693993846,0.13666939938468659,0.022857472468672497
2026-04-29,Amazon,Watch,Apple Watch Ultra 2,New,590.95,602.14,597.4521660272784,4.687833972721592,0.7785289090114578
2026-04-30,Amazon,Watch,Apple Watch Ultra 2,New,597.085,587.82,598.163714166071,10.343714166070981,1.7596737378910179
2026-05-01,Amazon,Watch,Apple Watch Ultra 2,New,595.7850000000001,597.26,597.9889761108086,0.7289761108086168,0.12205339564153248
2026-05-02,Amazon,Watch,Apple Watch Ultra 2,New,606.5,608.82,595.4088715217662,13.411128478233877,2.20280681945959
2026-05-08,Amazon,Watch,Apple Watch Ultra 2,New,597.26,596.82,598.6339814145748,1.813981414574755,0.3039411237181654
2026-05-15,Amazon,Watch,Apple Watch Ultra 2,New,596.82,593.95,601.2585356846494,7.308535684649314,1.2304967900748067
2026-05-17,Amazon,Watch,Apple Watch Ultra 2,New,603.09,593.06,592.5946254848595,0.46537451514041095,0.07847005617313779
2026-05-18,Amazon,Watch,Apple Watch Ultra 2,New,587.08,600.92,593.7514145716569,7.168585428343022,1.1929350709483828
2026-05-19,Amazon,Watch,Apple Watch Ultra 2,New,592.63,599.4,595.975147673143,3.4248523268569215,0.5713801012440644
2026-05-22,Amazon,Watch,Apple Watch Ultra 2,New,593.95,604.27,596.3091329639672,7.960867036032823,1.3174354239053443
2026-05-24,Amazon,Watch,Apple Watch Ultra 2,New,593.06,598.89,595.5047929129607,3.385207087039248,0.5652468879158523
2026-05-25,Amazon,Watch,Apple Watch Ultra 2,New,600.92,599.66,594.6494529027178,5.010547097282142,0.835564669526422
2026-05-26,Amazon,Watch,Apple Watch Ultra 2,New,599.4,596.54,595.29058484456,1.2494151554399195,0.20944365096052564
2026-05-29,Amazon,Watch,Apple Watch Ultra 2,New,604.27,602.75,597.4675761678867,5.282423832113295,0.8763871973642963
2026-05-30,Amazon,Watch,Apple Watch Ultra 2,New,609.27,608.95,597.8541754685723,11.095824531427752,1.822124071176246
2026-05-31,Amazon,Watch,Apple Watch Ultra 2,New,598.89,606.91,599.7062585635888,7.203741436411178,1.1869538212273942
2026-06-02,Amazon,Watch,Apple Watch Ultra 2,New,596.54,607.59,599.420738381605,8.169261618395012,1.3445352323762754
2026-06-07,Amazon,Watch,Apple Watch Ultra 2,New,606.91,588.675,605.1473728570837,16.47237285708377,2.798211722441716
2026-06-09,Amazon,Watch,Apple Watch Ultra 2,New,607.59,602.985,606.1264640667786,3.1414640667785534,0.520985441889691
2026-06-25,Amazon,Watch,Apple Watch Ultra 2,New,602.93,601.03,596.310469846358,4.7195301536419265,0.7852403629838655
2026-06-28,Amazon,Watch,Apple Watch Ultra 2,New,603.4,598.49,596.3315080354172,2.158491964582822,0.36065631248355395
2026-06-30,Amazon,Watch,Apple Watch Ultra 2,New,595.85,607.82,587.9628849848814,19.857115015118666,3.2669400505278974
2026-07-02,Amazon,Watch,Apple Watch Ultra 2,New,601.03,599.8,559.3918381459143,40.40816185408562,6.736939288777196
2026-07-05,Amazon,Watch,Apple Watch Ultra 2,New,598.49,508.25,554.1501782554208,45.90017825542077,9.03102375905967
2026-07-07,Amazon,Watch,Apple Watch Ultra 2,New,607.82,486.02,565.3007764628177,79.2807764628177,16.312245681827438
2026-07-09,Amazon,Watch,Apple Watch Ultra 2,New,599.8,509.23,585.2853536293444,76.05535362934438,14.935363908124891
2026-07-11,Amazon,Watch,Apple Watch Ultra 2,New,449.5,491.95,568.4603987918185,76.51039879181855,15.552474599414278
2026-07-12,Amazon,Watch,Apple Watch Ultra 2,New,508.25,604.39,614.5239477174773,10.133947717477326,1.6767232610528509
2026-07-14,Amazon,Watch,Apple Watch Ultra 2,New,486.02,609.33,581.1737843048992,28.156215695100855,4.620848422874444
2026-07-15,Amazon,Watch,Apple Watch Ultra 2,New,445.91,603.96,570.4897714568485,33.47022854315151,5.541795573076281
2026-07-16,Amazon,Watch,Apple Watch Ultra 2,New,509.23,596.96,588.0125288396055,8.94747116039457,1.498839312582848
2026-07-19,Amazon,Watch,Apple Watch Ultra 2,New,604.39,610.38,567.8675358405625,42.51246415943751,6.9649176184405635
2026-07-21,Amazon,Watch,Apple Watch Ultra 2,New,609.33,597.065,586.9954738632846,10.069526136715467,1.686504172362384
2026-07-22,Amazon,Watch,Apple Watch Ultra 2,New,603.96,600.87,595.7133406556754,5.1566593443245665,0.8581988357422681
2026-07-23,Amazon,Watch,Apple Watch Ultra 2,New,596.96,601.05,603.2942684543088,2.2442684543088944,0.37339130759652184
2026-02-08,Amazon,Watch,Apple Watch Ultra 2,Renewed/Refurbished,460.39,440.91,463.9623980018895,23.052398001889458,5.228368148123076
2026-02-23,Amazon,Watch,Apple Watch Ultra 2,Renewed/Refurbished,501.01,427.89,464.10561391054756,36.215613910547575,8.463767302472032
2026-03-26,Amazon,Watch,Apple Watch Ultra 2,Renewed/Refurbished,503.27,438.63,466.88375546068704,28.253755460687046,6.44136412481751
2026-04-02,Amazon,Watch,Apple Watch Ultra 2,Renewed/Refurbished,438.63,444.68,455.5800054961894,10.900005496189408,2.451202099529866
2026-04-09,Amazon,Watch,Apple Watch Ultra 2,Renewed/Refurbished,444.68,505.92,464.72741413156865,41.192585868431365,8.142114537561545
2026-04-24,Amazon,Watch,Apple Watch Ultra 2,Renewed/Refurbished,419.52,472.79,451.30986369294027,21.48013630705975,4.543272130768364
2026-04-27,Amazon,Watch,Apple Watch Ultra 2,Renewed/Refurbished,472.19,436.81,432.9394879353266,3.8705120646733917,0.8860859560617641
2026-04-30,Amazon,Watch,Apple Watch Ultra 2,Renewed/Refurbished,462.85,472.84,449.24105424306526,23.59894575693471,4.99089454296056
2026-05-05,Amazon,Watch,Apple Watch Ultra 2,Renewed/Refurbished,434.03,483.6,440.5817633619435,43.01823663805652,8.895417005388031
2026-05-07,Amazon,Watch,Apple Watch Ultra 2,Renewed/Refurbished,472.84,469.74,438.63777529242674,31.10222470757327,6.621157386548574
2026-05-27,Amazon,Watch,Apple Watch Ultra 2,Renewed/Refurbished,450.18,446.89,444.9948230208188,1.8951769791812012,0.42408131289158435
2026-06-28,Amazon,Watch,Apple Watch Ultra 2,Renewed/Refurbished,465.175,477.77,451.2011635459537,26.568836454046277,5.5610097858899215
2026-02-01,Amazon,Mac,MacBook Air M1 256GB,New,593.78,592.71,601.0288523590705,8.318852359070434,1.4035282615563147
2026-02-03,Amazon,Mac,MacBook Air M1 256GB,New,610.23,591.44,602.8660036380355,11.426003638035468,1.9318956509596013
2026-02-08,Amazon,Mac,MacBook Air M1 256GB,New,592.71,608.85,605.5973152710936,3.252684728906388,0.5342341675135728
2026-02-10,Amazon,Mac,MacBook Air M1 256GB,New,591.44,606.37,589.377372532982,16.992627467017996,2.8023529308867516
2026-02-15,Amazon,Mac,MacBook Air M1 256GB,New,608.85,596.83,604.4268739931457,7.596873993145664,1.2728706655405497
2026-02-20,Amazon,Mac,MacBook Air M1 256GB,New,607.16,606.825,612.3144788182792,5.489478818279167,0.9046230491952649
2026-02-25,Amazon,Mac,MacBook Air M1 256GB,New,610.91,593.37,604.5684589803827,11.198458980382725,1.887264098350561
2026-03-03,Amazon,Mac,MacBook Air M1 256GB,New,590.98,603.37,604.7682602247443,1.3982602247442628,0.23174175460236052
2026-03-12,Amazon,Mac,MacBook Air M1 256GB,New,607.655,596.57,597.8940142102139,1.324014210213818,0.22193777934086828
2026-03-21,Amazon,Mac,MacBook Air M1 256GB,New,600.7,597.32,599.4925944824156,2.1725944824155476,0.3637237129872677
2026-04-01,Amazon,Mac,MacBook Air M1 256GB,New,593.0899999999999,590.33,593.49206343008,3.162063430079911,0.5356433571188846
2026-04-08,Amazon,Mac,MacBook Air M1 256GB,New,590.33,608.36,591.9837635900658,16.376236409934222,2.6918660677779966
2026-04-16,Amazon,Mac,MacBook Air M1 256GB,New,593.31,591.16,602.3321954755158,11.172195475515878,1.8898767635692333
2026-04-24,Amazon,Mac,MacBook Air M1 256GB,New,591.66,602.07,593.7061356014344,8.363864398565624,1.3891847125028027
2026-05-01,Amazon,Mac,MacBook Air M1 256GB,New,602.07,609.61,592.5054922580216,17.10450774197841,2.8058115421299537
2026-05-12,Amazon,Mac,MacBook Air M1 256GB,New,603.05,609.07,602.5693287237896,6.500671276210483,1.0673110276668498
2026-05-19,Amazon,Mac,MacBook Air M1 256GB,New,609.07,589.25,603.8560910440472,14.606091044047162,2.4787596171484365
2026-05-30,Amazon,Mac,MacBook Air M1 256GB,New,601.19,597.17,599.6147121747292,2.4447121747292613,0.4093829520453575
2026-06-06,Amazon,Mac,MacBook Air M1 256GB,New,597.17,604.29,595.5703451207942,8.719654879205791,1.4429586587906125
2026-06-11,Amazon,Mac,MacBook Air M1 256GB,New,611.04,598.04,598.7831305619117,0.7431305619116984,0.12426101296095551
2026-06-12,Amazon,Mac,MacBook Air M1 256GB,New,604.32,606.89,606.993053989916,0.10305398991602033,0.01698067028885306
2026-06-13,Amazon,Mac,MacBook Air M1 256GB,New,604.29,595.55,597.4901145237999,1.9401145237999344,0.3257685372848517
2026-06-14,Amazon,Mac,MacBook Air M1 256GB,New,602.72,600.6700000000001,600.0643661836868,0.6056338163132295,0.10082637992795203
2026-06-19,Amazon,Mac,MacBook Air M1 256GB,New,606.89,596.53,603.8513813604218,7.32138136042181,1.227328275262235
2026-06-20,Amazon,Mac,MacBook Air M1 256GB,New,595.55,593.89,604.8993219257837,11.009321925783752,1.8537644893471439
2026-06-21,Amazon,Mac,MacBook Air M1 256GB,New,600.6700000000001,594.415,598.8629107469037,4.447910746903744,0.7482837322247495
2026-06-26,Amazon,Mac,MacBook Air M1 256GB,New,596.53,607.42,595.9233086193329,11.496691380667016,1.8927087321239038
2026-06-27,Amazon,Mac,MacBook Air M1 256GB,New,593.89,608.52,587.1134098188023,21.406590181197657,3.5178120984022967
2026-06-29,Amazon,Mac,MacBook Air M1 256GB,New,600.315,590.1949999999999,585.661248428923,4.533751571076891,0.7681785801433241
2026-07-04,Amazon,Mac,MacBook Air M1 256GB,New,608.52,482.37,567.9551019327555,85.58510193275549,17.742625356625723
2026-07-07,Amazon,Mac,MacBook Air M1 256GB,New,601.9,489.44,561.5114790110297,72.07147901102968,14.725294011733753
2026-07-08,Amazon,Mac,MacBook Air M1 256GB,New,595.84,492.79,549.7211001007155,56.93110010071547,11.552811562879821
2026-07-11,Amazon,Mac,MacBook Air M1 256GB,New,482.37,486.08,505.279992706729,19.199992706729006,3.9499655831815765
2026-07-18,Amazon,Mac,MacBook Air M1 256GB,New,486.08,606.0,598.0099498406381,7.990050159361886,1.3184901253072419
2026-07-20,Amazon,Mac,MacBook Air M1 256GB,New,603.08,600.37,581.1620756622099,19.207924337790132,3.199347791826729
2026-04-29,Amazon,Mac,MacBook Air M1 256GB,Renewed/Refurbished,458.6,468.23,468.03138708831403,0.19861291168598427,0.04241780998355173
2026-05-06,Amazon,Mac,MacBook Air M1 256GB,Renewed/Refurbished,468.23,496.46,464.8639198771181,31.596080122881858,6.364275092229356
2026-06-09,Amazon,Mac,MacBook Air M1 256GB,Renewed/Refurbished,493.4,463.89,466.8352539777365,2.945253977736513,0.634903528365887
2026-01-26,Amazon,Mac,MacBook Air M2 256GB,New,908.38,890.79,903.5901775113232,12.800177511323227,1.4369467002686633
2026-01-28,Amazon,Mac,MacBook Air M2 256GB,New,882.57,903.79,872.5131712560305,31.276828743969418,3.46063009592598
2026-01-31,Amazon,Mac,MacBook Air M2 256GB,New,903.73,888.46,875.686150892903,12.773849107097021,1.4377517397628503
2026-02-08,Amazon,Mac,MacBook Air M2 256GB,New,916.07,898.97,892.5879263181236,6.382073681876477,0.7099317754626381
2026-02-15,Amazon,Mac,MacBook Air M2 256GB,New,898.97,905.375,898.6263940407931,6.748605959206884,0.7453934512447201
2026-02-21,Amazon,Mac,MacBook Air M2 256GB,New,895.09,889.01,892.6380155767705,3.6280155767705082,0.40809614928634197
2026-02-28,Amazon,Mac,MacBook Air M2 256GB,New,889.01,909.15,883.4332252465485,25.716774753451432,2.8286613598912647
2026-03-13,Amazon,Mac,MacBook Air M2 256GB,New,890.5050000000001,900.155,880.2582744262838,19.89672557371614,2.2103666117186638
2026-03-18,Amazon,Mac,MacBook Air M2 256GB,New,898.825,891.3050000000001,893.2754363273398,1.970436327339712,0.221073182282127
2026-03-25,Amazon,Mac,MacBook Air M2 256GB,New,891.3050000000001,913.28,891.2650885420039,22.01491145799605,2.4105325264974655
2026-03-30,Amazon,Mac,MacBook Air M2 256GB,New,881.4,898.35,883.5431133409387,14.80688665906132,1.648231386326189
2026-04-01,Amazon,Mac,MacBook Air M2 256GB,New,913.28,886.99,907.6129291752954,20.62292917529544,2.3250464126196957
2026-04-06,Amazon,Mac,MacBook Air M2 256GB,New,898.35,916.86,901.1156037106612,15.744396289338852,1.7172083294438465
2026-04-13,Amazon,Mac,MacBook Air M2 256GB,New,916.86,884.16,910.8490941843263,26.689094184326336,3.0185819517198627
2026-04-18,Amazon,Mac,MacBook Air M2 256GB,New,890.14,897.26,894.8799249712466,2.3800750287533674,0.2652603513756734
2026-04-20,Amazon,Mac,MacBook Air M2 256GB,New,884.16,888.98,887.4250280488986,1.554971951101379,0.1749164155663096
2026-05-18,Amazon,Mac,MacBook Air M2 256GB,New,912.175,909.02,900.9382589724758,8.081741027524231,0.8890608597747278
2026-05-25,Amazon,Mac,MacBook Air M2 256GB,New,909.02,892.61,932.9355397044869,40.325539704486914,4.517710949293298
2026-05-30,Amazon,Mac,MacBook Air M2 256GB,New,906.545,896.07,911.4984021560786,15.428402156078505,1.7217853690089509
2026-06-10,Amazon,Mac,MacBook Air M2 256GB,New,907.33,881.98,899.0604693108384,17.08046931083834,1.936605060300499
2026-06-11,Amazon,Mac,MacBook Air M2 256GB,New,901.38,905.45,897.2692045720338,8.180795427966245,0.9035060387615269
2026-06-17,Amazon,Mac,MacBook Air M2 256GB,New,881.98,912.43,883.317060882832,29.11293911716791,3.19070384765603
2026-06-19,Amazon,Mac,MacBook Air M2 256GB,New,901.44,894.66,901.7301800990743,7.070180099074378,0.7902644690803633
2026-06-20,Amazon,Mac,MacBook Air M2 256GB,New,891.79,909.01,889.2855624272432,19.724437572756756,2.1698812524347098
2026-06-22,Amazon,Mac,MacBook Air M2 256GB,New,886.03,900.88,892.438574770658,8.44142522934203,0.9370199393195576
2026-06-24,Amazon,Mac,MacBook Air M2 256GB,New,912.43,916.82,892.8621256893896,23.957874310610464,2.6131491798401503
2026-06-29,Amazon,Mac,MacBook Air M2 256GB,New,900.88,906.17,890.0667741449695,16.103225855030473,1.7770645524604074
2026-07-01,Amazon,Mac,MacBook Air M2 256GB,New,916.82,882.2,873.8094790725504,8.390520927449643,0.9510905608081661
2026-07-11,Amazon,Mac,MacBook Air M2 256GB,New,731.2,626.23,804.3954225427783,178.1654225427783,28.45047706797475
2026-07-14,Amazon,Mac,MacBook Air M2 256GB,New,721.65,808.83,844.1363531815538,35.30635318155373,4.3651141997148635
2026-07-16,Amazon,Mac,MacBook Air M2 256GB,New,664.8199999999999,812.0,799.2284282713094,12.77157172869056,1.5728536611687882
2026-07-21,Amazon,Mac,MacBook Air M2 256GB,New,808.83,796.865,821.029407089594,24.164407089593965,3.032434237868894
2026-07-23,Amazon,Mac,MacBook Air M2 256GB,New,812.0,798.04,826.8150591104464,28.775059110446477,3.605716393971039
2026-03-04,Amazon,Mac,MacBook Air M2 256GB,Renewed/Refurbished,752.68,775.22,718.1688691349848,57.05113086501524,7.35934713565378
2026-04-04,Amazon,Mac,MacBook Air M2 256GB,Renewed/Refurbished,748.28,671.27,719.9129398758222,48.64293987582221,7.246404557901025
2026-04-17,Amazon,Mac,MacBook Air M2 256GB,Renewed/Refurbished,749.7,711.94,726.0542134373184,14.114213437318313,1.9825004125794747
2026-04-22,Amazon,Mac,MacBook Air M2 256GB,Renewed/Refurbished,661.92,670.84,684.4238031659426,13.583803165942527,2.024894634479537
2026-05-07,Amazon,Mac,MacBook Air M2 256GB,Renewed/Refurbished,654.655,654.92,665.6952255130188,10.775225513018881,1.6452735468482995
2026-05-08,Amazon,Mac,MacBook Air M2 256GB,Renewed/Refurbished,750.9,703.67,713.6443939266466,9.974393926646599,1.417481763702673
2026-05-11,Amazon,Mac,MacBook Air M2 256GB,Renewed/Refurbished,727.76,729.21,702.5280995047052,26.681900495294826,3.659014617914569
2026-05-15,Amazon,Mac,MacBook Air M2 256GB,Renewed/Refurbished,703.67,657.12,682.8748175622925,25.754817562292487,3.919347693312102
2026-05-31,Amazon,Mac,MacBook Air M2 256GB,Renewed/Refurbished,733.8,716.9,712.8746535846773,4.025346415322701,0.5614934321833871
2026-06-18,Amazon,Mac,MacBook Air M2 256GB,Renewed/Refurbished,764.12,717.28,724.6681186171473,7.38811861714737,1.030018767726323
2026-06-27,Amazon,Mac,MacBook Air M2 256GB,Renewed/Refurbished,742.38,625.46,700.5977919291047,75.13779192910465,12.013204989784262
2026-07-04,Amazon,Mac,MacBook Air M2 256GB,Renewed/Refurbished,625.46,546.54,633.2116425497362,86.67164254973625,15.858243230090432
2026-01-25,Amazon,Mac,MacBook Air M3 256GB,New,1003.21,1003.19,1001.5010918716864,1.688908128313642,0.16835376432317328
2026-01-27,Amazon,Mac,MacBook Air M3 256GB,New,1006.68,1002.87,994.5676613235914,8.302338676408567,0.827857915423591
2026-02-01,Amazon,Mac,MacBook Air M3 256GB,New,1003.19,990.85,999.6398530185296,8.789853018529584,0.8871022877862021
2026-02-02,Amazon,Mac,MacBook Air M3 256GB,New,983.01,1013.92,1004.225278734171,9.694721265829003,0.9561623467166053
2026-02-07,Amazon,Mac,MacBook Air M3 256GB,New,997.645,1002.03,1005.4386902748449,3.4086902748449575,0.3401784652001395
2026-02-08,Amazon,Mac,MacBook Air M3 256GB,New,990.85,982.67,1009.6962238528042,27.026223852804264,2.750284821232384
2026-02-09,Amazon,Mac,MacBook Air M3 256GB,New,1013.92,1001.27,1007.2436174646915,5.973617464691529,0.5966040593138243
2026-02-12,Amazon,Mac,MacBook Air M3 256GB,New,1014.12,992.06,1006.1074414138667,14.04744141386675,1.415987078792286
2026-02-14,Amazon,Mac,MacBook Air M3 256GB,New,1002.03,1003.54,1005.1551170471151,1.6151170471151772,0.16094197013723194
2026-02-15,Amazon,Mac,MacBook Air M3 256GB,New,982.67,993.685,1006.695099710945,13.010099710945042,1.3092780620563904
2026-02-19,Amazon,Mac,MacBook Air M3 256GB,New,992.06,982.37,1004.9979727899165,22.627972789916498,2.3034063326360226
2026-02-21,Amazon,Mac,MacBook Air M3 256GB,New,1003.54,994.44,998.7391963790276,4.299196379027535,0.4323233557607834
2026-02-22,Amazon,Mac,MacBook Air M3 256GB,New,993.685,994.96,1008.5336403514527,13.573640351452696,1.3642398037562007
2026-02-24,Amazon,Mac,MacBook Air M3 256GB,New,996.47,999.02,999.405217757077,0.38521775707704364,0.03855956408050326
2026-02-26,Amazon,Mac,MacBook Air M3 256GB,New,982.37,989.04,989.1076298687574,0.06762986875742172,0.006837930595064075
2026-02-28,Amazon,Mac,MacBook Air M3 256GB,New,994.44,984.95,995.7340855915068,10.78408559150671,1.0948866025185755
2026-03-02,Amazon,Mac,MacBook Air M3 256GB,New,1011.21,901.01,988.6492616115438,87.63926161154382,9.726780125808128
2026-03-03,Amazon,Mac,MacBook Air M3 256GB,New,999.02,884.56,994.7011177427783,110.1411177427783,12.45151462227303
2026-03-04,Amazon,Mac,MacBook Air M3 256GB,New,1001.91,896.21,987.3923872709224,91.18238727092239,10.174221139121679
2026-03-05,Amazon,Mac,MacBook Air M3 256GB,New,989.04,889.59,959.7915646903691,70.20156469036908,7.891451645181384
2026-03-06,Amazon,Mac,MacBook Air M3 256GB,New,1003.59,913.85,952.7255476684456,38.87554766844562,4.254040342336884
2026-03-09,Amazon,Mac,MacBook Air M3 256GB,New,901.01,907.2,892.2149488414777,14.98505115852231,1.6517913534526356
2026-03-10,Amazon,Mac,MacBook Air M3 256GB,New,884.56,911.08,870.0397829461347,41.040217053865376,4.504567881400686
2026-03-12,Amazon,Mac,MacBook Air M3 256GB,New,889.59,900.1600000000001,873.138422693988,27.02157730601209,3.0018638137677844
2026-03-13,Amazon,Mac,MacBook Air M3 256GB,New,913.85,888.85,914.6186610269529,25.768661026952827,2.8991012012097457
2026-03-15,Amazon,Mac,MacBook Air M3 256GB,New,899.33,892.435,884.6469690783185,7.788030921681411,0.8726720625795057
2026-03-16,Amazon,Mac,MacBook Air M3 256GB,New,907.2,905.02,894.8383038194736,10.181696180526387,1.125024439297075
2026-03-19,Amazon,Mac,MacBook Air M3 256GB,New,900.1600000000001,904.93,897.295261475601,7.6347385243989265,0.8436827737392867
2026-03-20,Amazon,Mac,MacBook Air M3 256GB,New,888.85,897.71,877.1901651125802,20.519834887419847,2.285797739517199
2026-03-22,Amazon,Mac,MacBook Air M3 256GB,New,892.435,892.2950000000001,893.3502084507425,1.0552084507423842,0.11825780159503126
2026-04-04,Amazon,Mac,MacBook Air M3 256GB,New,885.12,903.1600000000001,872.815632780736,30.344367219264086,3.35979972754153
2026-04-06,Amazon,Mac,MacBook Air M3 256GB,New,898.815,893.14,907.5206377906597,14.380637790659762,1.6101213461114452
2026-04-10,Amazon,Mac,MacBook Air M3 256GB,New,910.91,892.97,918.6162216823132,25.646221682313126,2.8720138058740075
2026-04-11,Amazon,Mac,MacBook Air M3 256GB,New,903.1600000000001,900.545,904.8708802251709,4.325880225170977,0.48036247218861655
2026-04-12,Amazon,Mac,MacBook Air M3 256GB,New,900.4300000000001,889.27,909.5616238759903,20.291623875990354,2.281829351714367
2026-04-13,Amazon,Mac,MacBook Air M3 256GB,New,893.14,904.48,899.502279130749,4.977720869251016,0.5503406232587803
2026-04-17,Amazon,Mac,MacBook Air M3 256GB,New,892.97,900.3199999999999,900.3115075180174,0.008492481982557365,0.0009432737229604325
2026-04-18,Amazon,Mac,MacBook Air M3 256GB,New,900.545,907.34,909.4203769238113,2.0803769238112864,0.2292830607943314
2026-04-19,Amazon,Mac,MacBook Air M3 256GB,New,889.27,914.93,898.48348552679,16.44651447320996,1.7975707948378523
2026-04-21,Amazon,Mac,MacBook Air M3 256GB,New,911.99,895.07,919.980011800052,24.91001180005196,2.783023875233441
2026-04-24,Amazon,Mac,MacBook Air M3 256GB,New,900.3199999999999,895.11,888.1098791036425,7.000120896357544,0.7820402963163794
2026-04-25,Amazon,Mac,MacBook Air M3 256GB,New,907.34,908.89,895.1968946752493,13.693105324750718,1.5065745386956308
2026-04-28,Amazon,Mac,MacBook Air M3 256GB,New,895.07,898.75,901.2714134102326,2.5214134102326398,0.28054669376719216
2026-05-02,Amazon,Mac,MacBook Air M3 256GB,New,908.89,900.7,901.5263326676629,0.8263326676628822,0.09174338488540937
2026-05-04,Amazon,Mac,MacBook Air M3 256GB,New,885.75,905.46,885.6956932152295,19.764306784770497,2.1827918168412186
2026-05-05,Amazon,Mac,MacBook Air M3 256GB,New,898.75,912.7750000000001,896.0318353444313,16.743164655568762,1.8343145523890072
2026-05-09,Amazon,Mac,MacBook Air M3 256GB,New,900.7,902.46,905.973808234118,3.5138082341179597,0.38935888949293707
2026-05-11,Amazon,Mac,MacBook Air M3 256GB,New,905.46,900.52,894.5793705013068,5.94062949869317,0.6596887907756819
2026-05-18,Amazon,Mac,MacBook Air M3 256GB,New,900.52,903.9,900.7273550082564,3.1726449917435957,0.35099513129146986
2026-05-21,Amazon,Mac,MacBook Air M3 256GB,New,884.54,892.88,887.8437561364867,5.036243863513278,0.5640448731647341
2026-05-22,Amazon,Mac,MacBook Air M3 256GB,New,909.61,905.34,909.1842653206851,3.8442653206850537,0.42462117223198503
2026-05-24,Amazon,Mac,MacBook Air M3 256GB,New,887.19,881.16,891.1535670639997,9.993567063999762,1.1341376213173275
2026-05-26,Amazon,Mac,MacBook Air M3 256GB,New,892.02,884.36,897.5733043269938,13.213304326993807,1.4941092232794118
2026-05-29,Amazon,Mac,MacBook Air M3 256GB,New,905.34,889.455,894.5273589051376,5.072358905137548,0.5702771815479758
2026-05-31,Amazon,Mac,MacBook Air M3 256GB,New,881.16,899.98,884.3692682640313,15.61073173596867,1.7345642943141701
2026-06-02,Amazon,Mac,MacBook Air M3 256GB,New,884.36,908.39,888.5852409139425,19.804759086057516,2.180204437087321
2026-06-03,Amazon,Mac,MacBook Air M3 256GB,New,909.55,902.485,899.8717706805127,2.6132293194873455,0.28955930785413003
2026-06-05,Amazon,Mac,MacBook Air M3 256GB,New,889.455,899.375,894.1945753864609,5.180424613539117,0.5760027367381922
2026-06-07,Amazon,Mac,MacBook Air M3 256GB,New,899.98,902.76,891.077370213773,11.68262978622704,1.294101398624999
2026-06-08,Amazon,Mac,MacBook Air M3 256GB,New,903.46,892.525,897.8450806438741,5.320080643874121,0.5960707704405054
2026-06-09,Amazon,Mac,MacBook Air M3 256GB,New,908.39,886.04,898.4486484816244,12.408648481624482,1.400461433075762
2026-06-10,Amazon,Mac,MacBook Air M3 256GB,New,902.485,896.14,905.8934934707903,9.753493470790318,1.0883894782947217
2026-06-11,Amazon,Mac,MacBook Air M3 256GB,New,885.51,895.975,886.6349840757571,9.340015924242948,1.0424415775264877
2026-06-14,Amazon,Mac,MacBook Air M3 256GB,New,902.76,896.335,901.1996421956226,4.864642195622537,0.5427258999841059
2026-06-15,Amazon,Mac,MacBook Air M3 256GB,New,892.525,913.23,897.6269097614563,15.6030902385437,1.7085608486956956
2026-06-17,Amazon,Mac,MacBook Air M3 256GB,New,896.14,893.85,894.1103108515509,0.26031085155091205,0.029122431230174196
2026-06-18,Amazon,Mac,MacBook Air M3 256GB,New,895.975,900.21,890.417238157663,9.792761842337086,1.0878308219567752
2026-06-22,Amazon,Mac,MacBook Air M3 256GB,New,913.23,914.89,903.5872038983852,11.302796101614831,1.2354267837242545
2026-06-24,Amazon,Mac,MacBook Air M3 256GB,New,893.85,910.105,892.9278605811292,17.177139418870865,1.8873799637262587
2026-06-25,Amazon,Mac,MacBook Air M3 256GB,New,900.21,911.73,897.0824018639481,14.647598136051897,1.6065719166915529
2026-06-29,Amazon,Mac,MacBook Air M3 256GB,New,914.89,894.1,894.6482755960901,0.5482755960900931,0.06132150722403457
2026-07-04,Amazon,Mac,MacBook Air M3 256GB,New,885.36,703.67,860.2534782116228,156.58347821162283,22.25240215038624
2026-07-06,Amazon,Mac,MacBook Air M3 256GB,New,894.1,740.925,861.2428004215944,120.31780042159448,16.23886363958491
2026-07-11,Amazon,Mac,MacBook Air M3 256GB,New,703.67,692.335,766.5141431330327,74.17914313303265,10.714342497928408
2026-07-15,Amazon,Mac,MacBook Air M3 256GB,New,734.4,914.16,903.9245359284475,10.235464071552428,1.1196578357784663
2026-07-16,Amazon,Mac,MacBook Air M3 256GB,New,694.585,905.53,886.097710691737,19.432289308262966,2.1459575395915063
2026-07-18,Amazon,Mac,MacBook Air M3 256GB,New,692.335,889.89,877.2712795423679,12.618720457632094,1.4180090188261576
2026-07-23,Amazon,Mac,MacBook Air M3 256GB,New,905.53,906.06,875.4870463519934,30.572953648006546,3.374274733241347
2026-01-25,Amazon,Mac,MacBook Air M3 256GB,Renewed/Refurbished,749.53,790.745,755.9945836805599,34.75041631944009,4.394642561058254
2026-01-28,Amazon,Mac,MacBook Air M3 256GB,Renewed/Refurbished,730.94,808.97,743.6715921539189,65.29840784608109,8.071795968463737
2026-02-04,Amazon,Mac,MacBook Air M3 256GB,Renewed/Refurbished,808.97,812.17,778.806107178039,33.36389282196092,4.107993747855858
2026-02-06,Amazon,Mac,MacBook Air M3 256GB,Renewed/Refurbished,714.63,752.74,730.188712572618,22.55128742738202,2.9958933266974017
2026-02-27,Amazon,Mac,MacBook Air M3 256GB,Renewed/Refurbished,719.49,788.5,723.9398853363502,64.56011466364976,8.187712703062747
2026-03-06,Amazon,Mac,MacBook Air M3 256GB,Renewed/Refurbished,788.5,669.06,738.874069106379,69.81406910637907,10.434649972555386
2026-03-13,Amazon,Mac,MacBook Air M3 256GB,Renewed/Refurbished,669.06,674.17,685.1308510912452,10.960851091245218,1.625828958755984
2026-03-14,Amazon,Mac,MacBook Air M3 256GB,Renewed/Refurbished,662.32,662.05,679.9976082442181,17.947608244218145,2.7109143182868585
2026-03-17,Amazon,Mac,MacBook Air M3 256GB,Renewed/Refurbished,695.96,724.14,681.0149190928737,43.12508090712629,5.955351300456582
2026-03-20,Amazon,Mac,MacBook Air M3 256GB,Renewed/Refurbished,674.17,693.5,671.403739414851,22.096260585149025,3.1861947491202627
2026-03-30,Amazon,Mac,MacBook Air M3 256GB,Renewed/Refurbished,660.96,631.97,676.1822008861143,44.21220088611426,6.995933491481282
2026-04-14,Amazon,Mac,MacBook Air M3 256GB,Renewed/Refurbished,667.35,734.27,677.8502782364401,56.41972176355989,7.683784134386519
2026-04-25,Amazon,Mac,MacBook Air M3 256GB,Renewed/Refurbished,696.11,650.8,682.7872098986106,31.987209898610672,4.9150599106654385
2026-06-16,Amazon,Mac,MacBook Air M3 256GB,Renewed/Refurbished,696.01,704.55,671.9257897074183,32.624210292581665,4.630503199571594
2026-06-21,Amazon,Mac,MacBook Air M3 256GB,Renewed/Refurbished,772.75,760.06,717.5555036515374,42.50449634846257,5.592255394108698
2026-06-23,Amazon,Mac,MacBook Air M3 256GB,Renewed/Refurbished,704.55,697.59,672.6269848626421,24.963015137357957,3.5784651639728144
2026-06-28,Amazon,Mac,MacBook Air M3 256GB,Renewed/Refurbished,760.06,623.65,724.511240391168,100.86124039116805,16.172731562762454
2026-07-05,Amazon,Mac,MacBook Air M3 256GB,Renewed/Refurbished,623.65,589.6,652.7275867480706,63.1275867480706,10.706849855507224
2026-07-08,Amazon,Mac,MacBook Air M3 256GB,Renewed/Refurbished,753.69,568.355,703.4272432113567,135.07224321135664,23.765471089610653
2026-07-17,Amazon,Mac,MacBook Air M3 256GB,Renewed/Refurbished,571.41,739.75,654.4673321967269,85.28266780327306,11.528579628695242
2026-07-21,Amazon,Mac,MacBook Air M3 256GB,Renewed/Refurbished,668.68,697.76,664.6072985553835,33.15270144461647,4.751304380391033
2026-01-29,Amazon,Mac,MacBook Pro 14-inch M1 Pro 512GB,New,1607.57,1575.81,1556.5946036477942,19.215396352205744,1.2193980462242113
2026-02-05,Amazon,Mac,MacBook Pro 14-inch M1 Pro 512GB,New,1575.81,1607.46,1559.093651586074,48.36634841392606,3.0088679291507137
2026-02-08,Amazon,Mac,MacBook Pro 14-inch M1 Pro 512GB,New,1603.21,1610.8,1543.4304748250227,67.3695251749773,4.182364363979222
2026-02-15,Amazon,Mac,MacBook Pro 14-inch M1 Pro 512GB,New,1610.8,1590.62,1550.9068473006128,39.71315269938714,2.4967090002255183
2026-02-22,Amazon,Mac,MacBook Pro 14-inch M1 Pro 512GB,New,1590.62,1616.74,1565.9157774128053,50.824222587194754,3.143623748233776
2026-02-27,Amazon,Mac,MacBook Pro 14-inch M1 Pro 512GB,New,1617.74,1597.47,1568.465299456392,29.004700543608124,1.8156648039467487
2026-03-05,Amazon,Mac,MacBook Pro 14-inch M1 Pro 512GB,New,1624.75,1606.51,1566.1912723420278,40.318727657972204,2.5097090997237617
2026-03-10,Amazon,Mac,MacBook Pro 14-inch M1 Pro 512GB,New,1590.78,1606.29,1577.7914842519026,28.49851574809736,1.7741824793840066
2026-03-14,Amazon,Mac,MacBook Pro 14-inch M1 Pro 512GB,New,1592.19,1627.9850000000001,1573.534619773507,54.45038022649305,3.3446487668186773
2026-03-18,Amazon,Mac,MacBook Pro 14-inch M1 Pro 512GB,New,1571.99,1596.715,1554.1600835531399,42.554916446860034,2.6651541725893497
2026-03-25,Amazon,Mac,MacBook Pro 14-inch M1 Pro 512GB,New,1596.715,1575.56,1564.1921051208396,11.367894879160303,0.7215145649267755
2026-03-29,Amazon,Mac,MacBook Pro 14-inch M1 Pro 512GB,New,1594.97,1588.36,1552.2270089955061,36.13299100449376,2.2748615555978344
2026-03-31,Amazon,Mac,MacBook Pro 14-inch M1 Pro 512GB,New,1607.135,1569.07,1562.269088343842,6.80091165615795,0.4334358349951214
2026-04-01,Amazon,Mac,MacBook Pro 14-inch M1 Pro 512GB,New,1575.56,1596.6,1568.1910825144278,28.408917485572147,1.7793384370269414
2026-04-08,Amazon,Mac,MacBook Pro 14-inch M1 Pro 512GB,New,1596.6,1604.24,1546.976660481831,57.263339518169005,3.5694995460884282
2026-04-09,Amazon,Mac,MacBook Pro 14-inch M1 Pro 512GB,New,1606.72,1612.34,1556.8478471835242,55.49215281647571,3.441715321611801
2026-04-15,Amazon,Mac,MacBook Pro 14-inch M1 Pro 512GB,New,1604.24,1628.24,1559.1126375371305,69.12736246286954,4.245526609275632
2026-04-20,Amazon,Mac,MacBook Pro 14-inch M1 Pro 512GB,New,1606.81,1587.22,1543.2633617085685,43.956638291431545,2.7694105600629744
2026-05-28,Amazon,Mac,MacBook Pro 14-inch M1 Pro 512GB,New,1588.14,1622.86,1558.4672295063044,64.39277049369548,3.9678573933485013
2026-06-20,Amazon,Mac,MacBook Pro 14-inch M1 Pro 512GB,New,1582.77,1617.62,1571.1992801214112,46.42071987858867,2.8696925037146346
2026-06-22,Amazon,Mac,MacBook Pro 14-inch M1 Pro 512GB,New,1626.5,1616.07,1551.628152935701,64.44184706429883,3.98756533221326
2026-06-27,Amazon,Mac,MacBook Pro 14-inch M1 Pro 512GB,New,1617.62,1596.875,1563.7560068827916,33.11899311720845,2.0739878273007246
2026-07-01,Amazon,Mac,MacBook Pro 14-inch M1 Pro 512GB,New,1585.35,1621.45,1546.6880136840814,74.76198631591865,4.610810466922732
2026-07-02,Amazon,Mac,MacBook Pro 14-inch M1 Pro 512GB,New,1603.86,1576.01,1494.6653621126816,81.34463788731841,5.161429044696316
2026-07-03,Amazon,Mac,MacBook Pro 14-inch M1 Pro 512GB,New,1568.77,1240.89,1510.6536025689766,269.76360256897647,21.739525870059108
2026-07-04,Amazon,Mac,MacBook Pro 14-inch M1 Pro 512GB,New,1596.875,1235.39,1484.8937279355098,249.5037279355097,20.196353211172962
2026-07-08,Amazon,Mac,MacBook Pro 14-inch M1 Pro 512GB,New,1621.45,1299.84,1510.57839064274,210.73839064274011,16.212640836005978
2026-07-10,Amazon,Mac,MacBook Pro 14-inch M1 Pro 512GB,New,1240.89,1282.87,1438.1465606802112,155.27656068021133,12.103842219415165
2026-07-15,Amazon,Mac,MacBook Pro 14-inch M1 Pro 512GB,New,1299.84,1585.7,1652.5437734173108,66.84377341731079,4.21541107506532
2026-07-17,Amazon,Mac,MacBook Pro 14-inch M1 Pro 512GB,New,1282.87,1593.32,1613.1178394489295,19.797839448929608,1.2425526227581156
2026-07-21,Amazon,Mac,MacBook Pro 14-inch M1 Pro 512GB,New,1570.11,1619.2,1522.841031482054,96.3589685179461,5.951023253331651
2026-04-03,Amazon,Mac,MacBook Pro 14-inch M1 Pro 512GB,Renewed/Refurbished,1331.87,1295.73,1280.249981048447,15.48001895155312,1.1946948015059558
2026-04-10,Amazon,Mac,MacBook Pro 14-inch M1 Pro 512GB,Renewed/Refurbished,1295.73,1151.33,1295.2537199628516,143.9237199628517,12.500648811622359
2026-06-07,Amazon,Mac,MacBook Pro 14-inch M1 Pro 512GB,Renewed/Refurbished,1243.99,1309.78,1280.6506596953868,29.12934030461315,2.2239872577542146
2026-06-28,Amazon,Mac,MacBook Pro 14-inch M1 Pro 512GB,Renewed/Refurbished,1135.24,1267.58,1250.8446784092212,16.735321590778767,1.3202576240378334
2026-01-25,Amazon,Mac,MacBook Pro 14-inch M2 Pro 512GB,New,1678.14,1681.9499999999998,1712.4077557042522,30.45775570425235,1.810859758271789
2026-01-26,Amazon,Mac,MacBook Pro 14-inch M2 Pro 512GB,New,1680.36,1704.15,1675.3218755602074,28.828124439792646,1.6916424281778393
2026-01-28,Amazon,Mac,MacBook Pro 14-inch M2 Pro 512GB,New,1701.57,1704.105,1674.0606900103799,30.04430998962016,1.7630550928270359
2026-01-30,Amazon,Mac,MacBook Pro 14-inch M2 Pro 512GB,New,1695.165,1699.45,1672.8540498179439,26.595950182056185,1.564973972876883
2026-01-31,Amazon,Mac,MacBook Pro 14-inch M2 Pro 512GB,New,1693.27,1680.3,1670.6728107753831,9.627189224616814,0.5729446661082434
2026-02-06,Amazon,Mac,MacBook Pro 14-inch M2 Pro 512GB,New,1699.45,1730.23,1697.0214031799621,33.20859682003788,1.9193169012234144
2026-02-07,Amazon,Mac,MacBook Pro 14-inch M2 Pro 512GB,New,1680.3,1665.46,1682.552498469474,17.092498469473867,1.0262929442600761
2026-02-15,Amazon,Mac,MacBook Pro 14-inch M2 Pro 512GB,New,1675.69,1728.15,1678.7357318635252,49.4142681364749,2.859373789108289
2026-02-22,Amazon,Mac,MacBook Pro 14-inch M2 Pro 512GB,New,1728.15,1720.54,1693.196347956088,27.343652043912016,1.5892482618196622
2026-03-01,Amazon,Mac,MacBook Pro 14-inch M2 Pro 512GB,New,1720.54,1728.53,1684.5482714003501,43.98172859964984,2.544458505183586
2026-03-03,Amazon,Mac,MacBook Pro 14-inch M2 Pro 512GB,New,1725.9,1723.13,1710.564956234101,12.56504376589919,0.7291988280570352
2026-03-10,Amazon,Mac,MacBook Pro 14-inch M2 Pro 512GB,New,1723.13,1679.64,1716.6520758977263,37.01207589772616,2.203571949806278
2026-03-11,Amazon,Mac,MacBook Pro 14-inch M2 Pro 512GB,New,1704.49,1698.895,1699.4321205123667,0.5371205123667551,0.031615874575341915
2026-03-18,Amazon,Mac,MacBook Pro 14-inch M2 Pro 512GB,New,1698.895,1672.48,1727.7384885563988,55.25848855639879,3.3039850136562943
2026-03-25,Amazon,Mac,MacBook Pro 14-inch M2 Pro 512GB,New,1672.48,1688.8200000000002,1685.4936327710025,3.3263672289976967,0.19696398840596963
2026-03-26,Amazon,Mac,MacBook Pro 14-inch M2 Pro 512GB,New,1732.86,1690.965,1712.0402956736384,21.075295673638493,1.2463472439487804
2026-03-28,Amazon,Mac,MacBook Pro 14-inch M2 Pro 512GB,New,1698.02,1669.67,1690.1513706206838,20.48137062068372,1.2266717747030083
2026-03-30,Amazon,Mac,MacBook Pro 14-inch M2 Pro 512GB,New,1693.81,1672.99,1692.2748957785516,19.284895778551572,1.1527203257970204
2026-04-02,Amazon,Mac,MacBook Pro 14-inch M2 Pro 512GB,New,1690.965,1732.19,1671.7151449888793,60.47485501112078,3.4912368164647516
2026-04-05,Amazon,Mac,MacBook Pro 14-inch M2 Pro 512GB,New,1730.51,1684.41,1683.271250297491,1.1387497025091307,0.06760525658890237
2026-04-06,Amazon,Mac,MacBook Pro 14-inch M2 Pro 512GB,New,1672.99,1693.8600000000001,1679.6016009284633,14.258399071536815,0.8417696309929282
2026-04-07,Amazon,Mac,MacBook Pro 14-inch M2 Pro 512GB,New,1680.64,1675.12,1684.1803761023455,9.060376102345572,0.5408792267028972
2026-04-10,Amazon,Mac,MacBook Pro 14-inch M2 Pro 512GB,New,1686.63,1697.02,1649.63028558515,47.389714414850005,2.7925253924438134
2026-04-12,Amazon,Mac,MacBook Pro 14-inch M2 Pro 512GB,New,1684.41,1687.2350000000001,1651.0492027782234,36.18579722177674,2.144680333313186
2026-04-13,Amazon,Mac,MacBook Pro 14-inch M2 Pro 512GB,New,1693.8600000000001,1702.77,1670.1300494716822,32.63995052831774,1.9168737133211027
2026-04-17,Amazon,Mac,MacBook Pro 14-inch M2 Pro 512GB,New,1697.02,1670.76,1662.532983912039,8.22701608796092,0.49241160238220444
2026-04-18,Amazon,Mac,MacBook Pro 14-inch M2 Pro 512GB,New,1717.88,1718.73,1678.538801753732,40.19119824626796,2.3384241996280952
2026-04-22,Amazon,Mac,MacBook Pro 14-inch M2 Pro 512GB,New,1676.02,1731.99,1676.4381987409768,55.55180125902325,3.2073973440391255
2026-04-24,Amazon,Mac,MacBook Pro 14-inch M2 Pro 512GB,New,1670.76,1687.6,1685.2029805816946,2.3970194183052627,0.1420371781408665
2026-04-25,Amazon,Mac,MacBook Pro 14-inch M2 Pro 512GB,New,1718.73,1675.91,1696.8815836309313,20.971583630931264,1.251355003009187
2026-04-28,Amazon,Mac,MacBook Pro 14-inch M2 Pro 512GB,New,1678.31,1708.71,1692.9307855108586,15.779214489141395,0.9234577247831052
2026-04-29,Amazon,Mac,MacBook Pro 14-inch M2 Pro 512GB,New,1731.99,1700.33,1698.1019808403516,2.2280191596482837,0.1310345144559164
2026-05-01,Amazon,Mac,MacBook Pro 14-inch M2 Pro 512GB,New,1687.6,1725.22,1660.6327846641125,64.58721533588755,3.7437089377521446
2026-05-04,Amazon,Mac,MacBook Pro 14-inch M2 Pro 512GB,New,1677.37,1691.35,1658.9134948514513,32.43650514854858,1.9177878705500682
2026-05-05,Amazon,Mac,MacBook Pro 14-inch M2 Pro 512GB,New,1708.71,1712.4099999999999,1689.2459103598671,23.164089640132715,1.352718662010425
2026-05-08,Amazon,Mac,MacBook Pro 14-inch M2 Pro 512GB,New,1725.22,1730.895,1700.4525292777964,30.442470722203552,1.7587705044039965
2026-05-11,Amazon,Mac,MacBook Pro 14-inch M2 Pro 512GB,New,1691.35,1706.435,1667.041155267073,39.39384473292694,2.308546456965952
2026-05-18,Amazon,Mac,MacBook Pro 14-inch M2 Pro 512GB,New,1706.435,1718.93,1691.4496434382093,27.480356561790813,1.5986896826392472
2026-05-23,Amazon,Mac,MacBook Pro 14-inch M2 Pro 512GB,New,1675.84,1705.75,1705.1927152490398,0.557284750960207,0.032670951250781594
2026-05-25,Amazon,Mac,MacBook Pro 14-inch M2 Pro 512GB,New,1718.93,1703.7849999999999,1693.5283307771879,10.25666922281198,0.6019931636217
2026-05-30,Amazon,Mac,MacBook Pro 14-inch M2 Pro 512GB,New,1705.75,1705.72,1710.7551008331525,5.035100833152455,0.2951891771892488
2026-06-03,Amazon,Mac,MacBook Pro 14-inch M2 Pro 512GB,New,1683.17,1667.87,1685.771683607753,17.901683607753057,1.0733260750390055
2026-06-09,Amazon,Mac,MacBook Pro 14-inch M2 Pro 512GB,New,1682.74,1690.62,1695.0843326235276,4.464332623527753,0.26406481784953173
2026-06-12,Amazon,Mac,MacBook Pro 14-inch M2 Pro 512GB,New,1679.22,1725.88,1686.1483358634619,39.73166413653826,2.3021104675028536
2026-06-16,Amazon,Mac,MacBook Pro 14-inch M2 Pro 512GB,New,1690.62,1717.46,1683.9697749756501,33.49022502434991,1.9499857361656114
2026-06-18,Amazon,Mac,MacBook Pro 14-inch M2 Pro 512GB,New,1682.39,1696.37,1669.4425212560618,26.92747874393808,1.5873588158207281
2026-06-19,Amazon,Mac,MacBook Pro 14-inch M2 Pro 512GB,New,1725.88,1711.94,1693.7691495377267,18.170850462273393,1.0614186514873998
2026-06-21,Amazon,Mac,MacBook Pro 14-inch M2 Pro 512GB,New,1709.4,1713.21,1674.6260522244752,38.58394777552485,2.252143506956231
2026-06-25,Amazon,Mac,MacBook Pro 14-inch M2 Pro 512GB,New,1696.37,1704.74,1666.2530900311667,38.48690996883329,2.2576410460734944
2026-06-26,Amazon,Mac,MacBook Pro 14-inch M2 Pro 512GB,New,1711.94,1731.32,1689.4669702475467,41.85302975245327,2.4174057801246027
2026-07-03,Amazon,Mac,MacBook Pro 14-inch M2 Pro 512GB,New,1731.32,1361.06,1677.3127252582094,316.25272525820947,23.235766627349967
2026-07-04,Amazon,Mac,MacBook Pro 14-inch M2 Pro 512GB,New,1688.91,1408.44,1653.3614400951747,244.9214400951746,17.38955440737089
2026-07-06,Amazon,Mac,MacBook Pro 14-inch M2 Pro 512GB,New,1707.71,1376.88,1642.3027689255312,265.42276892553105,19.277117027303106
2026-07-07,Amazon,Mac,MacBook Pro 14-inch M2 Pro 512GB,New,1680.78,1337.71,1638.7754460370568,301.06544603705674,22.50603240142159
2026-07-10,Amazon,Mac,MacBook Pro 14-inch M2 Pro 512GB,New,1361.06,1304.09,1578.56613509429,274.47613509429016,21.04733071293317
2026-07-11,Amazon,Mac,MacBook Pro 14-inch M2 Pro 512GB,New,1408.44,1411.1,1649.8979245591104,238.79792455911047,16.92282081773868
2026-07-13,Amazon,Mac,MacBook Pro 14-inch M2 Pro 512GB,New,1376.88,1710.345,1710.7172440828617,0.3722440828616982,0.021764268779789934
2026-07-14,Amazon,Mac,MacBook Pro 14-inch M2 Pro 512GB,New,1337.71,1718.5,1692.7740236926238,25.725976307376186,1.4970018217850558
2026-07-17,Amazon,Mac,MacBook Pro 14-inch M2 Pro 512GB,New,1304.09,1712.78,1645.1622928508261,67.61770714917384,3.9478337643581685
2026-07-18,Amazon,Mac,MacBook Pro 14-inch M2 Pro 512GB,New,1411.1,1670.44,1575.6465068850143,94.79349311498572,5.674761925898908
2026-07-20,Amazon,Mac,MacBook Pro 14-inch M2 Pro 512GB,New,1710.345,1706.85,1621.8457215970207,85.00427840297925,4.980184456922357
2026-07-24,Amazon,Mac,MacBook Pro 14-inch M2 Pro 512GB,New,1712.78,1677.045,1633.8794474952824,43.16555250471765,2.573905441101321
2026-01-28,Amazon,Mac,MacBook Pro 14-inch M2 Pro 512GB,Renewed/Refurbished,1248.74,1372.15,1331.7382891194748,40.411710880525334,2.945137986410038
2026-02-08,Amazon,Mac,MacBook Pro 14-inch M2 Pro 512GB,Renewed/Refurbished,1350.4,1274.71,1344.724479613506,70.01447961350596,5.492581027332174
2026-02-14,Amazon,Mac,MacBook Pro 14-inch M2 Pro 512GB,Renewed/Refurbished,1304.86,1324.89,1348.1462034639908,23.256203463990687,1.7553308926771796
2026-02-17,Amazon,Mac,MacBook Pro 14-inch M2 Pro 512GB,Renewed/Refurbished,1278.74,1318.62,1294.9273919009322,23.692608099067684,1.7967729974570146
2026-02-24,Amazon,Mac,MacBook Pro 14-inch M2 Pro 512GB,Renewed/Refurbished,1318.62,1243.47,1330.9967017492195,87.52670174921946,7.0389073921541705
2026-03-14,Amazon,Mac,MacBook Pro 14-inch M2 Pro 512GB,Renewed/Refurbished,1228.38,1341.62,1318.992699395667,22.62730060433296,1.6865655404908215
2026-04-16,Amazon,Mac,MacBook Pro 14-inch M2 Pro 512GB,Renewed/Refurbished,1317.82,1377.25,1335.0318506173821,42.21814938261787,3.0653947636680243
2026-04-17,Amazon,Mac,MacBook Pro 14-inch M2 Pro 512GB,Renewed/Refurbished,1298.14,1391.26,1328.1983135272787,63.06168647272125,4.532703195141185
2026-05-12,Amazon,Mac,MacBook Pro 14-inch M2 Pro 512GB,Renewed/Refurbished,1264.58,1243.18,1359.6288493580387,116.44884935803861,9.367014379095433
2026-01-28,Amazon,Mac,MacBook Pro 14-inch M3 Pro 512GB,New,1803.435,1764.96,1812.0842305789374,47.124230578937386,2.6699885877831444
2026-01-31,Amazon,Mac,MacBook Pro 14-inch M3 Pro 512GB,New,1782.35,1824.0,1805.9094401559041,18.09055984409588,0.9918070089964846
2026-02-01,Amazon,Mac,MacBook Pro 14-inch M3 Pro 512GB,New,1817.43,1798.96,1797.2547571743057,1.705242825694313,0.09479048037167659
2026-02-05,Amazon,Mac,MacBook Pro 14-inch M3 Pro 512GB,New,1812.82,1777.26,1802.7420754485015,25.48207544850152,1.4337843336653906
2026-02-07,Amazon,Mac,MacBook Pro 14-inch M3 Pro 512GB,New,1824.0,1804.2,1806.4601012484159,2.260101248415822,0.12526888639928066
2026-02-08,Amazon,Mac,MacBook Pro 14-inch M3 Pro 512GB,New,1798.96,1803.3200000000002,1799.9923511320103,3.327648867989865,0.18452902801443252
2026-02-14,Amazon,Mac,MacBook Pro 14-inch M3 Pro 512GB,New,1804.2,1763.68,1786.821778710243,23.14177871024299,1.3121302452963681
2026-02-15,Amazon,Mac,MacBook Pro 14-inch M3 Pro 512GB,New,1803.3200000000002,1832.51,1821.1781758787238,11.331824121276213,0.618377205105359
2026-02-20,Amazon,Mac,MacBook Pro 14-inch M3 Pro 512GB,New,1787.115,1790.37,1764.7421860882068,25.627813911793055,1.4314255663238915
2026-02-21,Amazon,Mac,MacBook Pro 14-inch M3 Pro 512GB,New,1763.68,1776.59,1769.9472189272674,6.642781072732532,0.37390625145545864
2026-02-26,Amazon,Mac,MacBook Pro 14-inch M3 Pro 512GB,New,1792.38,1779.47,1794.1632921773585,14.693292177358444,0.8257117106418452
2026-02-28,Amazon,Mac,MacBook Pro 14-inch M3 Pro 512GB,New,1776.59,1787.22,1783.5869203972704,3.6330796027295946,0.20328105117051032
2026-03-04,Amazon,Mac,MacBook Pro 14-inch M3 Pro 512GB,New,1781.91,1770.65,1778.2298925060782,7.5798925060780675,0.4280853079986484
2026-03-09,Amazon,Mac,MacBook Pro 14-inch M3 Pro 512GB,New,1822.55,1787.07,1751.4530376157277,35.616962384272256,1.9930367799958735
2026-03-11,Amazon,Mac,MacBook Pro 14-inch M3 Pro 512GB,New,1770.65,1828.71,1766.1611174389222,62.54888256107779,3.420382814173805
2026-03-13,Amazon,Mac,MacBook Pro 14-inch M3 Pro 512GB,New,1812.16,1779.6,1777.415300286801,2.1846997131988246,0.12276352625302453
2026-03-17,Amazon,Mac,MacBook Pro 14-inch M3 Pro 512GB,New,1770.11,1828.68,1786.110501927923,42.56949807207707,2.3278812078699973
2026-03-19,Amazon,Mac,MacBook Pro 14-inch M3 Pro 512GB,New,1821.37,1799.49,1818.2288560728762,18.73885607287616,1.0413426066761227
2026-03-20,Amazon,Mac,MacBook Pro 14-inch M3 Pro 512GB,New,1779.6,1832.86,1813.0197517439713,19.840248256028644,1.0824748347407136
2026-03-26,Amazon,Mac,MacBook Pro 14-inch M3 Pro 512GB,New,1799.49,1818.78,1820.7516969038302,1.9716969038302068,0.10840766358934048
2026-04-01,Amazon,Mac,MacBook Pro 14-inch M3 Pro 512GB,New,1773.105,1791.205,1798.1668036677147,6.961803667714776,0.3886659353739397
2026-04-02,Amazon,Mac,MacBook Pro 14-inch M3 Pro 512GB,New,1818.78,1820.38,1784.2116378224746,36.16836217752552,1.9868578086732178
2026-04-05,Amazon,Mac,MacBook Pro 14-inch M3 Pro 512GB,New,1771.04,1776.89,1780.8589410020118,3.968941002011661,0.22336447399735837
2026-04-07,Amazon,Mac,MacBook Pro 14-inch M3 Pro 512GB,New,1800.48,1796.98,1802.844411764875,5.864411764875058,0.32634819335079174
2026-04-08,Amazon,Mac,MacBook Pro 14-inch M3 Pro 512GB,New,1791.205,1798.17,1796.5664233088442,1.6035766911559222,0.08917825851593132
2026-04-09,Amazon,Mac,MacBook Pro 14-inch M3 Pro 512GB,New,1820.38,1804.59,1773.6383154435352,30.95168455646467,1.715164361792134
2026-04-10,Amazon,Mac,MacBook Pro 14-inch M3 Pro 512GB,New,1788.8449999999998,1819.12,1796.065862969882,23.054137030118,1.2673235976800872
2026-04-12,Amazon,Mac,MacBook Pro 14-inch M3 Pro 512GB,New,1776.89,1766.405,1797.1314810098438,30.726481009843837,1.7394924159433334
2026-04-14,Amazon,Mac,MacBook Pro 14-inch M3 Pro 512GB,New,1796.98,1763.53,1773.9119444529606,10.381944452960624,0.5887024577387754
2026-04-16,Amazon,Mac,MacBook Pro 14-inch M3 Pro 512GB,New,1804.59,1770.31,1786.290713634811,15.980713634811082,0.9027070758686943
2026-04-19,Amazon,Mac,MacBook Pro 14-inch M3 Pro 512GB,New,1766.405,1796.65,1779.7785903356157,16.871409664384373,0.9390482099676828
2026-04-23,Amazon,Mac,MacBook Pro 14-inch M3 Pro 512GB,New,1770.31,1800.1,1793.3770281174866,6.7229718825133205,0.373477689156898
2026-04-25,Amazon,Mac,MacBook Pro 14-inch M3 Pro 512GB,New,1782.5500000000002,1779.605,1777.1841286459326,2.420871354067458,0.13603419601919853
2026-04-29,Amazon,Mac,MacBook Pro 14-inch M3 Pro 512GB,New,1805.99,1803.4299999999998,1788.9687719258566,14.461228074143264,0.8018735450859343
2026-05-02,Amazon,Mac,MacBook Pro 14-inch M3 Pro 512GB,New,1779.605,1818.08,1778.1039406982072,39.9760593017927,2.198806394756705
2026-05-04,Amazon,Mac,MacBook Pro 14-inch M3 Pro 512GB,New,1797.31,1815.335,1767.0323235887881,48.302676411211905,2.660813371152537
2026-05-06,Amazon,Mac,MacBook Pro 14-inch M3 Pro 512GB,New,1803.4299999999998,1817.87,1762.8816791637655,54.98832083623438,3.0248764122976004
2026-05-08,Amazon,Mac,MacBook Pro 14-inch M3 Pro 512GB,New,1801.04,1781.435,1810.809480554473,29.374480554473166,1.6489223886626887
2026-05-11,Amazon,Mac,MacBook Pro 14-inch M3 Pro 512GB,New,1815.335,1795.03,1807.7238843111722,12.693884311172269,0.7071683654965248
2026-05-13,Amazon,Mac,MacBook Pro 14-inch M3 Pro 512GB,New,1817.87,1814.8,1796.5421467130036,18.25785328699635,1.006053189717674
2026-05-14,Amazon,Mac,MacBook Pro 14-inch M3 Pro 512GB,New,1811.83,1790.08,1799.2461972158308,9.166197215830834,0.5120551716029917
2026-05-17,Amazon,Mac,MacBook Pro 14-inch M3 Pro 512GB,New,1816.565,1805.94,1802.8178286181892,3.1221713818108583,0.17288345027026691
2026-05-19,Amazon,Mac,MacBook Pro 14-inch M3 Pro 512GB,New,1775.7849999999999,1790.43,1784.09186090712,6.338139092880056,0.35400094350966277
2026-05-20,Amazon,Mac,MacBook Pro 14-inch M3 Pro 512GB,New,1814.8,1803.63,1799.9205537643434,3.709446235656742,0.20566558749060185
2026-05-21,Amazon,Mac,MacBook Pro 14-inch M3 Pro 512GB,New,1790.08,1790.08,1802.4619689938818,12.381968993881856,0.6916991974594351
2026-05-23,Amazon,Mac,MacBook Pro 14-inch M3 Pro 512GB,New,1782.405,1822.67,1818.1268987458525,4.543101254147587,0.24925528231372585
2026-05-24,Amazon,Mac,MacBook Pro 14-inch M3 Pro 512GB,New,1805.94,1811.74,1785.0989064777693,26.641093522230676,1.4704700190000042
2026-05-28,Amazon,Mac,MacBook Pro 14-inch M3 Pro 512GB,New,1790.08,1765.93,1787.0446337488538,21.11463374885375,1.1956665184267636
2026-05-29,Amazon,Mac,MacBook Pro 14-inch M3 Pro 512GB,New,1820.12,1799.275,1792.9642856167052,6.310714383294908,0.3507365123894295
2026-05-31,Amazon,Mac,MacBook Pro 14-inch M3 Pro 512GB,New,1811.74,1798.07,1803.607220321406,5.537220321406039,0.30795354582446954
2026-06-05,Amazon,Mac,MacBook Pro 14-inch M3 Pro 512GB,New,1799.275,1803.44,1808.0685777901967,4.628577790196687,0.25665271870407036
2026-06-07,Amazon,Mac,MacBook Pro 14-inch M3 Pro 512GB,New,1798.07,1775.85,1802.8824010038456,27.032401003845735,1.5222232172675472
2026-06-08,Amazon,Mac,MacBook Pro 14-inch M3 Pro 512GB,New,1805.84,1819.47,1806.6088519740101,12.861148025989905,0.706862329469016
2026-06-14,Amazon,Mac,MacBook Pro 14-inch M3 Pro 512GB,New,1775.85,1794.5900000000001,1791.173490939628,3.4165090603721637,0.19037825132047784
2026-06-15,Amazon,Mac,MacBook Pro 14-inch M3 Pro 512GB,New,1819.47,1787.96,1803.6112028798234,15.651202879823359,0.8753665003592562
2026-06-17,Amazon,Mac,MacBook Pro 14-inch M3 Pro 512GB,New,1799.4,1824.61,1809.7001213835372,14.90987861646272,0.8171542749663063
2026-06-18,Amazon,Mac,MacBook Pro 14-inch M3 Pro 512GB,New,1815.98,1778.7649999999999,1819.8714929251755,41.106492925175644,2.3109569237743965
2026-06-21,Amazon,Mac,MacBook Pro 14-inch M3 Pro 512GB,New,1794.5900000000001,1830.27,1800.768834121888,29.501165878112033,1.6118477535069706
2026-06-22,Amazon,Mac,MacBook Pro 14-inch M3 Pro 512GB,New,1787.96,1777.0349999999999,1806.1354874798903,29.10048747989049,1.6375866249055584
2026-06-25,Amazon,Mac,MacBook Pro 14-inch M3 Pro 512GB,New,1778.7649999999999,1765.24,1801.3324116783733,36.09241167837331,2.0446178241130557
2026-06-28,Amazon,Mac,MacBook Pro 14-inch M3 Pro 512GB,New,1830.27,1785.745,1790.9269745878423,5.181974587842433,0.2901855857271018
2026-06-29,Amazon,Mac,MacBook Pro 14-inch M3 Pro 512GB,New,1777.0349999999999,1825.64,1801.324914786016,24.315085213984048,1.3318663709156267
2026-07-05,Amazon,Mac,MacBook Pro 14-inch M3 Pro 512GB,New,1785.745,1451.92,1757.6956662657444,305.77566626574435,21.060090519157
2026-07-07,Amazon,Mac,MacBook Pro 14-inch M3 Pro 512GB,New,1810.315,1487.67,1745.764924547028,258.09492454702786,17.348936561672133
2026-07-08,Amazon,Mac,MacBook Pro 14-inch M3 Pro 512GB,New,1796.86,1416.525,1760.010292591669,343.4852925916689,24.248445498079377
2026-07-12,Amazon,Mac,MacBook Pro 14-inch M3 Pro 512GB,New,1451.92,1800.99,1599.119957415237,201.87004258476304,11.208837505192314
2026-07-14,Amazon,Mac,MacBook Pro 14-inch M3 Pro 512GB,New,1487.67,1783.38,1668.210103259496,115.1698967405041,6.457956057626759
2026-07-15,Amazon,Mac,MacBook Pro 14-inch M3 Pro 512GB,New,1416.525,1816.58,1701.027294036118,115.55270596388186,6.361002871543333
2026-07-18,Amazon,Mac,MacBook Pro 14-inch M3 Pro 512GB,New,1495.24,1822.77,1790.733622753216,32.03637724678401,1.7575655319532368
2026-07-19,Amazon,Mac,MacBook Pro 14-inch M3 Pro 512GB,New,1800.99,1765.61,1793.1849372201805,27.574937220180573,1.5617796240495112
2026-07-21,Amazon,Mac,MacBook Pro 14-inch M3 Pro 512GB,New,1783.38,1783.32,1794.3962110990255,11.076211099025613,0.6211005932208249
2026-07-22,Amazon,Mac,MacBook Pro 14-inch M3 Pro 512GB,New,1816.58,1827.44,1756.9924207903464,70.44757920965367,3.8549872613959235
2026-01-27,Amazon,Mac,MacBook Pro 14-inch M3 Pro 512GB,Renewed/Refurbished,1374.63,1380.73,1367.4989761894763,13.231023810523766,0.9582629341380113
2026-01-28,Amazon,Mac,MacBook Pro 14-inch M3 Pro 512GB,Renewed/Refurbished,1460.55,1286.74,1384.4175030881472,97.6775030881472,7.591083131646424
2026-01-29,Amazon,Mac,MacBook Pro 14-inch M3 Pro 512GB,Renewed/Refurbished,1287.46,1435.82,1348.7858840990584,87.03411590094152,6.06163139536582
2026-02-03,Amazon,Mac,MacBook Pro 14-inch M3 Pro 512GB,Renewed/Refurbished,1380.73,1348.72,1344.7738122492487,3.946187750751278,0.2925876201695888
2026-02-04,Amazon,Mac,MacBook Pro 14-inch M3 Pro 512GB,Renewed/Refurbished,1286.74,1448.06,1354.1098066642203,93.95019333577966,6.488004180474542
2026-02-07,Amazon,Mac,MacBook Pro 14-inch M3 Pro 512GB,Renewed/Refurbished,1320.18,1315.22,1381.3615038051605,66.14150380516048,5.0289308104469574
2026-02-10,Amazon,Mac,MacBook Pro 14-inch M3 Pro 512GB,Renewed/Refurbished,1348.72,1261.36,1351.2838696688618,89.92386966886193,7.129120129769609
2026-02-13,Amazon,Mac,MacBook Pro 14-inch M3 Pro 512GB,Renewed/Refurbished,1396.37,1466.25,1371.3677248390654,94.88227516093457,6.471084409952913
2026-02-17,Amazon,Mac,MacBook Pro 14-inch M3 Pro 512GB,Renewed/Refurbished,1261.36,1300.19,1332.9403114306729,32.75031143067281,2.518886580474608
2026-03-01,Amazon,Mac,MacBook Pro 14-inch M3 Pro 512GB,Renewed/Refurbished,1484.73,1360.0349999999999,1396.2195517985429,36.184551798543,2.6605603384135703
2026-03-08,Amazon,Mac,MacBook Pro 14-inch M3 Pro 512GB,Renewed/Refurbished,1360.0349999999999,1462.68,1397.5845539386946,65.09544606130544,4.450422926498307
2026-03-17,Amazon,Mac,MacBook Pro 14-inch M3 Pro 512GB,Renewed/Refurbished,1475.24,1480.52,1400.3732621175318,80.14673788246819,5.413418115423513
2026-04-16,Amazon,Mac,MacBook Pro 14-inch M3 Pro 512GB,Renewed/Refurbished,1478.21,1446.15,1389.9626040481205,56.18739595187958,3.8853089895155812
2026-04-17,Amazon,Mac,MacBook Pro 14-inch M3 Pro 512GB,Renewed/Refurbished,1274.82,1444.17,1349.0942963670664,95.07570363293371,6.583414946504478
2026-04-26,Amazon,Mac,MacBook Pro 14-inch M3 Pro 512GB,Renewed/Refurbished,1401.81,1470.82,1374.5591574245043,96.26084257549564,6.544705849491825
2026-05-03,Amazon,Mac,MacBook Pro 14-inch M3 Pro 512GB,Renewed/Refurbished,1470.82,1344.9,1369.700488953949,24.800488953948843,1.8440396277752131
2026-05-06,Amazon,Mac,MacBook Pro 14-inch M3 Pro 512GB,Renewed/Refurbished,1431.52,1412.2,1370.2013113151784,41.99868868482167,2.9739901348832793
2026-05-11,Amazon,Mac,MacBook Pro 14-inch M3 Pro 512GB,Renewed/Refurbished,1463.76,1395.67,1385.3378765155578,10.332123484442263,0.7402984576900172
2026-05-13,Amazon,Mac,MacBook Pro 14-inch M3 Pro 512GB,Renewed/Refurbished,1412.2,1367.86,1398.1838203985271,30.323820398527232,2.216880411630374
2026-06-30,Amazon,Mac,MacBook Pro 14-inch M3 Pro 512GB,Renewed/Refurbished,1384.03,1483.49,1372.1732074787888,111.31679252121126,7.503710339888456
2026-01-25,Amazon,Mac,MacBook Pro 14-inch M4 Pro 512GB,New,1884.66,1918.16,1895.5324671771796,22.627532822820513,1.1796478303593294
2026-01-27,Amazon,Mac,MacBook Pro 14-inch M4 Pro 512GB,New,1906.2350000000001,1866.9450000000002,1874.5478397303955,7.602839730395317,0.40723426401931045
2026-01-29,Amazon,Mac,MacBook Pro 14-inch M4 Pro 512GB,New,1896.31,1886.78,1893.7378633959,6.957863395899949,0.3687691938593768
2026-01-30,Amazon,Mac,MacBook Pro 14-inch M4 Pro 512GB,New,1922.02,1862.01,1899.3667525088936,37.35675250889358,2.0062594996210317
2026-02-01,Amazon,Mac,MacBook Pro 14-inch M4 Pro 512GB,New,1918.16,1890.6100000000001,1907.0619112024494,16.45191120244931,0.8701906370139431
2026-02-05,Amazon,Mac,MacBook Pro 14-inch M4 Pro 512GB,New,1886.78,1901.17,1865.6777526310434,35.49224736895667,1.8668634245731137
2026-02-06,Amazon,Mac,MacBook Pro 14-inch M4 Pro 512GB,New,1862.01,1892.31,1879.7352404513692,12.574759548630709,0.664519003156497
2026-02-09,Amazon,Mac,MacBook Pro 14-inch M4 Pro 512GB,New,1895.49,1930.1,1904.4657811857405,25.634218814259384,1.328129051047064
2026-02-12,Amazon,Mac,MacBook Pro 14-inch M4 Pro 512GB,New,1901.17,1905.68,1887.989613998075,17.690386001925162,0.9282978255491563
2026-02-13,Amazon,Mac,MacBook Pro 14-inch M4 Pro 512GB,New,1892.31,1882.85,1892.2737772884227,9.423777288422798,0.5005060035808906
2026-02-16,Amazon,Mac,MacBook Pro 14-inch M4 Pro 512GB,New,1930.1,1885.73,1865.7451620761292,19.984837923870828,1.0597931795045328
2026-02-17,Amazon,Mac,MacBook Pro 14-inch M4 Pro 512GB,New,1887.85,1907.11,1888.7596990710604,18.350300928939532,0.962204640998135
2026-02-18,Amazon,Mac,MacBook Pro 14-inch M4 Pro 512GB,New,1887.26,1899.74,1862.844954087448,36.89504591255195,1.9421102841731999
2026-02-19,Amazon,Mac,MacBook Pro 14-inch M4 Pro 512GB,New,1905.68,1920.75,1886.5422344236558,34.20776557634417,1.7809587700816958
2026-02-20,Amazon,Mac,MacBook Pro 14-inch M4 Pro 512GB,New,1882.85,1864.53,1875.8838081592078,11.353808159207802,0.6089367379021953
2026-02-21,Amazon,Mac,MacBook Pro 14-inch M4 Pro 512GB,New,1927.44,1896.9,1891.372928320256,5.52707167974404,0.29137390899594284
2026-02-22,Amazon,Mac,MacBook Pro 14-inch M4 Pro 512GB,New,1884.32,1863.11,1888.9377263618926,25.8277263618927,1.386269536521875
2026-02-24,Amazon,Mac,MacBook Pro 14-inch M4 Pro 512GB,New,1907.11,1895.1550000000002,1894.1300792378945,1.024920762105694,0.05408110482286113
2026-02-26,Amazon,Mac,MacBook Pro 14-inch M4 Pro 512GB,New,1920.75,1924.62,1875.2320511202674,49.38794887973245,2.5661142916384767
2026-02-27,Amazon,Mac,MacBook Pro 14-inch M4 Pro 512GB,New,1864.53,1929.52,1891.0917888038182,38.42821119618179,1.9915943445096083
2026-02-28,Amazon,Mac,MacBook Pro 14-inch M4 Pro 512GB,New,1896.9,1898.395,1883.0204028612072,15.374597138792751,0.8098734530375792
2026-03-01,Amazon,Mac,MacBook Pro 14-inch M4 Pro 512GB,New,1863.11,1894.3000000000002,1882.5704760618873,11.729523938112834,0.6192009680680374
2026-03-03,Amazon,Mac,MacBook Pro 14-inch M4 Pro 512GB,New,1895.1550000000002,1909.8,1874.8438831688882,34.956116831111785,1.8303548450681633
2026-03-05,Amazon,Mac,MacBook Pro 14-inch M4 Pro 512GB,New,1924.62,1900.94,1885.6598894875865,15.280110512413557,0.8038186640511303
2026-03-06,Amazon,Mac,MacBook Pro 14-inch M4 Pro 512GB,New,1929.52,1896.205,1902.486655605235,6.281655605235073,0.331275131393234
2026-03-07,Amazon,Mac,MacBook Pro 14-inch M4 Pro 512GB,New,1898.395,1894.23,1891.8381859086355,2.3918140913644947,0.12626840939930709
2026-03-09,Amazon,Mac,MacBook Pro 14-inch M4 Pro 512GB,New,1902.25,1928.82,1891.765176803032,37.054823196967845,1.9211135926093594
2026-03-10,Amazon,Mac,MacBook Pro 14-inch M4 Pro 512GB,New,1909.8,1891.7800000000002,1882.5054933932565,9.274506606743671,0.49025291560031664
2026-03-14,Amazon,Mac,MacBook Pro 14-inch M4 Pro 512GB,New,1894.23,1932.775,1890.0993032012632,42.67569679873691,2.2080012830638283
2026-03-17,Amazon,Mac,MacBook Pro 14-inch M4 Pro 512GB,New,1891.7800000000002,1909.475,1889.4626616057815,20.012338394218432,1.0480544858779735
2026-03-18,Amazon,Mac,MacBook Pro 14-inch M4 Pro 512GB,New,1899.8,1933.4,1893.554656694004,39.84534330599604,2.0608949677250457
2026-03-21,Amazon,Mac,MacBook Pro 14-inch M4 Pro 512GB,New,1932.775,1893.95,1897.363860549022,3.413860549022047,0.18025082758372962
2026-03-22,Amazon,Mac,MacBook Pro 14-inch M4 Pro 512GB,New,1893.585,1904.15,1917.5177473226342,13.367747322634159,0.702032262302558
2026-03-25,Amazon,Mac,MacBook Pro 14-inch M4 Pro 512GB,New,1933.4,1877.61,1906.640612375331,29.030612375331202,1.546147089935141
2026-03-28,Amazon,Mac,MacBook Pro 14-inch M4 Pro 512GB,New,1893.95,1865.61,1914.0275116672046,48.417511667204735,2.5952643728970544
2026-03-30,Amazon,Mac,MacBook Pro 14-inch M4 Pro 512GB,New,1892.09,1915.14,1898.0922924822382,17.047707517761864,0.8901546371420296
2026-04-01,Amazon,Mac,MacBook Pro 14-inch M4 Pro 512GB,New,1877.61,1915.07,1866.4589938568288,48.61100614317115,2.5383409558486716
2026-04-02,Amazon,Mac,MacBook Pro 14-inch M4 Pro 512GB,New,1881.3,1883.055,1879.3007194924594,3.7542805075406704,0.19937179251485856
2026-04-03,Amazon,Mac,MacBook Pro 14-inch M4 Pro 512GB,New,1921.625,1918.73,1897.236969958682,21.49303004131798,1.120169593497677
2026-04-06,Amazon,Mac,MacBook Pro 14-inch M4 Pro 512GB,New,1915.14,1920.58,1880.4582842819618,40.121715718038104,2.089041628989061
2026-04-07,Amazon,Mac,MacBook Pro 14-inch M4 Pro 512GB,New,1903.565,1904.46,1883.11310782004,21.346892179959923,1.1208895004337147
2026-04-08,Amazon,Mac,MacBook Pro 14-inch M4 Pro 512GB,New,1915.07,1923.48,1892.3329233233142,31.147076676685856,1.6193085801092737
2026-04-10,Amazon,Mac,MacBook Pro 14-inch M4 Pro 512GB,New,1918.73,1878.8,1891.6024471073686,12.802447107368607,0.6814161756104219
2026-04-12,Amazon,Mac,MacBook Pro 14-inch M4 Pro 512GB,New,1905.96,1910.51,1898.4021884426115,12.107811557388459,0.6337476148980355
2026-04-13,Amazon,Mac,MacBook Pro 14-inch M4 Pro 512GB,New,1920.58,1908.59,1885.5909592232226,22.999040776777292,1.2050278360872315
2026-04-14,Amazon,Mac,MacBook Pro 14-inch M4 Pro 512GB,New,1904.46,1904.18,1891.7601210098078,12.419878990192274,0.6522429071932418
2026-04-17,Amazon,Mac,MacBook Pro 14-inch M4 Pro 512GB,New,1878.8,1901.34,1889.1035405946823,12.236459405317646,0.64357029281021
2026-04-19,Amazon,Mac,MacBook Pro 14-inch M4 Pro 512GB,New,1910.51,1885.68,1887.770059743467,2.090059743467009,0.11083851679325278
2026-04-20,Amazon,Mac,MacBook Pro 14-inch M4 Pro 512GB,New,1908.59,1915.82,1903.6792840615676,12.140715938432322,0.6337085915395143
2026-04-21,Amazon,Mac,MacBook Pro 14-inch M4 Pro 512GB,New,1904.18,1889.585,1889.0315675670968,0.5534324329032643,0.0292885703952595
2026-04-24,Amazon,Mac,MacBook Pro 14-inch M4 Pro 512GB,New,1901.34,1868.4,1884.6101433824956,16.210143382495517,0.8675949144987967
2026-04-26,Amazon,Mac,MacBook Pro 14-inch M4 Pro 512GB,New,1885.68,1927.67,1879.2360526605676,48.43394733943251,2.5125642531881756
2026-04-27,Amazon,Mac,MacBook Pro 14-inch M4 Pro 512GB,New,1915.82,1895.99,1889.342671902584,6.647328097415993,0.3505993226449503
2026-04-28,Amazon,Mac,MacBook Pro 14-inch M4 Pro 512GB,New,1889.585,1908.205,1880.841080902603,27.363919097397,1.4340135937908665
2026-04-29,Amazon,Mac,MacBook Pro 14-inch M4 Pro 512GB,New,1896.72,1896.85,1875.3659861140482,21.484013885951754,1.132615329939202
2026-04-30,Amazon,Mac,MacBook Pro 14-inch M4 Pro 512GB,New,1890.22,1881.46,1887.0098018148094,5.549801814809371,0.29497314929944674
2026-05-01,Amazon,Mac,MacBook Pro 14-inch M4 Pro 512GB,New,1868.4,1893.8,1886.9826861498427,6.817313850157234,0.35998066586530963
2026-05-02,Amazon,Mac,MacBook Pro 14-inch M4 Pro 512GB,New,1903.0149999999999,1866.2849999999999,1892.587942225385,26.302942225385095,1.409374357366913
2026-05-04,Amazon,Mac,MacBook Pro 14-inch M4 Pro 512GB,New,1895.99,1920.975,1906.4597162998655,14.515283700134432,0.7556206457728202
2026-05-05,Amazon,Mac,MacBook Pro 14-inch M4 Pro 512GB,New,1908.205,1919.48,1888.1116680428552,31.368331957144846,1.634209887945946
2026-05-06,Amazon,Mac,MacBook Pro 14-inch M4 Pro 512GB,New,1896.85,1893.935,1874.9065907985412,19.02840920145877,1.0047023367464445
2026-05-09,Amazon,Mac,MacBook Pro 14-inch M4 Pro 512GB,New,1866.2849999999999,1891.95,1877.0127947354617,14.937205264538306,0.7895137432034836
2026-05-11,Amazon,Mac,MacBook Pro 14-inch M4 Pro 512GB,New,1920.975,1872.94,1905.2873299011096,32.34732990110956,1.7270884225394065
2026-05-13,Amazon,Mac,MacBook Pro 14-inch M4 Pro 512GB,New,1893.935,1908.43,1910.933893139551,2.5038931395508826,0.13120172809853559
2026-05-16,Amazon,Mac,MacBook Pro 14-inch M4 Pro 512GB,New,1891.95,1886.31,1881.1417255147019,5.16827448529807,0.2739886066075073
2026-05-17,Amazon,Mac,MacBook Pro 14-inch M4 Pro 512GB,New,1908.26,1861.81,1892.545019887431,30.735019887431008,1.650813986788717
2026-05-18,Amazon,Mac,MacBook Pro 14-inch M4 Pro 512GB,New,1872.94,1897.15,1891.6339354660768,5.516064533923327,0.2907553189744262
2026-05-20,Amazon,Mac,MacBook Pro 14-inch M4 Pro 512GB,New,1908.43,1888.045,1896.1558318718949,8.110831871894788,0.42958890661476756
2026-05-21,Amazon,Mac,MacBook Pro 14-inch M4 Pro 512GB,New,1887.26,1901.915,1888.9140721747865,13.000927825213466,0.6835703922211805
2026-05-23,Amazon,Mac,MacBook Pro 14-inch M4 Pro 512GB,New,1886.31,1912.47,1877.2668421710755,35.20315782892453,1.8407168650449175
2026-05-24,Amazon,Mac,MacBook Pro 14-inch M4 Pro 512GB,New,1861.81,1912.13,1859.2293116871965,52.900688312803595,2.7665842967164154
2026-05-25,Amazon,Mac,MacBook Pro 14-inch M4 Pro 512GB,New,1897.15,1884.695,1878.189716923976,6.505283076023943,0.34516370426111087
2026-05-26,Amazon,Mac,MacBook Pro 14-inch M4 Pro 512GB,New,1862.85,1896.86,1894.983615410614,1.876384589385907,0.09892056289794224
2026-05-27,Amazon,Mac,MacBook Pro 14-inch M4 Pro 512GB,New,1888.045,1899.07,1877.3603736370867,21.70962636291324,1.1431714661867778
2026-05-28,Amazon,Mac,MacBook Pro 14-inch M4 Pro 512GB,New,1901.915,1910.275,1880.907433065998,29.36756693400207,1.53734760356504
2026-05-29,Amazon,Mac,MacBook Pro 14-inch M4 Pro 512GB,New,1898.125,1893.85,1861.8768268793297,31.973173120670253,1.6882632267956943
2026-05-30,Amazon,Mac,MacBook Pro 14-inch M4 Pro 512GB,New,1912.47,1926.785,1899.7447144874818,27.040285512518267,1.4033888323045003
2026-06-01,Amazon,Mac,MacBook Pro 14-inch M4 Pro 512GB,New,1884.695,1883.85,1899.116062424543,15.266062424543179,0.8103650728318698
2026-06-02,Amazon,Mac,MacBook Pro 14-inch M4 Pro 512GB,New,1896.86,1891.7150000000001,1878.5494175977046,13.165582402295513,0.6959601421089071
2026-06-03,Amazon,Mac,MacBook Pro 14-inch M4 Pro 512GB,New,1899.07,1928.76,1884.5727016010235,44.18729839897651,2.2909692444356224
2026-06-04,Amazon,Mac,MacBook Pro 14-inch M4 Pro 512GB,New,1910.275,1873.71,1894.077786223108,20.36778622310794,1.0870298084072745
2026-06-05,Amazon,Mac,MacBook Pro 14-inch M4 Pro 512GB,New,1893.85,1869.3600000000001,1889.9763249463012,20.61632494630112,1.1028547174595111
2026-06-08,Amazon,Mac,MacBook Pro 14-inch M4 Pro 512GB,New,1883.85,1897.0149999999999,1875.6702613214081,21.34473867859174,1.1251750080306029
2026-06-09,Amazon,Mac,MacBook Pro 14-inch M4 Pro 512GB,New,1891.7150000000001,1862.45,1877.723878536456,15.273878536455868,0.8200960313810233
2026-06-10,Amazon,Mac,MacBook Pro 14-inch M4 Pro 512GB,New,1928.76,1891.2,1861.5155657234523,29.68443427654779,1.5696084114079838
2026-06-11,Amazon,Mac,MacBook Pro 14-inch M4 Pro 512GB,New,1873.71,1865.03,1894.148418239857,29.118418239856965,1.5612841745096306
2026-06-12,Amazon,Mac,MacBook Pro 14-inch M4 Pro 512GB,New,1869.3600000000001,1925.3,1880.2218382014648,45.07816179853512,2.3413578039025147
2026-06-15,Amazon,Mac,MacBook Pro 14-inch M4 Pro 512GB,New,1897.0149999999999,1929.63,1879.103747446607,50.52625255339308,2.6184425280179657
2026-06-16,Amazon,Mac,MacBook Pro 14-inch M4 Pro 512GB,New,1862.45,1889.98,1896.494795171299,6.514795171299056,0.34470180484973684
2026-06-17,Amazon,Mac,MacBook Pro 14-inch M4 Pro 512GB,New,1891.2,1868.46,1865.7466839575645,2.7133160424355083,0.145216704796223
2026-06-19,Amazon,Mac,MacBook Pro 14-inch M4 Pro 512GB,New,1925.3,1912.18,1881.0157905673402,31.164209432659845,1.6297738409909026
2026-06-20,Amazon,Mac,MacBook Pro 14-inch M4 Pro 512GB,New,1897.68,1894.57,1898.1049758263116,3.5349758263116655,0.18658459842136557
2026-06-21,Amazon,Mac,MacBook Pro 14-inch M4 Pro 512GB,New,1901.275,1915.145,1884.9965739593408,30.14842604065916,1.5742111454046124
2026-06-22,Amazon,Mac,MacBook Pro 14-inch M4 Pro 512GB,New,1929.63,1916.12,1887.1513001376459,28.968699862354015,1.5118416311271745
2026-06-23,Amazon,Mac,MacBook Pro 14-inch M4 Pro 512GB,New,1889.98,1878.96,1881.8933318241961,2.9333318241961024,0.15611464981671255
2026-06-24,Amazon,Mac,MacBook Pro 14-inch M4 Pro 512GB,New,1868.46,1916.34,1882.283833818942,34.05616618105796,1.777146340474966
2026-06-26,Amazon,Mac,MacBook Pro 14-inch M4 Pro 512GB,New,1912.18,1916.81,1880.884879249793,35.92512075020704,1.8742139674880163
2026-06-27,Amazon,Mac,MacBook Pro 14-inch M4 Pro 512GB,New,1894.57,1889.18,1893.3655934496203,4.185593449620228,0.2215560957463147
2026-06-29,Amazon,Mac,MacBook Pro 14-inch M4 Pro 512GB,New,1916.12,1901.29,1868.340954453654,32.94904554634604,1.7329836871990092
2026-06-30,Amazon,Mac,MacBook Pro 14-inch M4 Pro 512GB,New,1878.96,1903.4,1888.0472604530337,15.352739546966404,0.8065955420282864
2026-07-01,Amazon,Mac,MacBook Pro 14-inch M4 Pro 512GB,New,1916.34,1882.955,1867.829769176073,15.12523082392704,0.8032709663229892
2026-07-02,Amazon,Mac,MacBook Pro 14-inch M4 Pro 512GB,New,1910.02,1908.635,1827.1297384447887,81.50526155521129,4.270343022904394
2026-07-03,Amazon,Mac,MacBook Pro 14-inch M4 Pro 512GB,New,1916.81,1603.71,1818.3967253865228,214.68672538652277,13.386879509794337
2026-07-04,Amazon,Mac,MacBook Pro 14-inch M4 Pro 512GB,New,1889.18,1614.21,1845.2534034502246,231.04340345022456,14.313094544713795
2026-07-06,Amazon,Mac,MacBook Pro 14-inch M4 Pro 512GB,New,1901.29,1522.96,1833.847549363714,310.887549363714,20.41337588404909
2026-07-07,Amazon,Mac,MacBook Pro 14-inch M4 Pro 512GB,New,1903.4,1437.36,1829.6528961689094,392.29289616890946,27.292598664837588
2026-07-09,Amazon,Mac,MacBook Pro 14-inch M4 Pro 512GB,New,1908.635,1501.925,1855.24248431832,353.3174843183201,23.524309424127047
2026-07-10,Amazon,Mac,MacBook Pro 14-inch M4 Pro 512GB,New,1603.71,1495.1799999999998,1766.9182517228553,271.73825172285547,18.174283479103217
2026-07-11,Amazon,Mac,MacBook Pro 14-inch M4 Pro 512GB,New,1614.21,1490.35,1775.3703134384327,285.0203134384328,19.124387790682245
2026-07-12,Amazon,Mac,MacBook Pro 14-inch M4 Pro 512GB,New,1573.75,1883.8,1840.6547372930925,43.14526270690749,2.290331389049129
2026-07-14,Amazon,Mac,MacBook Pro 14-inch M4 Pro 512GB,New,1437.36,1894.29,1825.3134990289745,68.97650097102542,3.6412851765582572
2026-07-16,Amazon,Mac,MacBook Pro 14-inch M4 Pro 512GB,New,1501.925,1878.58,1863.3740624054167,15.205937594583247,0.8094378517062487
2026-07-17,Amazon,Mac,MacBook Pro 14-inch M4 Pro 512GB,New,1495.1799999999998,1910.56,1841.1018853858725,69.45811461412745,3.6354846021128595
2026-07-19,Amazon,Mac,MacBook Pro 14-inch M4 Pro 512GB,New,1883.8,1904.08,1835.6520819294115,68.42791807058848,3.5937522620156965
2026-07-23,Amazon,Mac,MacBook Pro 14-inch M4 Pro 512GB,New,1878.58,1895.71,1860.8825518495578,34.82744815044225,1.8371717272389898
2026-07-24,Amazon,Mac,MacBook Pro 14-inch M4 Pro 512GB,New,1910.56,1913.47,1873.3334288042433,40.13657119575669,2.097580374699195
2026-02-04,Amazon,Mac,MacBook Pro 14-inch M4 Pro 512GB,Renewed/Refurbished,1536.69,1458.5900000000001,1492.045703396269,33.455703396268746,2.293701684247715
2026-02-16,Amazon,Mac,MacBook Pro 14-inch M4 Pro 512GB,Renewed/Refurbished,1336.16,1486.1,1428.7395591826923,57.36044081730756,3.859796838524162
2026-03-03,Amazon,Mac,MacBook Pro 14-inch M4 Pro 512GB,Renewed/Refurbished,1544.03,1413.75,1441.3249455997407,27.57494559974066,1.9504824473733446
2026-03-04,Amazon,Mac,MacBook Pro 14-inch M4 Pro 512GB,Renewed/Refurbished,1473.04,1524.98,1489.3725031936813,35.60749680631875,2.334948445639861
2026-03-20,Amazon,Mac,MacBook Pro 14-inch M4 Pro 512GB,Renewed/Refurbished,1544.07,1539.28,1477.9445038792255,61.33549612077445,3.9846873941566483
2026-03-26,Amazon,Mac,MacBook Pro 14-inch M4 Pro 512GB,Renewed/Refurbished,1325.56,1623.1,1455.036419842726,168.06358015727392,10.35448094124046
2026-03-27,Amazon,Mac,MacBook Pro 14-inch M4 Pro 512GB,Renewed/Refurbished,1539.28,1511.73,1473.7784354277292,37.951564572270854,2.5104724105674197
2026-04-07,Amazon,Mac,MacBook Pro 14-inch M4 Pro 512GB,Renewed/Refurbished,1428.88,1503.63,1480.955692864734,22.67430713526619,1.5079711854157065
2026-04-14,Amazon,Mac,MacBook Pro 14-inch M4 Pro 512GB,Renewed/Refurbished,1503.63,1519.455,1456.4168441175793,63.0381558824206,4.14873463724958
2026-04-16,Amazon,Mac,MacBook Pro 14-inch M4 Pro 512GB,Renewed/Refurbished,1536.44,1550.08,1464.5541865826167,85.52581341738323,5.517509639333663
2026-04-17,Amazon,Mac,MacBook Pro 14-inch M4 Pro 512GB,Renewed/Refurbished,1561.26,1357.06,1490.6168392525824,133.55683925258245,9.841631118195398
2026-04-24,Amazon,Mac,MacBook Pro 14-inch M4 Pro 512GB,Renewed/Refurbished,1357.06,1594.38,1448.4572561772657,145.92274382273445,9.152319009441566
2026-05-01,Amazon,Mac,MacBook Pro 14-inch M4 Pro 512GB,Renewed/Refurbished,1594.38,1436.48,1492.0228160751808,55.54281607518078,3.866591673756737
2026-05-02,Amazon,Mac,MacBook Pro 14-inch M4 Pro 512GB,Renewed/Refurbished,1428.98,1478.705,1477.7474767369406,0.9575232630593291,0.06475417767974877
2026-05-05,Amazon,Mac,MacBook Pro 14-inch M4 Pro 512GB,Renewed/Refurbished,1377.41,1450.99,1468.352766067454,17.362766067454004,1.1966151432783136
2026-05-09,Amazon,Mac,MacBook Pro 14-inch M4 Pro 512GB,Renewed/Refurbished,1478.705,1388.66,1504.3937525477868,115.73375254778671,8.334203660203844
2026-05-27,Amazon,Mac,MacBook Pro 14-inch M4 Pro 512GB,Renewed/Refurbished,1445.27,1411.41,1443.748961845051,32.33896184505102,2.2912521411249047
2026-06-04,Amazon,Mac,MacBook Pro 14-inch M4 Pro 512GB,Renewed/Refurbished,1369.56,1424.33,1406.6951010653238,17.63489893467613,1.2381189004427438
2026-07-05,Amazon,Mac,MacBook Pro 14-inch M4 Pro 512GB,Renewed/Refurbished,1585.855,1049.96,1457.5920017184335,407.63200171843346,38.823574395065855
2026-07-16,Amazon,Mac,MacBook Pro 14-inch M4 Pro 512GB,Renewed/Refurbished,1195.3,1572.71,1478.9257161607147,93.78428383928531,5.963228048355088
2026-07-17,Amazon,Mac,MacBook Pro 14-inch M4 Pro 512GB,Renewed/Refurbished,1159.15,1525.31,1496.701847807421,28.608152192578927,1.875563144054581
2026-07-24,Amazon,Mac,MacBook Pro 14-inch M4 Pro 512GB,Renewed/Refurbished,1525.31,1640.94,1488.7986209442438,152.14137905575626,9.271599147790672
2026-02-05,Amazon,iPad,iPad (9th Gen) 64GB,New,200.69,195.96,196.33726855347413,0.37726855347412425,0.19252324631257614
2026-02-18,Amazon,iPad,iPad (9th Gen) 64GB,New,198.96,194.53,197.64564500225185,3.1156450022518527,1.6016269995640018
2026-02-20,Amazon,iPad,iPad (9th Gen) 64GB,New,194.05,199.76,196.19525061076683,3.5647493892331568,1.7845161139533223
2026-02-25,Amazon,iPad,iPad (9th Gen) 64GB,New,194.53,195.74,195.9825836771572,0.24258367715719942,0.12393158125942547
2026-02-27,Amazon,iPad,iPad (9th Gen) 64GB,New,199.76,194.72,191.80958688572264,2.910413114277361,1.4946657324760482
2026-03-04,Amazon,iPad,iPad (9th Gen) 64GB,New,195.74,198.315,198.01571393206598,0.2992860679340197,0.15091448853289952
2026-03-07,Amazon,iPad,iPad (9th Gen) 64GB,New,195.58,195.1,195.8857808320521,0.7857808320520974,0.4027579867002037
2026-03-09,Amazon,iPad,iPad (9th Gen) 64GB,New,199.09,198.65,193.68640121387614,4.9635987861238675,2.498665384406679
2026-03-27,Amazon,iPad,iPad (9th Gen) 64GB,New,199.29,199.95499999999998,197.313047771019,2.6419522289809834,1.321273401005718
2026-03-28,Amazon,iPad,iPad (9th Gen) 64GB,New,194.23,198.95,196.93615982090625,2.0138401790937337,1.0122343197254253
2026-04-03,Amazon,iPad,iPad (9th Gen) 64GB,New,199.95499999999998,200.445,196.87970631817961,3.5652936818203784,1.7786892573126687
2026-04-04,Amazon,iPad,iPad (9th Gen) 64GB,New,198.95,193.89,196.51491123857102,2.6249112385710305,1.3538146570586573
2026-04-26,Amazon,iPad,iPad (9th Gen) 64GB,New,193.81,194.28,197.76744708068497,3.487447080684973,1.7950623227738178
2026-05-14,Amazon,iPad,iPad (9th Gen) 64GB,New,199.19,194.56,197.28354505477864,2.72354505477864,1.399848403977508
2026-06-02,Amazon,iPad,iPad (9th Gen) 64GB,New,198.19,195.35,199.5189149380053,4.168914938005315,2.134074705915186
2026-06-09,Amazon,iPad,iPad (9th Gen) 64GB,New,195.35,197.92,198.23425472752479,0.3142547275247978,0.15877866184559306
2026-06-12,Amazon,iPad,iPad (9th Gen) 64GB,New,195.09,196.89,195.90241095703198,0.9875890429680112,0.5015943130519637
2026-06-27,Amazon,iPad,iPad (9th Gen) 64GB,New,197.135,193.95,194.38001532848955,0.43001532848956003,0.221714528739139
2026-07-12,Amazon,iPad,iPad (9th Gen) 64GB,New,156.05,198.56,176.57923489748077,21.98076510251923,11.07008717894804
2026-07-18,Amazon,iPad,iPad (9th Gen) 64GB,New,154.39999999999998,196.12,201.93629893521393,5.816298935213922,2.9656837320079146
2026-01-26,Amazon,iPad,iPad (9th Gen) 64GB,Renewed/Refurbished,156.56,149.72,160.3749567889821,10.654956788982105,7.116588825128309
2026-02-01,Amazon,iPad,iPad (9th Gen) 64GB,Renewed/Refurbished,148.12,161.46,159.32604242681577,2.133957573184233,1.3216633055767577
2026-03-27,Amazon,iPad,iPad (9th Gen) 64GB,Renewed/Refurbished,158.39,160.94,150.85115304546662,10.08884695453338,6.268700729795812
2026-03-28,Amazon,iPad,iPad (9th Gen) 64GB,Renewed/Refurbished,144.79,160.1,157.193249011342,2.90675098865799,1.8155846275190444
2026-04-08,Amazon,iPad,iPad (9th Gen) 64GB,Renewed/Refurbished,162.05,140.42,163.79958353427537,23.379583534275383,16.649753264688353
2026-04-09,Amazon,iPad,iPad (9th Gen) 64GB,Renewed/Refurbished,160.91,162.08,157.55796295561981,4.522037044380198,2.7900031122780096
2026-04-24,Amazon,iPad,iPad (9th Gen) 64GB,Renewed/Refurbished,168.77,145.73,159.79198951083833,14.061989510838345,9.649344342852087
2026-05-29,Amazon,iPad,iPad (9th Gen) 64GB,Renewed/Refurbished,141.14,145.64,152.28114008465366,6.641140084653671,4.559969846644927
2026-01-30,Amazon,iPad,iPad Air (4th Gen) 64GB,New,359.55,356.1,354.2144728447179,1.8855271552821478,0.5294937251564582
2026-02-06,Amazon,iPad,iPad Air (4th Gen) 64GB,New,356.1,362.43,355.90083342037724,6.529166579622768,1.8014972766114195
2026-02-14,Amazon,iPad,iPad Air (4th Gen) 64GB,New,353.9,355.69,357.60552803368967,1.915528033689668,0.5385386245578082
2026-02-16,Amazon,iPad,iPad Air (4th Gen) 64GB,New,359.48,359.61,349.13522343262133,10.474776567378683,2.912815707955475
2026-02-17,Amazon,iPad,iPad Air (4th Gen) 64GB,New,353.35,354.87,355.7682872596936,0.8982872596935749,0.2531313606936554
2026-02-21,Amazon,iPad,iPad Air (4th Gen) 64GB,New,355.69,360.29,354.060899377997,6.229100622003045,1.7289129928677025
2026-02-23,Amazon,iPad,iPad Air (4th Gen) 64GB,New,359.61,359.47,351.71420722104085,7.755792778959176,2.157563295673958
2026-03-01,Amazon,iPad,iPad Air (4th Gen) 64GB,New,365.35,357.365,358.93327978641616,1.5682797864161557,0.4388453783711767
2026-03-02,Amazon,iPad,iPad Air (4th Gen) 64GB,New,359.47,358.46,354.5305134304008,3.9294865695991916,1.096213404452154
2026-03-09,Amazon,iPad,iPad Air (4th Gen) 64GB,New,358.46,355.25,352.9327751610433,2.3172248389566903,0.6522800391151838
2026-03-25,Amazon,iPad,iPad Air (4th Gen) 64GB,New,364.95,354.81,359.94444003803727,5.134440038037269,1.447095639366779
2026-03-29,Amazon,iPad,iPad Air (4th Gen) 64GB,New,363.325,362.16,361.2689815468839,0.8910184531161462,0.24602895215268009
2026-04-13,Amazon,iPad,iPad Air (4th Gen) 64GB,New,360.83,358.95,352.6383827557251,6.311617244274885,1.7583555493174217
2026-04-19,Amazon,iPad,iPad Air (4th Gen) 64GB,New,353.9,353.42,357.9571638122201,4.537163812220058,1.2837880743082049
2026-04-25,Amazon,iPad,iPad Air (4th Gen) 64GB,New,360.83,366.58,355.84181796849856,10.738182031501424,2.929287476540298
2026-05-08,Amazon,iPad,iPad Air (4th Gen) 64GB,New,355.725,360.51,359.5307334529748,0.9792665470251904,0.2716336709176418
2026-05-23,Amazon,iPad,iPad Air (4th Gen) 64GB,New,360.36,362.1,365.1621281675379,3.062128167537878,0.8456581517641198
2026-05-24,Amazon,iPad,iPad Air (4th Gen) 64GB,New,365.93,357.76,364.07840659350813,6.3184065935081435,1.7661020218884569
2026-05-29,Amazon,iPad,iPad Air (4th Gen) 64GB,New,361.38,355.87,359.03718832058377,3.1671883205837617,0.8899846350026025
2026-06-10,Amazon,iPad,iPad Air (4th Gen) 64GB,New,363.43,355.96,360.9708950271765,5.0108950271765025,1.407712952909457
2026-06-17,Amazon,iPad,iPad Air (4th Gen) 64GB,New,355.96,357.63,361.85556397219966,4.225563972199666,1.1815462830857775
2026-06-24,Amazon,iPad,iPad Air (4th Gen) 64GB,New,357.63,353.6,361.42322543211606,7.823225432116033,2.212450631254534
2026-07-12,Amazon,iPad,iPad Air (4th Gen) 64GB,New,276.06,354.94,337.9697943127428,16.97020568725719,4.781147711516649
2026-07-17,Amazon,iPad,iPad Air (4th Gen) 64GB,New,295.19,356.33,364.6206391084008,8.290639108400796,2.3266744614264296
2026-07-22,Amazon,iPad,iPad Air (4th Gen) 64GB,New,359.46,360.4,358.54121412998234,1.8587858700176412,0.5157563457318649
2026-01-29,Amazon,iPad,iPad Air (4th Gen) 64GB,Renewed/Refurbished,279.41,253.39,292.1479228806752,38.75792288067521,15.295758664775727
2026-02-05,Amazon,iPad,iPad Air (4th Gen) 64GB,Renewed/Refurbished,253.39,268.6,274.85312519718735,6.25312519718733,2.3280436326088347
2026-03-27,Amazon,iPad,iPad Air (4th Gen) 64GB,Renewed/Refurbished,296.5,257.43,288.45015440238603,31.020154402386027,12.049937615035553
2026-03-30,Amazon,iPad,iPad Air (4th Gen) 64GB,Renewed/Refurbished,282.7,287.26,285.2899125055408,1.9700874944591646,0.6858203350480975
2026-04-01,Amazon,iPad,iPad Air (4th Gen) 64GB,Renewed/Refurbished,260.47,274.73,284.6300320254297,9.90003202542971,3.6035496762019834
2026-01-26,Amazon,iPad,iPad Air (5th Gen) 64GB,New,366.41,358.36,365.3364162456952,6.976416245695191,1.9467619839533403
2026-02-01,Amazon,iPad,iPad Air (5th Gen) 64GB,New,352.47,361.43,359.81403238831456,1.6159676116854484,0.44710389610310386
2026-02-07,Amazon,iPad,iPad Air (5th Gen) 64GB,New,360.895,356.82,356.21779561933675,0.6022043806632382,0.16876979447991655
2026-02-11,Amazon,iPad,iPad Air (5th Gen) 64GB,New,355.46,359.52,363.54172446647397,4.021724466473984,1.1186372014001957
2026-02-18,Amazon,iPad,iPad Air (5th Gen) 64GB,New,359.52,354.69,356.6746884419833,1.9846884419832804,0.5595557929412389
2026-02-22,Amazon,iPad,iPad Air (5th Gen) 64GB,New,354.57,364.16,363.1157304559383,1.0442695440617058,0.2867611885055211
2026-02-24,Amazon,iPad,iPad Air (5th Gen) 64GB,New,364.59,358.34,358.48345012161644,0.14345012161646764,0.0400318473004598
2026-02-25,Amazon,iPad,iPad Air (5th Gen) 64GB,New,354.69,365.02,358.6297336249827,6.390266375017291,1.7506619842795712
2026-02-28,Amazon,iPad,iPad Air (5th Gen) 64GB,New,361.28499999999997,354.55,359.93833947437463,5.388339474374618,1.5197685726624222
2026-03-01,Amazon,iPad,iPad Air (5th Gen) 64GB,New,364.16,362.71,361.32308750276655,1.3869124972334248,0.3823750371463221
2026-03-09,Amazon,iPad,iPad Air (5th Gen) 64GB,New,365.15,358.13,361.4253330441809,3.295333044180893,0.9201499578870502
2026-03-16,Amazon,iPad,iPad Air (5th Gen) 64GB,New,358.13,355.62,361.1443688879632,5.524368887963192,1.5534471874369247
2026-03-17,Amazon,iPad,iPad Air (5th Gen) 64GB,New,357.51,366.06,361.6168948853829,4.443105114617083,1.213764168337727
2026-03-18,Amazon,iPad,iPad Air (5th Gen) 64GB,New,365.38,356.47,363.1816464488415,6.7116464488414636,1.882808216355223
2026-03-19,Amazon,iPad,iPad Air (5th Gen) 64GB,New,355.05,359.305,360.89262855104965,1.5876285510496473,0.4418609679936676
2026-03-21,Amazon,iPad,iPad Air (5th Gen) 64GB,New,356.73,355.22,355.199168356254,0.0208316437460212,0.005864434363499014
2026-03-23,Amazon,iPad,iPad Air (5th Gen) 64GB,New,355.62,358.26,357.3226006624675,0.9373993375324972,0.26165336279029117
2026-03-25,Amazon,iPad,iPad Air (5th Gen) 64GB,New,356.47,356.06,357.0314635196329,0.9714635196328913,0.27283702736417775
2026-03-26,Amazon,iPad,iPad Air (5th Gen) 64GB,New,359.305,356.91999999999996,355.8725931880482,1.0474068119517597,0.2934570245297993
2026-04-01,Amazon,iPad,iPad Air (5th Gen) 64GB,New,356.06,361.21,357.40007289177527,3.809927108224713,1.0547678935313842
2026-04-02,Amazon,iPad,iPad Air (5th Gen) 64GB,New,356.91999999999996,358.02,356.3938676266796,1.626132373320388,0.4542015455338774
2026-04-10,Amazon,iPad,iPad Air (5th Gen) 64GB,New,364.66,359.3,356.8337808423926,2.4662191576073837,0.686395535098075
2026-04-20,Amazon,iPad,iPad Air (5th Gen) 64GB,New,359.03,354.36,353.86576928060305,0.49423071939696683,0.13947136228608387
2026-04-27,Amazon,iPad,iPad Air (5th Gen) 64GB,New,354.36,364.3,357.8739530837955,6.426046916204484,1.7639437046951645
2026-05-02,Amazon,iPad,iPad Air (5th Gen) 64GB,New,356.64,354.31,358.36284573131013,4.0528457313101285,1.1438699814597748
2026-05-03,Amazon,iPad,iPad Air (5th Gen) 64GB,New,364.42,365.44000000000005,355.9387412785509,9.501258721449176,2.5999503944420903
2026-05-04,Amazon,iPad,iPad Air (5th Gen) 64GB,New,364.3,358.08,360.407742926526,2.327742926526014,0.6500622560673632
2026-05-11,Amazon,iPad,iPad Air (5th Gen) 64GB,New,358.08,359.17,360.2026930711684,1.03269307116841,0.2875220845751065
2026-05-13,Amazon,iPad,iPad Air (5th Gen) 64GB,New,361.08,356.875,355.497946468891,1.377053531109027,0.3858643870007782
2026-05-18,Amazon,iPad,iPad Air (5th Gen) 64GB,New,359.17,353.27,353.2917108875774,0.021710887577398807,0.006145692410167523
2026-05-19,Amazon,iPad,iPad Air (5th Gen) 64GB,New,361.98,352.47,357.73257828429075,5.262578284290726,1.49305707841539
2026-05-20,Amazon,iPad,iPad Air (5th Gen) 64GB,New,356.875,357.02,358.9728912228474,1.9528912228474269,0.5469977096093852
2026-05-26,Amazon,iPad,iPad Air (5th Gen) 64GB,New,352.47,364.16,359.47120869982245,4.68879130017757,1.2875635160856684
2026-06-02,Amazon,iPad,iPad Air (5th Gen) 64GB,New,364.16,354.75,360.65058065411074,5.90058065411074,1.6633067382976012
2026-06-09,Amazon,iPad,iPad Air (5th Gen) 64GB,New,354.75,357.85,361.16509400102404,3.315094001024022,0.926392064000006
2026-06-16,Amazon,iPad,iPad Air (5th Gen) 64GB,New,357.85,354.21,357.7968566086734,3.586856608673429,1.0126356140914794
2026-06-20,Amazon,iPad,iPad Air (5th Gen) 64GB,New,364.2,358.33,358.65244312296215,0.32244312296217004,0.08998496440771636
2026-06-23,Amazon,iPad,iPad Air (5th Gen) 64GB,New,354.21,359.88,359.92904518804363,0.049045188043635335,0.013628206080814532
2026-06-27,Amazon,iPad,iPad Air (5th Gen) 64GB,New,358.33,352.28,357.55153441760444,5.271534417604471,1.4964046830942634
2026-06-30,Amazon,iPad,iPad Air (5th Gen) 64GB,New,359.88,358.35,348.7672120842941,9.582787915705921,2.6741420163822855
2026-07-04,Amazon,iPad,iPad Air (5th Gen) 64GB,New,352.28,291.15,331.605689191587,40.455689191587,13.895136249901082
2026-07-17,Amazon,iPad,iPad Air (5th Gen) 64GB,New,271.92,363.11,354.10258927303124,9.007410726968772,2.48062865990162
2026-07-19,Amazon,iPad,iPad Air (5th Gen) 64GB,New,359.08,353.54,358.3428537283717,4.802853728371701,1.3585036285488774
2026-07-22,Amazon,iPad,iPad Air (5th Gen) 64GB,New,362.70500000000004,359.64,367.1988008524233,7.558800852423303,2.1017686721230406
2026-02-04,Amazon,iPad,iPad Air (5th Gen) 64GB,Renewed/Refurbished,269.19,273.07,290.11899975746064,17.04899975746065,6.2434539705792105
2026-01-25,Amazon,iPad,iPad Pro 11-inch (M1) 128GB,New,478.53,479.15,477.54309665769784,1.6069033423021324,0.33536540588586716
2026-02-17,Amazon,iPad,iPad Pro 11-inch (M1) 128GB,New,487.1,481.27,477.0041903682187,4.265809631781281,0.8863651654541693
2026-02-24,Amazon,iPad,iPad Pro 11-inch (M1) 128GB,New,481.27,471.39,483.6411975791316,12.251197579131599,2.5989515219100108
2026-02-27,Amazon,iPad,iPad Pro 11-inch (M1) 128GB,New,469.97,474.53,471.59949728960316,2.9305027103968087,0.617558997407289
2026-02-28,Amazon,iPad,iPad Pro 11-inch (M1) 128GB,New,477.86,482.59,478.7322845394101,3.8577154605898727,0.799377413661674
2026-03-06,Amazon,iPad,iPad Pro 11-inch (M1) 128GB,New,474.53,487.78,481.14482957261146,6.635170427388516,1.3602793118595506
2026-03-07,Amazon,iPad,iPad Pro 11-inch (M1) 128GB,New,482.59,482.12,475.34076394649503,6.779236053504974,1.4061304350586936
2026-04-01,Amazon,iPad,iPad Pro 11-inch (M1) 128GB,New,472.62,486.48,479.20973245295875,7.270267547041271,1.4944638108537394
2026-04-04,Amazon,iPad,iPad Pro 11-inch (M1) 128GB,New,482.5,487.3,473.3381962394763,13.961803760523708,2.8651351858246885
2026-04-23,Amazon,iPad,iPad Pro 11-inch (M1) 128GB,New,481.9,472.735,484.69291595807715,11.957915958077137,2.529517797090788
2026-04-30,Amazon,iPad,iPad Pro 11-inch (M1) 128GB,New,472.735,481.56,477.9039296770102,3.6560703229898195,0.7592138722048798
2026-05-01,Amazon,iPad,iPad Pro 11-inch (M1) 128GB,New,472.61,477.07,481.1258967508175,4.05589675081751,0.8501680572698997
2026-05-03,Amazon,iPad,iPad Pro 11-inch (M1) 128GB,New,477.55,482.11,478.1795706027498,3.9304293972502364,0.8152557294497595
2026-05-07,Amazon,iPad,iPad Pro 11-inch (M1) 128GB,New,481.56,488.13,475.23508511290146,12.894914887098537,2.641696860897412
2026-05-11,Amazon,iPad,iPad Pro 11-inch (M1) 128GB,New,474.83,483.72,471.1973152876388,12.52268471236124,2.5888292219385676
2026-05-14,Amazon,iPad,iPad Pro 11-inch (M1) 128GB,New,488.13,484.69,477.9398137773188,6.7501862226811795,1.3926811410759825
2026-05-26,Amazon,iPad,iPad Pro 11-inch (M1) 128GB,New,481.9,470.3,480.30824423344257,10.008244233442554,2.1280553334983106
2026-06-15,Amazon,iPad,iPad Pro 11-inch (M1) 128GB,New,484.2,474.57,480.29382289095224,5.723822890952249,1.2061071898670899
2026-06-16,Amazon,iPad,iPad Pro 11-inch (M1) 128GB,New,479.19,484.77,477.3886059439349,7.381394056065062,1.5226590044897708
2026-06-22,Amazon,iPad,iPad Pro 11-inch (M1) 128GB,New,474.57,480.665,474.5208331182198,6.144166881780222,1.2782638390105838
2026-06-23,Amazon,iPad,iPad Pro 11-inch (M1) 128GB,New,484.77,480.49,481.6890757246587,1.1990757246587123,0.2495526909319054
2026-06-29,Amazon,iPad,iPad Pro 11-inch (M1) 128GB,New,480.665,479.21500000000003,478.0173753103759,1.1976246896241491,0.24991385695859875
2026-07-20,Amazon,iPad,iPad Pro 11-inch (M1) 128GB,New,470.98,474.29,490.17825501307493,15.888255013074911,3.349903015681315
2026-07-22,Amazon,iPad,iPad Pro 11-inch (M1) 128GB,New,477.08500000000004,472.92,486.9416375275781,14.021637527578093,2.964906861113527
2026-02-25,Amazon,iPad,iPad Pro 11-inch (M1) 128GB,Renewed/Refurbished,355.31,385.26,362.1032696200456,23.15673037995441,6.010676005802422
2026-04-07,Amazon,iPad,iPad Pro 11-inch (M1) 128GB,Renewed/Refurbished,360.93,331.04,358.84546821393945,27.805468213939434,8.399428532485329
2026-04-10,Amazon,iPad,iPad Pro 11-inch (M1) 128GB,Renewed/Refurbished,393.645,352.64,377.19953830262983,24.559538302629846,6.964478874384598
2026-01-25,Amazon,iPad,iPad Pro 11-inch (M4) 256GB,New,888.66,910.33,895.6637662618272,14.666233738172878,1.6110897958073311
2026-01-26,Amazon,iPad,iPad Pro 11-inch (M4) 256GB,New,888.0,905.81,886.9327463090674,18.877253690932548,2.084019131046527
2026-01-28,Amazon,iPad,iPad Pro 11-inch (M4) 256GB,New,907.43,886.71,892.5743037869586,5.864303786958544,0.6613553232689994
2026-01-29,Amazon,iPad,iPad Pro 11-inch (M4) 256GB,New,905.15,900.38,899.8619485798853,0.5180514201147162,0.05753697551197452
2026-01-31,Amazon,iPad,iPad Pro 11-inch (M4) 256GB,New,893.63,897.685,897.1948841363745,0.4901158636254195,0.054597755741203145
2026-02-03,Amazon,iPad,iPad Pro 11-inch (M4) 256GB,New,895.505,887.79,894.2215933861228,6.431593386122813,0.724449857074625
2026-02-05,Amazon,iPad,iPad Pro 11-inch (M4) 256GB,New,900.38,892.43,893.494616476401,1.0646164764010564,0.11929411566185096
2026-02-07,Amazon,iPad,iPad Pro 11-inch (M4) 256GB,New,897.685,902.8,899.5364270780774,3.2635729219225595,0.3614945637929286
2026-02-14,Amazon,iPad,iPad Pro 11-inch (M4) 256GB,New,902.8,892.45,897.040698146972,4.590698146971931,0.5143927555573904
2026-02-16,Amazon,iPad,iPad Pro 11-inch (M4) 256GB,New,904.8,895.97,890.5124278343822,5.457572165617876,0.6091244311325017
2026-02-18,Amazon,iPad,iPad Pro 11-inch (M4) 256GB,New,899.91,883.53,898.5243119590087,14.994311959008769,1.697091435379531
2026-02-21,Amazon,iPad,iPad Pro 11-inch (M4) 256GB,New,892.45,882.71,888.8994003624737,6.189400362473634,0.7011816295809081
2026-02-22,Amazon,iPad,iPad Pro 11-inch (M4) 256GB,New,899.35,887.13,887.9875842711228,0.8575842711228461,0.09666951530472942
2026-02-23,Amazon,iPad,iPad Pro 11-inch (M4) 256GB,New,895.97,888.605,893.5678485628536,4.962848562853537,0.5584988338860953
2026-02-25,Amazon,iPad,iPad Pro 11-inch (M4) 256GB,New,883.53,915.19,885.3359360374106,29.854063962589407,3.262061862846994
2026-02-26,Amazon,iPad,iPad Pro 11-inch (M4) 256GB,New,915.54,893.8299999999999,893.6530864117302,0.17691358826971282,0.019792755699597556
2026-02-28,Amazon,iPad,iPad Pro 11-inch (M4) 256GB,New,882.71,889.93,887.3820756059788,2.547924394021152,0.28630615823954153
2026-03-01,Amazon,iPad,iPad Pro 11-inch (M4) 256GB,New,887.13,887.04,885.5465735778455,1.4934264221544709,0.1683606626707331
2026-03-02,Amazon,iPad,iPad Pro 11-inch (M4) 256GB,New,888.605,910.26,879.9933603211316,30.266639678868387,3.3250543447881253
2026-03-04,Amazon,iPad,iPad Pro 11-inch (M4) 256GB,New,915.19,891.36,906.6677863905578,15.307786390557794,1.7173517311252238
2026-03-05,Amazon,iPad,iPad Pro 11-inch (M4) 256GB,New,893.8299999999999,913.12,901.9923143978755,11.12768560212453,1.2186443843223813
2026-03-08,Amazon,iPad,iPad Pro 11-inch (M4) 256GB,New,887.04,906.38,875.8867463895958,30.493253610404167,3.3642902105523254
2026-03-09,Amazon,iPad,iPad Pro 11-inch (M4) 256GB,New,910.26,895.4,891.7233980115151,3.67660198848489,0.4106100054148861
2026-03-11,Amazon,iPad,iPad Pro 11-inch (M4) 256GB,New,891.36,894.46,889.3237171158565,5.1362828841434975,0.5742328202651317
2026-03-16,Amazon,iPad,iPad Pro 11-inch (M4) 256GB,New,895.4,901.575,892.1520866234345,9.422913376565589,1.0451613428240123
2026-03-17,Amazon,iPad,iPad Pro 11-inch (M4) 256GB,New,910.38,904.9300000000001,923.9775289505554,19.047528950555375,2.104862138569323
2026-03-18,Amazon,iPad,iPad Pro 11-inch (M4) 256GB,New,894.46,892.675,895.7749283510993,3.099928351099379,0.34726281693778577
2026-03-20,Amazon,iPad,iPad Pro 11-inch (M4) 256GB,New,885.88,884.22,894.6947187787277,10.47471877872772,1.1846281218167107
2026-03-25,Amazon,iPad,iPad Pro 11-inch (M4) 256GB,New,892.675,912.685,894.2773045503063,18.40769544969362,2.0168727928796484
2026-03-26,Amazon,iPad,iPad Pro 11-inch (M4) 256GB,New,896.57,881.74,896.5903861590767,14.85038615907672,1.684213731834409
2026-03-27,Amazon,iPad,iPad Pro 11-inch (M4) 256GB,New,884.22,901.5699999999999,890.6678221991453,10.902177800854588,1.2092436306503753
2026-03-29,Amazon,iPad,iPad Pro 11-inch (M4) 256GB,New,915.1199999999999,890.405,897.0586142954456,6.653614295445664,0.7472570679011982
2026-04-01,Amazon,iPad,iPad Pro 11-inch (M4) 256GB,New,912.685,905.48,907.3015467947022,1.821546794702158,0.20116919144565953
2026-04-02,Amazon,iPad,iPad Pro 11-inch (M4) 256GB,New,881.74,897.62,890.2079644128219,7.4120355871781385,0.825743141549669
2026-04-05,Amazon,iPad,iPad Pro 11-inch (M4) 256GB,New,890.405,911.0899999999999,893.6464489988475,17.4435510011524,1.914580447722223
2026-04-06,Amazon,iPad,iPad Pro 11-inch (M4) 256GB,New,887.7049999999999,909.94,882.7290696637069,27.21093033629313,2.990409294710984
2026-04-07,Amazon,iPad,iPad Pro 11-inch (M4) 256GB,New,890.29,907.88,892.9583576905374,14.92164230946264,1.643569889133216
2026-04-08,Amazon,iPad,iPad Pro 11-inch (M4) 256GB,New,905.48,896.15,890.747821157901,5.402178842099033,0.6028208271047295
2026-04-13,Amazon,iPad,iPad Pro 11-inch (M4) 256GB,New,909.94,916.09,892.3871959883077,23.702804011692365,2.587388139996328
2026-04-14,Amazon,iPad,iPad Pro 11-inch (M4) 256GB,New,907.88,893.93,925.2230151481391,31.293015148139148,3.500611361979031
2026-04-17,Amazon,iPad,iPad Pro 11-inch (M4) 256GB,New,881.6,890.76,886.0822421083341,4.6777578916659195,0.5251423381905249
2026-04-30,Amazon,iPad,iPad Pro 11-inch (M4) 256GB,New,906.39,894.62,897.7736248831092,3.15362488310916,0.3525099911816369
2026-05-03,Amazon,iPad,iPad Pro 11-inch (M4) 256GB,New,894.26,903.74,893.8197740955367,9.920225904463337,1.0976858282762008
2026-05-04,Amazon,iPad,iPad Pro 11-inch (M4) 256GB,New,888.54,899.1199999999999,889.1083421583548,10.011657841645047,1.1134951776898576
2026-05-05,Amazon,iPad,iPad Pro 11-inch (M4) 256GB,New,903.46,909.15,890.8458550471394,18.30414495286061,2.0133250786845527
2026-05-07,Amazon,iPad,iPad Pro 11-inch (M4) 256GB,New,894.62,905.68,879.0845882592354,26.595411740764575,2.9365130885925024
2026-05-10,Amazon,iPad,iPad Pro 11-inch (M4) 256GB,New,903.74,787.52,889.3019333508992,101.78193335089918,12.924361711562776
2026-05-13,Amazon,iPad,iPad Pro 11-inch (M4) 256GB,New,909.07,803.33,858.3747799942278,55.044779994227724,6.852075734035543
2026-05-14,Amazon,iPad,iPad Pro 11-inch (M4) 256GB,New,905.68,809.65,852.3294282127665,42.67942821276654,5.271342952234489
2026-05-15,Amazon,iPad,iPad Pro 11-inch (M4) 256GB,New,894.7950000000001,795.97,848.6076960587852,52.637696058785195,6.613025121397187
2026-05-20,Amazon,iPad,iPad Pro 11-inch (M4) 256GB,New,803.33,805.7149999999999,817.1483092324255,11.433309232425586,1.419026483610903
2026-05-21,Amazon,iPad,iPad Pro 11-inch (M4) 256GB,New,809.65,809.69,818.632886956737,8.94288695673697,1.1044828214176994
2026-05-22,Amazon,iPad,iPad Pro 11-inch (M4) 256GB,New,795.97,805.4449999999999,826.5229953660239,21.07799536602397,2.6169378872578477
2026-05-25,Amazon,iPad,iPad Pro 11-inch (M4) 256GB,New,789.83,794.19,812.1208078967409,17.930807896740816,2.257747881078938
2026-05-28,Amazon,iPad,iPad Pro 11-inch (M4) 256GB,New,809.69,791.46,812.8583775949083,21.39837759490831,2.7036587565901384
2026-06-01,Amazon,iPad,iPad Pro 11-inch (M4) 256GB,New,794.19,802.2049999999999,796.7254932753747,5.479506724625253,0.6830556683921508
2026-06-04,Amazon,iPad,iPad Pro 11-inch (M4) 256GB,New,791.46,799.52,785.9530114359949,13.5669885640051,1.696891705523952
2026-06-09,Amazon,iPad,iPad Pro 11-inch (M4) 256GB,New,797.875,799.88,787.4150728260636,12.464927173936417,1.5583496491894304
2026-06-10,Amazon,iPad,iPad Pro 11-inch (M4) 256GB,New,796.6500000000001,803.12,787.0228665445735,16.0971334554265,2.0043248151492308
2026-06-11,Amazon,iPad,iPad Pro 11-inch (M4) 256GB,New,799.52,808.17,779.5985627874638,28.571437212536125,3.535325143538628
2026-06-13,Amazon,iPad,iPad Pro 11-inch (M4) 256GB,New,793.27,798.78,796.9467141096652,1.8332858903347642,0.22951074017060571
2026-06-21,Amazon,iPad,iPad Pro 11-inch (M4) 256GB,New,785.97,791.0899999999999,791.5954198007561,0.5054198007561581,0.06388903926938252
2026-06-26,Amazon,iPad,iPad Pro 11-inch (M4) 256GB,New,784.51,802.865,799.1785828190982,3.686417180901799,0.45915778878165053
2026-06-30,Amazon,iPad,iPad Pro 11-inch (M4) 256GB,New,808.005,798.12,794.2578630723897,3.8621369276103223,0.48390429103522303
2026-07-04,Amazon,iPad,iPad Pro 11-inch (M4) 256GB,New,810.84,654.15,771.4900727445923,117.34007274459236,17.937792974790547
2026-07-06,Amazon,iPad,iPad Pro 11-inch (M4) 256GB,New,802.5,649.53,762.0712817771748,112.54128177717485,17.32657179455527
2026-07-07,Amazon,iPad,iPad Pro 11-inch (M4) 256GB,New,798.12,634.645,759.3686723034351,124.72367230343514,19.65251003370942
2026-07-09,Amazon,iPad,iPad Pro 11-inch (M4) 256GB,New,788.03,622.06,779.626217640797,157.56621764079705,25.329745947464406
2026-07-11,Amazon,iPad,iPad Pro 11-inch (M4) 256GB,New,654.15,644.55,720.8801634395338,76.33016343953386,11.842396003340914
2026-07-12,Amazon,iPad,iPad Pro 11-inch (M4) 256GB,New,678.23,809.02,781.0532004433826,27.96679955661739,3.456873693680921
2026-07-13,Amazon,iPad,iPad Pro 11-inch (M4) 256GB,New,649.53,794.1800000000001,787.692502639261,6.487497360739098,0.8168799718878714
2026-07-14,Amazon,iPad,iPad Pro 11-inch (M4) 256GB,New,634.645,792.31,740.7377359201671,51.57226407983285,6.5091017505563284
2026-07-15,Amazon,iPad,iPad Pro 11-inch (M4) 256GB,New,667.62,800.8800000000001,774.3219178683961,26.55808213160401,3.316112542653582
2026-07-16,Amazon,iPad,iPad Pro 11-inch (M4) 256GB,New,622.06,793.27,763.7358972350248,29.53410276497516,3.7230832837464116
2026-07-17,Amazon,iPad,iPad Pro 11-inch (M4) 256GB,New,630.43,790.35,767.5620235382552,22.787976461744847,2.883276581482235
2026-07-18,Amazon,iPad,iPad Pro 11-inch (M4) 256GB,New,644.55,784.04,785.479679121005,1.4396791210050424,0.18362317241531584
2026-07-20,Amazon,iPad,iPad Pro 11-inch (M4) 256GB,New,794.1800000000001,803.815,814.3172707922848,10.502270792284776,1.3065532233517383
2026-07-21,Amazon,iPad,iPad Pro 11-inch (M4) 256GB,New,792.31,801.09,799.4374643961423,1.6525356038577002,0.20628588596258846
2026-07-22,Amazon,iPad,iPad Pro 11-inch (M4) 256GB,New,800.8800000000001,810.65,801.1362689560193,9.51373104398067,1.173592924687679
2026-07-23,Amazon,iPad,iPad Pro 11-inch (M4) 256GB,New,793.27,792.57,807.8321573643667,15.262157364366658,1.9256541837776673
2026-01-30,Amazon,iPad,iPad Pro 11-inch (M4) 256GB,Renewed/Refurbished,716.61,757.63,681.8760161449998,75.75398385500023,9.998809954067319
2026-02-05,Amazon,iPad,iPad Pro 11-inch (M4) 256GB,Renewed/Refurbished,734.51,735.9,719.6107941380792,16.289205861920777,2.2135080665743683
2026-02-06,Amazon,iPad,iPad Pro 11-inch (M4) 256GB,Renewed/Refurbished,757.63,666.08,713.5982651714793,47.51826517147924,7.134017711307837
2026-02-07,Amazon,iPad,iPad Pro 11-inch (M4) 256GB,Renewed/Refurbished,711.75,668.32,695.6650346459006,27.34503464590057,4.091608009022709
2026-02-12,Amazon,iPad,iPad Pro 11-inch (M4) 256GB,Renewed/Refurbished,735.9,735.4,710.1387868271634,25.26121317283662,3.4350303471357932
2026-02-13,Amazon,iPad,iPad Pro 11-inch (M4) 256GB,Renewed/Refurbished,666.08,642.73,693.978163353506,51.248163353506015,7.973513505438677
2026-02-16,Amazon,iPad,iPad Pro 11-inch (M4) 256GB,Renewed/Refurbished,761.71,688.98,709.5889850628727,20.608985062872648,2.991231249509804
2026-02-18,Amazon,iPad,iPad Pro 11-inch (M4) 256GB,Renewed/Refurbished,679.62,736.66,696.853374976374,39.806625023626,5.4036631585298505
2026-02-19,Amazon,iPad,iPad Pro 11-inch (M4) 256GB,Renewed/Refurbished,735.4,776.72,721.7878550674508,54.93214493254925,7.072322707352617
2026-02-25,Amazon,iPad,iPad Pro 11-inch (M4) 256GB,Renewed/Refurbished,736.66,763.05,710.1162960185386,52.93370398146135,6.937121287132082
2026-03-20,Amazon,iPad,iPad Pro 11-inch (M4) 256GB,Renewed/Refurbished,653.77,740.99,668.4226789556731,72.56732104432695,9.793292897923985
2026-03-27,Amazon,iPad,iPad Pro 11-inch (M4) 256GB,Renewed/Refurbished,740.99,664.84,707.0676885150314,42.22768851503133,6.351556542180273
2026-04-04,Amazon,iPad,iPad Pro 11-inch (M4) 256GB,Renewed/Refurbished,663.91,734.53,668.9656538950867,65.56434610491328,8.926026997524033
2026-04-25,Amazon,iPad,iPad Pro 11-inch (M4) 256GB,Renewed/Refurbished,650.2,740.11,687.2905872861432,52.819412713856764,7.136697614389316
2026-04-30,Amazon,iPad,iPad Pro 11-inch (M4) 256GB,Renewed/Refurbished,698.73,668.74,699.565807812076,30.825807812075936,4.609535516355525
2026-05-11,Amazon,iPad,iPad Pro 11-inch (M4) 256GB,Renewed/Refurbished,703.4,592.335,665.3451029735602,73.01010297356015,12.32581275351957
2026-05-12,Amazon,iPad,iPad Pro 11-inch (M4) 256GB,Renewed/Refurbished,644.4,679.73,645.0718943653059,34.65810563469415,5.0988047658179205
2026-06-09,Amazon,iPad,iPad Pro 11-inch (M4) 256GB,Renewed/Refurbished,672.44,590.21,640.783661336829,50.57366133682899,8.568757109643855
2026-06-10,Amazon,iPad,iPad Pro 11-inch (M4) 256GB,Renewed/Refurbished,661.87,564.55,642.2213207043865,77.67132070438652,13.758094181983266
2026-06-17,Amazon,iPad,iPad Pro 11-inch (M4) 256GB,Renewed/Refurbished,564.55,659.36,610.596846733034,48.763153266966015,7.395527976669196
2026-06-20,Amazon,iPad,iPad Pro 11-inch (M4) 256GB,Renewed/Refurbished,662.15,609.65,630.5833909013669,20.93339090136692,3.433673567024837
2026-06-24,Amazon,iPad,iPad Pro 11-inch (M4) 256GB,Renewed/Refurbished,659.36,636.33,639.2123945169915,2.8823945169914396,0.4529716526002922
2026-06-30,Amazon,iPad,iPad Pro 11-inch (M4) 256GB,Renewed/Refurbished,588.1,658.28,625.8880088013282,32.3919911986718,4.920701099634169
2026-07-01,Amazon,iPad,iPad Pro 11-inch (M4) 256GB,Renewed/Refurbished,636.33,603.34,616.8077704720889,13.467770472088887,2.232202484849154
2026-07-02,Amazon,iPad,iPad Pro 11-inch (M4) 256GB,Renewed/Refurbished,583.23,648.65,600.134501727323,48.51549827267695,7.479457068168804
2026-07-03,Amazon,iPad,iPad Pro 11-inch (M4) 256GB,Renewed/Refurbished,612.92,483.91,607.2444190270215,123.33441902702151,25.487057309628135
2026-07-05,Amazon,iPad,iPad Pro 11-inch (M4) 256GB,Renewed/Refurbished,569.42,456.76,603.1006074829426,146.34060748294257,32.03884041574187
2026-07-09,Amazon,iPad,iPad Pro 11-inch (M4) 256GB,Renewed/Refurbished,648.65,489.28,621.6055903241886,132.32559032418862,27.044962051215794
2026-07-22,Amazon,iPad,iPad Pro 11-inch (M4) 256GB,Renewed/Refurbished,648.84,651.85,631.7731388456571,20.076861154342964,3.079981767944
2026-01-30,Amazon,iPad,iPad Pro 12.9-inch (M2) 256GB,New,912.67,889.36,906.1560029587774,16.79600295877742,1.8885494016795696
2026-02-06,Amazon,iPad,iPad Pro 12.9-inch (M2) 256GB,New,889.36,914.32,883.2825111660388,31.03748883396122,3.3945980437878664
2026-02-13,Amazon,iPad,iPad Pro 12.9-inch (M2) 256GB,New,914.32,882.66,878.3184885956823,4.341511404317657,0.4918667895132505
2026-02-22,Amazon,iPad,iPad Pro 12.9-inch (M2) 256GB,New,891.51,913.53,875.5556019399628,37.974398060037174,4.156885713664267
2026-02-24,Amazon,iPad,iPad Pro 12.9-inch (M2) 256GB,New,897.3,909.65,887.0365122395007,22.61348776049931,2.485954791458177
2026-02-26,Amazon,iPad,iPad Pro 12.9-inch (M2) 256GB,New,893.42,897.83,878.8346920682244,18.995307931775642,2.115690936121052
2026-03-03,Amazon,iPad,iPad Pro 12.9-inch (M2) 256GB,New,909.65,895.13,905.8247653791993,10.694765379199339,1.1947723100777918
2026-03-05,Amazon,iPad,iPad Pro 12.9-inch (M2) 256GB,New,897.83,909.7950000000001,887.7632394567252,22.031760543274913,2.4216181165289887
2026-03-10,Amazon,iPad,iPad Pro 12.9-inch (M2) 256GB,New,895.13,894.49,885.8417876196114,8.6482123803886,0.9668316448913459
2026-03-11,Amazon,iPad,iPad Pro 12.9-inch (M2) 256GB,New,904.55,890.435,894.7758401736801,4.340840173680135,0.4874965801748735
2026-03-12,Amazon,iPad,iPad Pro 12.9-inch (M2) 256GB,New,909.7950000000001,899.17,905.4228923278196,6.252892327819609,0.6954071341147513
2026-03-13,Amazon,iPad,iPad Pro 12.9-inch (M2) 256GB,New,900.07,895.2,899.9018790040291,4.701879004029024,0.5252322390559678
2026-03-18,Amazon,iPad,iPad Pro 12.9-inch (M2) 256GB,New,890.435,881.22,882.1006251852053,0.8806251852053038,0.09993250098786952
2026-03-19,Amazon,iPad,iPad Pro 12.9-inch (M2) 256GB,New,899.17,890.93,895.6385372046329,4.708537204632989,0.5284968745729731
2026-03-21,Amazon,iPad,iPad Pro 12.9-inch (M2) 256GB,New,883.57,894.2249999999999,885.1316550348737,9.09334496512622,1.016896750272719
2026-03-23,Amazon,iPad,iPad Pro 12.9-inch (M2) 256GB,New,915.49,899.4449999999999,898.8845835010577,0.5604164989422316,0.06230692248466906
2026-04-08,Amazon,iPad,iPad Pro 12.9-inch (M2) 256GB,New,887.7049999999999,891.36,889.3153781597517,2.0446218402482828,0.2293822743053629
2026-04-11,Amazon,iPad,iPad Pro 12.9-inch (M2) 256GB,New,887.35,907.82,885.1115449282357,22.70845507176432,2.501427052914049
2026-04-15,Amazon,iPad,iPad Pro 12.9-inch (M2) 256GB,New,891.36,910.52,881.1057355777225,29.414264422277483,3.2304907549836894
2026-04-22,Amazon,iPad,iPad Pro 12.9-inch (M2) 256GB,New,910.52,883.05,907.049792979161,23.999792979161043,2.7178294523708786
2026-04-30,Amazon,iPad,iPad Pro 12.9-inch (M2) 256GB,New,887.72,915.82,889.6062152482515,26.213784751748562,2.862329360763967
2026-05-05,Amazon,iPad,iPad Pro 12.9-inch (M2) 256GB,New,903.77,884.78,891.9853732867809,7.2053732867809686,0.8143689150727829
2026-05-12,Amazon,iPad,iPad Pro 12.9-inch (M2) 256GB,New,884.78,882.66,889.4572856972694,6.797285697269444,0.7700910540037438
2026-05-16,Amazon,iPad,iPad Pro 12.9-inch (M2) 256GB,New,905.59,893.75,895.4385487578696,1.6885487578696257,0.18892853234904902
2026-05-19,Amazon,iPad,iPad Pro 12.9-inch (M2) 256GB,New,882.66,888.16,895.0827358289165,6.9227358289165295,0.779446927233441
2026-05-21,Amazon,iPad,iPad Pro 12.9-inch (M2) 256GB,New,916.76,904.03,901.6015443882152,2.428455611784784,0.26862555576527153
2026-05-23,Amazon,iPad,iPad Pro 12.9-inch (M2) 256GB,New,893.75,898.06,893.1830706366392,4.876929363360773,0.5430516183062127
2026-05-26,Amazon,iPad,iPad Pro 12.9-inch (M2) 256GB,New,888.16,916.31,890.5272143623804,25.782785637619554,2.8137623334482385
2026-05-28,Amazon,iPad,iPad Pro 12.9-inch (M2) 256GB,New,904.03,914.44,898.581826542261,15.858173457739099,1.7341950765210508
2026-05-30,Amazon,iPad,iPad Pro 12.9-inch (M2) 256GB,New,898.06,903.44,897.4343795477679,6.005620452232165,0.6647503378455863
2026-05-31,Amazon,iPad,iPad Pro 12.9-inch (M2) 256GB,New,894.65,915.92,896.2120648447986,19.707935155201312,2.1517092273562444
2026-06-10,Amazon,iPad,iPad Pro 12.9-inch (M2) 256GB,New,913.28,901.67,935.3363168470444,33.66631684704441,3.733773647459094
2026-06-15,Amazon,iPad,iPad Pro 12.9-inch (M2) 256GB,New,896.69,897.82,897.8564680467206,0.036468046720528946,0.004061843879678438
2026-06-16,Amazon,iPad,iPad Pro 12.9-inch (M2) 256GB,New,902.72,886.28,902.0175158574042,15.737515857404219,1.7756821611008056
2026-06-20,Amazon,iPad,iPad Pro 12.9-inch (M2) 256GB,New,881.06,913.87,883.3348665969013,30.535133403098712,3.341299463063533
2026-06-22,Amazon,iPad,iPad Pro 12.9-inch (M2) 256GB,New,897.82,906.17,898.2045463081231,7.96545369187686,0.8790242108960638
2026-06-25,Amazon,iPad,iPad Pro 12.9-inch (M2) 256GB,New,898.755,901.67,892.2651812094216,9.40481879057836,1.0430444387168656
2026-06-29,Amazon,iPad,iPad Pro 12.9-inch (M2) 256GB,New,906.17,885.99,892.6882961914797,6.698296191479699,0.7560239045000168
2026-07-02,Amazon,iPad,iPad Pro 12.9-inch (M2) 256GB,New,901.67,899.26,860.9245963988323,38.33540360116774,4.262994417762131
2026-07-08,Amazon,iPad,iPad Pro 12.9-inch (M2) 256GB,New,913.0,751.4749999999999,869.0693635608781,117.59436356087815,15.648473144266697
2026-07-09,Amazon,iPad,iPad Pro 12.9-inch (M2) 256GB,New,899.26,737.62,877.3822431506096,139.7622431506096,18.947729610179987
2026-07-14,Amazon,iPad,iPad Pro 12.9-inch (M2) 256GB,New,701.12,907.01,841.9065374839304,65.10346251606961,7.1778108858854495
2026-07-15,Amazon,iPad,iPad Pro 12.9-inch (M2) 256GB,New,751.4749999999999,901.35,904.6032986635926,3.2532986635925454,0.3609362249506346
2026-07-16,Amazon,iPad,iPad Pro 12.9-inch (M2) 256GB,New,737.62,888.22,917.0052927614684,28.785292761468327,3.2407841257197907
2026-07-23,Amazon,iPad,iPad Pro 12.9-inch (M2) 256GB,New,888.22,900.66,887.797617135856,12.862382864144024,1.4281063735642778
2026-04-29,Amazon,iPad,iPad Pro 12.9-inch (M2) 256GB,Renewed/Refurbished,691.47,707.34,687.6695387788604,19.67046122113959,2.780906101894363
2026-05-03,Amazon,iPad,iPad Pro 12.9-inch (M2) 256GB,Renewed/Refurbished,701.62,757.14,679.3673036456431,77.77269635435687,10.2719043181389
2026-05-11,Amazon,iPad,iPad Pro 12.9-inch (M2) 256GB,Renewed/Refurbished,695.15,674.69,693.2269796278946,18.53697962789454,2.7474810102261094
2026-05-28,Amazon,iPad,iPad Pro 12.9-inch (M2) 256GB,Renewed/Refurbished,697.03,765.35,682.8420347009081,82.5079652990919,10.780422721511973
2026-06-26,Amazon,iPad,iPad Pro 12.9-inch (M2) 256GB,Renewed/Refurbished,665.88,724.495,670.6725865375092,53.82241346249077,7.428955819224532
2026-06-29,Amazon,iPad,iPad Pro 12.9-inch (M2) 256GB,Renewed/Refurbished,696.32,687.36,675.2804633665883,12.079536633411749,1.7573813770675843
2026-01-31,Amazon,iPhone,iPhone 12 64GB,New,482.22,487.38,479.6488600943913,7.7311399056087,1.5862653177415365
2026-02-03,Amazon,iPhone,iPhone 12 64GB,New,478.715,476.8,480.01150739522586,3.2115073952258513,0.6735544033611265
2026-02-21,Amazon,iPhone,iPhone 12 64GB,New,488.22,480.78,483.07533449950836,2.2953344995083853,0.47741888171479374
2026-03-01,Amazon,iPhone,iPhone 12 64GB,New,480.21,479.5,484.903398503924,5.403398503923995,1.1268818569184558
2026-03-06,Amazon,iPhone,iPhone 12 64GB,New,484.42,479.17,486.8548855157526,7.684885515752569,1.6037910377846212
2026-03-08,Amazon,iPhone,iPhone 12 64GB,New,479.5,487.25,475.53827944543144,11.711720554568558,2.4036368506041166
2026-03-10,Amazon,iPhone,iPhone 12 64GB,New,477.96,476.34,474.11378610752655,2.2262138924734245,0.4673581669549953
2026-03-13,Amazon,iPhone,iPhone 12 64GB,New,479.17,473.55,480.5136455734131,6.963645573413089,1.4705196016076632
2026-03-15,Amazon,iPhone,iPhone 12 64GB,New,487.25,475.89,479.83475457437845,3.9447545743784644,0.8289215100923458
2026-03-20,Amazon,iPhone,iPhone 12 64GB,New,473.55,486.55,484.1879254168622,2.362074583137826,0.4854741718503393
2026-04-10,Amazon,iPhone,iPhone 12 64GB,New,482.19,488.81,485.17131644419794,3.6386835558020607,0.7443963003625255
2026-04-27,Amazon,iPhone,iPhone 12 64GB,New,476.3,470.35,481.71872631472945,11.368726314729429,2.417077987611232
2026-04-29,Amazon,iPhone,iPhone 12 64GB,New,474.35,486.58,476.5728356156382,10.007164384361772,2.0566329040161477
2026-05-02,Amazon,iPhone,iPhone 12 64GB,New,479.69,479.31,478.57911687879397,0.730883121206034,0.15248651628508358
2026-05-03,Amazon,iPhone,iPhone 12 64GB,New,475.315,473.54499999999996,480.3088362769764,6.763836276976463,1.428340765286607
2026-05-04,Amazon,iPhone,iPhone 12 64GB,New,470.35,474.42,481.1393678953785,6.719367895378468,1.4163331848106042
2026-05-08,Amazon,iPhone,iPhone 12 64GB,New,486.22,477.44,479.83833906262777,2.3983390626277696,0.5023330811469021
2026-05-09,Amazon,iPhone,iPhone 12 64GB,New,479.31,471.2,481.19609557565224,9.996095575652248,2.121412473610409
2026-05-15,Amazon,iPhone,iPhone 12 64GB,New,477.44,476.37,481.4157271382097,5.045727138209713,1.0592033793500248
2026-05-16,Amazon,iPhone,iPhone 12 64GB,New,471.2,472.12,481.6922676826693,9.572267682669292,2.027507346155488
2026-05-22,Amazon,iPhone,iPhone 12 64GB,New,476.37,482.085,474.44937310677,7.635626893229983,1.5838756429322594
2026-05-27,Amazon,iPhone,iPhone 12 64GB,New,480.16,483.6,478.571452501633,5.028547498367004,1.0398154463124492
2026-05-28,Amazon,iPhone,iPhone 12 64GB,New,488.24,476.225,479.6566567269003,3.4316567269002576,0.720595669463018
2026-06-03,Amazon,iPhone,iPhone 12 64GB,New,483.6,473.13,484.6182571273024,11.488257127302404,2.4281396502657633
2026-06-09,Amazon,iPhone,iPhone 12 64GB,New,474.31,474.96,472.6233952853596,2.336604714640373,0.4919582100893492
2026-06-15,Amazon,iPhone,iPhone 12 64GB,New,479.88,470.08,475.00398073695527,4.923980736955286,1.0474771819595146
2026-06-16,Amazon,iPhone,iPhone 12 64GB,New,474.96,475.98,475.0855361863705,0.8944638136294998,0.1879204617062691
2026-06-21,Amazon,iPhone,iPhone 12 64GB,New,486.31,476.12,478.2526024287907,2.132602428790676,0.44791280114061083
2026-06-22,Amazon,iPhone,iPhone 12 64GB,New,470.08,488.04,482.13778096781476,5.902219032185258,1.2093719843015445
2026-06-27,Amazon,iPhone,iPhone 12 64GB,New,482.21,477.01,485.07395779278,8.063957792780002,1.6905217485545383
2026-06-29,Amazon,iPhone,iPhone 12 64GB,New,488.04,487.91,475.0063595661731,12.903640433826922,2.6446763611786848
2026-07-01,Amazon,iPhone,iPhone 12 64GB,New,477.17,479.27,458.9742102764114,20.295789723588598,4.23472984405212
2026-07-07,Amazon,iPhone,iPhone 12 64GB,New,482.2,398.86,436.9582875942601,38.098287594260114,9.55179451292687
2026-07-08,Amazon,iPhone,iPhone 12 64GB,New,479.27,374.78,439.5347832242279,64.75478322422794,17.278078665944804
2026-02-18,Amazon,iPhone,iPhone 12 64GB,Renewed/Refurbished,412.21,332.85,389.2843291741354,56.43432917413537,16.954883333073568
2026-03-02,Amazon,iPhone,iPhone 12 64GB,Renewed/Refurbished,403.71,350.16,369.3533174638667,19.193317463866663,5.481299252874875
2026-05-11,Amazon,iPhone,iPhone 12 64GB,Renewed/Refurbished,386.23,360.57,382.39940361338796,21.829403613387967,6.054137508219754
2026-05-18,Amazon,iPhone,iPhone 12 64GB,Renewed/Refurbished,360.57,331.56,359.76361365176655,28.203613651766545,8.506337812693493
2026-06-12,Amazon,iPhone,iPhone 12 64GB,Renewed/Refurbished,371.87,341.05,388.3191397371865,47.26913973718649,13.859885570205686
2026-07-23,Amazon,iPhone,iPhone 12 64GB,Renewed/Refurbished,357.82,368.37,365.741189873482,2.628810126517976,0.7136330663512165
2026-02-06,Amazon,iPhone,iPhone 12 Pro 128GB,New,600.77,590.57,596.405803930778,5.835803930777956,0.9881646427651177
2026-02-08,Amazon,iPhone,iPhone 12 Pro 128GB,New,597.58,606.02,590.865004377859,15.154995622140973,2.5007418273556934
2026-02-18,Amazon,iPhone,iPhone 12 Pro 128GB,New,592.05,608.23,590.4872843783179,17.742715621682123,2.917106295592477
2026-02-27,Amazon,iPhone,iPhone 12 Pro 128GB,New,606.36,610.29,601.0856011984852,9.204398801514799,1.5082008228079764
2026-03-06,Amazon,iPhone,iPhone 12 Pro 128GB,New,610.29,610.47,611.0300312900863,0.5600312900862718,0.09173772504566512
2026-03-17,Amazon,iPhone,iPhone 12 Pro 128GB,New,601.54,600.86,603.2489141872591,2.388914187259047,0.3975824962984801
2026-03-25,Amazon,iPhone,iPhone 12 Pro 128GB,New,596.85,597.93,592.5187160727044,5.411283927295585,0.9050029146046504
2026-04-25,Amazon,iPhone,iPhone 12 Pro 128GB,New,599.67,590.55,592.3561627385144,1.8061627385144448,0.30584416874345016
2026-04-29,Amazon,iPhone,iPhone 12 Pro 128GB,New,609.6800000000001,607.25,591.4472302916108,15.802769708389178,2.6023498902246485
2026-05-02,Amazon,iPhone,iPhone 12 Pro 128GB,New,590.55,593.17,597.1702198684559,4.000219868455929,0.6743800037857494
2026-05-03,Amazon,iPhone,iPhone 12 Pro 128GB,New,592.72,606.72,592.4202255226137,14.299774477386336,2.356898483219003
2026-05-07,Amazon,iPhone,iPhone 12 Pro 128GB,New,592.06,608.17,598.6804044610825,9.489595538917456,1.560352457194116
2026-05-14,Amazon,iPhone,iPhone 12 Pro 128GB,New,608.17,603.5450000000001,606.3070451399753,2.762045139975271,0.45763698481062237
2026-05-18,Amazon,iPhone,iPhone 12 Pro 128GB,New,603.31,608.48,608.0554373634347,0.4245626365652697,0.069774296043464
2026-05-20,Amazon,iPhone,iPhone 12 Pro 128GB,New,592.75,588.01,597.7182460440049,9.708246044004909,1.6510341735693115
2026-05-24,Amazon,iPhone,iPhone 12 Pro 128GB,New,593.24,591.18,586.9853418072399,4.194658192760016,0.709539935850336
2026-05-25,Amazon,iPhone,iPhone 12 Pro 128GB,New,608.48,602.58,593.6893063753348,8.890693624665232,1.4754378878597418
2026-05-27,Amazon,iPhone,iPhone 12 Pro 128GB,New,588.01,603.19,602.5576084710941,0.6323915289059414,0.1048411825305362
2026-05-31,Amazon,iPhone,iPhone 12 Pro 128GB,New,591.18,594.51,592.7572446701705,1.7527553298294833,0.29482352354535385
2026-06-03,Amazon,iPhone,iPhone 12 Pro 128GB,New,603.19,609.18,594.2663473928457,14.91365260715429,2.4481520416222287
2026-06-07,Amazon,iPhone,iPhone 12 Pro 128GB,New,594.51,588.44,586.5423522043488,1.89764779565121,0.3224878994716895
2026-06-10,Amazon,iPhone,iPhone 12 Pro 128GB,New,609.18,589.58,592.4001397525766,2.8201397525765515,0.4783302948839091
2026-06-12,Amazon,iPhone,iPhone 12 Pro 128GB,New,598.28,599.67,592.1061340062561,7.563865993743889,1.2613380682281736
2026-06-27,Amazon,iPhone,iPhone 12 Pro 128GB,New,587.81,601.32,589.2722114263553,12.047788573644766,2.0035569370126995
2026-06-28,Amazon,iPhone,iPhone 12 Pro 128GB,New,590.69,609.25,589.5096427666384,19.74035723336158,3.2401078758082194
2026-07-05,Amazon,iPhone,iPhone 12 Pro 128GB,New,609.25,494.93,555.0856886041684,60.15568860416835,12.154383166138311
2026-07-07,Amazon,iPhone,iPhone 12 Pro 128GB,New,588.97,473.47,552.6473699694593,79.17736996945928,16.722784964086273
2026-07-08,Amazon,iPhone,iPhone 12 Pro 128GB,New,598.06,469.84,546.7015289580177,76.86152895801769,16.359085850080387
2026-07-14,Amazon,iPhone,iPhone 12 Pro 128GB,New,473.47,594.84,594.7043903104661,0.13560968953390784,0.022797674926687484
2026-07-15,Amazon,iPhone,iPhone 12 Pro 128GB,New,469.84,594.64,594.2324778262937,0.4075221737062975,0.06853258672580007
2026-07-17,Amazon,iPhone,iPhone 12 Pro 128GB,New,471.34,601.575,589.4243407918082,12.150659208191882,2.0198078723670165
2026-07-18,Amazon,iPhone,iPhone 12 Pro 128GB,New,455.66,601.83,594.9549888289661,6.875011171033975,1.1423510245474593
2026-07-24,Amazon,iPhone,iPhone 12 Pro 128GB,New,601.575,596.25,569.67038663516,26.579613364840043,4.457796790748854
2026-02-16,Amazon,iPhone,iPhone 12 Pro 128GB,Renewed/Refurbished,427.35,434.83500000000004,449.9001717827751,15.065171782775053,3.464572029108754
2026-02-27,Amazon,iPhone,iPhone 12 Pro 128GB,Renewed/Refurbished,510.51,447.78,466.42747377872985,18.647473778729875,4.164427571291678
2026-02-28,Amazon,iPhone,iPhone 12 Pro 128GB,Renewed/Refurbished,432.81,428.7,466.50154936716893,37.801549367168946,8.817716204144844
2026-04-03,Amazon,iPhone,iPhone 12 Pro 128GB,Renewed/Refurbished,426.11,487.32,446.7331424771458,40.58685752285419,8.328584405083763
2026-04-11,Amazon,iPhone,iPhone 12 Pro 128GB,Renewed/Refurbished,427.09,431.68,444.94147403922915,13.261474039229142,3.072061258160939
2026-04-18,Amazon,iPhone,iPhone 12 Pro 128GB,Renewed/Refurbished,431.68,463.32,441.8633335276929,21.45666647230712,4.631068478008098
2026-03-02,Amazon,iPhone,iPhone 13 128GB,New,474.92,474.79,484.12898659990975,9.338986599909731,1.9669720507823945
2026-03-08,Amazon,iPhone,iPhone 13 128GB,New,474.12,476.2,483.3722079245984,7.1722079245984105,1.5061335414948365
2026-03-09,Amazon,iPhone,iPhone 13 128GB,New,474.79,479.48,476.8417274060987,2.63827259390132,0.5502362129601485
2026-03-18,Amazon,iPhone,iPhone 13 128GB,New,476.87,480.48,483.84243944706276,3.362439447062741,0.6998084097283426
2026-03-30,Amazon,iPhone,iPhone 13 128GB,New,483.14,470.31,488.1716775572231,17.861677557223118,3.797851960881784
2026-04-03,Amazon,iPhone,iPhone 13 128GB,New,475.81,488.16,480.6802408369693,7.479759163030735,1.5322351612239296
2026-04-10,Amazon,iPhone,iPhone 13 128GB,New,488.16,485.49,478.93055552057183,6.55944447942818,1.3510977526680632
2026-04-17,Amazon,iPhone,iPhone 13 128GB,New,485.49,481.63,481.89906077296234,0.269060772962348,0.055864620759161175
2026-04-24,Amazon,iPhone,iPhone 13 128GB,New,481.63,486.67,484.0232432928382,2.646756707161842,0.5438503929072763
2026-04-26,Amazon,iPhone,iPhone 13 128GB,New,470.3,474.66,479.53719448062316,4.877194480623132,1.027513268576061
2026-05-16,Amazon,iPhone,iPhone 13 128GB,New,488.68,486.83,480.0299680095159,6.800031990484058,1.3967980589700837
2026-05-31,Amazon,iPhone,iPhone 13 128GB,New,472.25,482.21000000000004,483.4700666155296,1.2600666155295812,0.26131075994475045
2026-06-06,Amazon,iPhone,iPhone 13 128GB,New,488.54,482.48,483.925067328521,1.4450673285209632,0.2995082342316704
2026-06-07,Amazon,iPhone,iPhone 13 128GB,New,482.21000000000004,469.94,479.09470988759125,9.154709887591252,1.948059302802752
2026-06-09,Amazon,iPhone,iPhone 13 128GB,New,471.69,482.93,483.63742094834606,0.707420948346055,0.14648519419917067
2026-06-10,Amazon,iPhone,iPhone 13 128GB,New,482.08,474.26,476.21299332377635,1.9529933237763544,0.4117980271952841
2026-06-13,Amazon,iPhone,iPhone 13 128GB,New,482.48,486.86,482.6846265424092,4.175373457590808,0.8576127547119928
2026-06-17,Amazon,iPhone,iPhone 13 128GB,New,474.26,479.42,476.343408601557,3.0765913984430426,0.6417319674696597
2026-06-19,Amazon,iPhone,iPhone 13 128GB,New,483.09,481.67,483.7896203883558,2.11962038835577,0.44005655082437556
2026-06-20,Amazon,iPhone,iPhone 13 128GB,New,486.86,486.4,479.8982251341536,6.501774865846357,1.3367135826164387
2026-06-24,Amazon,iPhone,iPhone 13 128GB,New,479.42,478.99,480.0359788058198,1.0459788058198,0.21837174175239568
2026-06-26,Amazon,iPhone,iPhone 13 128GB,New,481.67,474.52,480.9410743365035,6.421074336503523,1.3531725399358348
2026-06-28,Amazon,iPhone,iPhone 13 128GB,New,482.23,480.08,487.04956525627375,6.969565256273768,1.4517508032564923
2026-07-20,Amazon,iPhone,iPhone 13 128GB,New,481.17999999999995,477.18,481.82890808245713,4.648908082457126,0.9742462136839611
2026-06-10,Amazon,iPhone,iPhone 13 128GB,Renewed/Refurbished,359.78,344.39,361.9597139233746,17.569713923374593,5.101691083763928
2026-06-17,Amazon,iPhone,iPhone 13 128GB,Renewed/Refurbished,344.39,380.39,360.5983868003855,19.79161319961446,5.202979363183696
2026-06-23,Amazon,iPhone,iPhone 13 128GB,Renewed/Refurbished,404.48,381.08,365.9138028528069,15.166197147193088,3.979793520308882
2026-06-30,Amazon,iPhone,iPhone 13 128GB,Renewed/Refurbished,381.08,375.75,366.518326612388,9.231673387611977,2.4568658383531545
2026-01-26,Amazon,iPhone,iPhone 13 Pro Max 256GB,New,800.61,801.905,817.9154243977273,16.01042439772732,1.996548767962205
2026-01-31,Amazon,iPhone,iPhone 13 Pro Max 256GB,New,814.72,811.67,816.6355905524495,4.965590552449498,0.6117745576957999
2026-02-01,Amazon,iPhone,iPhone 13 Pro Max 256GB,New,811.84,804.575,794.2337699044092,10.341230095590845,1.2853034329417201
2026-02-05,Amazon,iPhone,iPhone 13 Pro Max 256GB,New,806.81,790.2,801.9020889583547,11.702088958354693,1.480902171393912
2026-02-10,Amazon,iPhone,iPhone 13 Pro Max 256GB,New,787.14,795.99,797.3199916695437,1.3299916695436877,0.16708647967231846
2026-02-12,Amazon,iPhone,iPhone 13 Pro Max 256GB,New,790.2,803.59,797.4527460718504,6.137253928149676,0.763729504865625
2026-03-12,Amazon,iPhone,iPhone 13 Pro Max 256GB,New,793.06,801.24,803.6413843698832,2.4013843698832034,0.29970849806340216
2026-03-17,Amazon,iPhone,iPhone 13 Pro Max 256GB,New,798.8,796.6400000000001,802.7760020580881,6.136002058088025,0.7702352452912261
2026-03-24,Amazon,iPhone,iPhone 13 Pro Max 256GB,New,796.6400000000001,797.35,802.5932463106816,5.24324631068157,0.6575840359542948
2026-03-28,Amazon,iPhone,iPhone 13 Pro Max 256GB,New,784.65,808.27,802.657006403807,5.6129935961929505,0.6944453705065078
2026-04-03,Amazon,iPhone,iPhone 13 Pro Max 256GB,New,791.3,790.845,802.3856237495298,11.5406237495298,1.4592775764568027
2026-04-04,Amazon,iPhone,iPhone 13 Pro Max 256GB,New,808.27,784.46,796.3524236014918,11.892423601491714,1.5160012749524148
2026-04-10,Amazon,iPhone,iPhone 13 Pro Max 256GB,New,790.845,783.96,800.275863573344,16.315863573344018,2.0812112318669342
2026-04-16,Amazon,iPhone,iPhone 13 Pro Max 256GB,New,795.6949999999999,800.57,799.7224290731115,0.8475709268885794,0.10587093282143714
2026-04-17,Amazon,iPhone,iPhone 13 Pro Max 256GB,New,783.96,806.15,796.7404449560623,9.409555043937644,1.1672213662392414
2026-04-20,Amazon,iPhone,iPhone 13 Pro Max 256GB,New,785.56,801.21,792.0572099708471,9.152790029152925,1.1423709176311982
2026-04-21,Amazon,iPhone,iPhone 13 Pro Max 256GB,New,800.86,808.02,789.3294593406445,18.69054065935552,2.3131284695125762
2026-04-22,Amazon,iPhone,iPhone 13 Pro Max 256GB,New,784.96,791.7149999999999,792.3756984509375,0.6606984509376161,0.08345155149739694
2026-05-25,Amazon,iPhone,iPhone 13 Pro Max 256GB,New,801.98,784.78,790.0023071350388,5.222307135038818,0.6654485505541449
2026-05-27,Amazon,iPhone,iPhone 13 Pro Max 256GB,New,798.06,806.28,795.7478003139455,10.532199686054469,1.306270735483265
2026-06-04,Amazon,iPhone,iPhone 13 Pro Max 256GB,New,787.93,800.09,795.9475339209987,4.142466079001338,0.5177500129987048
2026-06-06,Amazon,iPhone,iPhone 13 Pro Max 256GB,New,789.53,793.1600000000001,795.6893825756647,2.529382575664613,0.31889941193007876
2026-06-12,Amazon,iPhone,iPhone 13 Pro Max 256GB,New,813.18,796.48,797.6661942859597,1.1861942859596866,0.14892957587882766
2026-06-13,Amazon,iPhone,iPhone 13 Pro Max 256GB,New,793.1600000000001,800.025,793.5012302370844,6.523769762915549,0.815445737685141
2026-06-15,Amazon,iPhone,iPhone 13 Pro Max 256GB,New,806.4,793.11,791.4296579045282,1.680342095471815,0.21186747052386362
2026-06-19,Amazon,iPhone,iPhone 13 Pro Max 256GB,New,796.48,784.79,794.1753934620567,9.385393462056754,1.1959114491847187
2026-06-22,Amazon,iPhone,iPhone 13 Pro Max 256GB,New,793.11,805.3,794.7884457100874,10.51155428991251,1.3052966956305116
2026-06-29,Amazon,iPhone,iPhone 13 Pro Max 256GB,New,805.3,806.64,777.535578142233,29.104421857766965,3.6081054569283655
2026-07-05,Amazon,iPhone,iPhone 13 Pro Max 256GB,New,790.54,652.96,757.5793130332203,104.61931303322024,16.022315767155757
2026-07-24,Amazon,iPhone,iPhone 13 Pro Max 256GB,New,808.54,800.235,788.1748408599367,12.06015914006332,1.5070771885837684
2026-06-28,Amazon,iPhone,iPhone 13 Pro Max 256GB,Renewed/Refurbished,676.01,615.64,634.207497575544,18.567497575544053,3.015966729833028
2026-06-30,Amazon,iPhone,iPhone 13 Pro Max 256GB,Renewed/Refurbished,617.46,599.98,624.4667305377891,24.48673053778907,4.081257798224787
2026-07-07,Amazon,iPhone,iPhone 13 Pro Max 256GB,Renewed/Refurbished,599.98,483.28,582.7407746531101,99.4607746531101,20.5803622440635
2026-07-14,Amazon,iPhone,iPhone 13 Pro Max 256GB,Renewed/Refurbished,483.28,626.32,580.6257005768858,45.69429942311422,7.2956794327363355
2026-02-02,Amazon,iPhone,iPhone 14 128GB,New,499.42499999999995,500.765,502.63699602279667,1.8719960227966794,0.373827248868567
2026-02-15,Amazon,iPhone,iPhone 14 128GB,New,501.28,492.59,502.5513085262883,9.961308526288349,2.0222311712150773
2026-02-20,Amazon,iPhone,iPhone 14 128GB,New,494.96500000000003,497.2,492.4406334451475,4.759366554852477,0.9572338203645367
2026-02-22,Amazon,iPhone,iPhone 14 128GB,New,492.59,506.17,496.21547243268253,9.954527567317484,1.966637210288536
2026-02-27,Amazon,iPhone,iPhone 14 128GB,New,497.2,500.32,489.10243607380664,11.21756392619335,2.242077855411207
2026-03-02,Amazon,iPhone,iPhone 14 128GB,New,507.45,492.29,496.73571181246353,4.445711812463514,0.9030676659008946
2026-03-03,Amazon,iPhone,iPhone 14 128GB,New,507.57,499.89,504.07622935515195,4.186229355151966,0.837430105653637
2026-03-05,Amazon,iPhone,iPhone 14 128GB,New,504.43,504.88,502.9858780177674,1.8941219822326048,0.3751628074458495
2026-03-06,Amazon,iPhone,iPhone 14 128GB,New,500.32,491.12,504.69047938830886,13.570479388308854,2.7631697728271813
2026-03-09,Amazon,iPhone,iPhone 14 128GB,New,492.29,505.92,501.18092388240643,4.739076117593584,0.9367244065452214
2026-03-12,Amazon,iPhone,iPhone 14 128GB,New,504.88,495.44,510.12685050477074,14.686850504770746,2.9644054789219174
2026-03-13,Amazon,iPhone,iPhone 14 128GB,New,491.12,500.01,502.7995063053729,2.7895063053729245,0.5578901032725194
2026-03-14,Amazon,iPhone,iPhone 14 128GB,New,499.11,490.17,502.27301486668324,12.103014866683225,2.4691463913913996
2026-03-15,Amazon,iPhone,iPhone 14 128GB,New,494.29,497.35,494.49220486362697,2.8577951363730563,0.5746044307576266
2026-03-16,Amazon,iPhone,iPhone 14 128GB,New,505.92,504.53,497.69233359732584,6.837666402674131,1.3552546731956736
2026-03-23,Amazon,iPhone,iPhone 14 128GB,New,504.53,506.49,493.07695818257025,13.413041817429757,2.648234282499113
2026-03-25,Amazon,iPhone,iPhone 14 128GB,New,499.135,500.0,492.9388372828381,7.061162717161892,1.4122325434323784
2026-03-30,Amazon,iPhone,iPhone 14 128GB,New,506.49,502.29,503.81023320962504,1.5202332096250188,0.3026604570317981
2026-04-01,Amazon,iPhone,iPhone 14 128GB,New,500.0,499.88,490.9622753384175,8.917724661582497,1.7839730858571052
2026-04-10,Amazon,iPhone,iPhone 14 128GB,New,503.15,489.65,503.12710573278156,13.477105732781581,2.752395738339953
2026-04-14,Amazon,iPhone,iPhone 14 128GB,New,508.65,497.23,508.4400397555223,11.210039755522303,2.2544978693003848
2026-04-22,Amazon,iPhone,iPhone 14 128GB,New,490.4,501.16,501.03735122689875,0.12264877310127531,0.02447297731288916
2026-05-12,Amazon,iPhone,iPhone 14 128GB,New,496.42,505.255,492.4866659538751,12.768334046124892,2.5271069155426256
2026-05-18,Amazon,iPhone,iPhone 14 128GB,New,500.70500000000004,489.22,495.7156252872927,6.4956252872926825,1.327751377149888
2026-05-19,Amazon,iPhone,iPhone 14 128GB,New,505.255,497.84,497.8965162297183,0.05651622971834058,0.011352287827081108
2026-05-27,Amazon,iPhone,iPhone 14 128GB,New,496.93,494.05,499.2699681351094,5.219968135109411,1.0565667716039695
2026-05-31,Amazon,iPhone,iPhone 14 128GB,New,502.93,508.51,497.6990258502333,10.810974149766707,2.126010137414546
2026-06-03,Amazon,iPhone,iPhone 14 128GB,New,494.05,490.45,500.71957374819954,10.269573748199548,2.0939084000814656
2026-06-04,Amazon,iPhone,iPhone 14 128GB,New,504.89,500.82,489.85972459565426,10.960275404345737,2.1884659966346667
2026-06-08,Amazon,iPhone,iPhone 14 128GB,New,503.68,493.53,502.51533929267015,8.985339292670176,1.8206267689239108
2026-06-10,Amazon,iPhone,iPhone 14 128GB,New,490.45,498.23,495.69220593192557,2.5377940680744473,0.5093619549353606
2026-06-11,Amazon,iPhone,iPhone 14 128GB,New,500.82,505.82,504.09926378414315,1.7207362158568458,0.3401874611238871
2026-06-15,Amazon,iPhone,iPhone 14 128GB,New,493.53,504.5,497.24290110082745,7.257098899172547,1.4384735181709707
2026-06-17,Amazon,iPhone,iPhone 14 128GB,New,498.23,490.07,500.5936953025887,10.523695302588692,2.1473861494457305
2026-06-18,Amazon,iPhone,iPhone 14 128GB,New,505.82,502.24,507.8990062689448,5.659006268944779,1.1267533985633917
2026-06-22,Amazon,iPhone,iPhone 14 128GB,New,504.5,503.75,502.1070731287963,1.6429268712037128,0.3261393292712085
2026-06-28,Amazon,iPhone,iPhone 14 128GB,New,494.03,492.68,503.2567604859078,10.576760485907812,2.146780970591015
2026-06-29,Amazon,iPhone,iPhone 14 128GB,New,503.75,494.03,493.79386552942555,0.23613447057442727,0.0477975974281779
2026-06-30,Amazon,iPhone,iPhone 14 128GB,New,499.51,498.44,491.8495109588287,6.590489041171281,1.3222231444449244
2026-07-04,Amazon,iPhone,iPhone 14 128GB,New,508.6,373.71,471.8098931846855,98.09989318468553,26.250272453154995
2026-07-05,Amazon,iPhone,iPhone 14 128GB,New,492.68,402.81,462.4047157675236,59.59471576752361,14.794745852268715
2026-07-06,Amazon,iPhone,iPhone 14 128GB,New,494.03,394.51,460.7078280999879,66.19782809998793,16.77975922029554
2026-07-07,Amazon,iPhone,iPhone 14 128GB,New,498.44,410.74,456.9466994986624,46.206699498662374,11.249622510264977
2026-07-08,Amazon,iPhone,iPhone 14 128GB,New,506.26,399.47,460.62184756478734,61.15184756478732,15.308245316240848
2026-07-11,Amazon,iPhone,iPhone 14 128GB,New,373.71,404.62,430.28452913793666,25.664529137936654,6.342872111595238
2026-07-12,Amazon,iPhone,iPhone 14 128GB,New,402.81,496.58,502.66936561656945,6.0893656165694665,1.226260746822157
2026-07-13,Amazon,iPhone,iPhone 14 128GB,New,394.51,496.03,503.1296137276547,7.0996137276547415,1.4312871656260189
2026-07-15,Amazon,iPhone,iPhone 14 128GB,New,399.47,500.52,501.42457952960257,0.9045795296025858,0.18072794885370932
2026-07-17,Amazon,iPhone,iPhone 14 128GB,New,418.72,503.45,505.29314868193086,1.8431486819308702,0.3661036213985242
2026-07-19,Amazon,iPhone,iPhone 14 128GB,New,496.58,491.52,468.87826225510184,22.641737744898137,4.606473336771268
2026-07-24,Amazon,iPhone,iPhone 14 128GB,New,503.45,503.88,493.6327803431897,10.247219656810273,2.0336627087422148
2026-01-26,Amazon,iPhone,iPhone 14 128GB,Renewed/Refurbished,364.04,367.34,375.82651497366845,8.486514973668477,2.3102616033289265
2026-01-27,Amazon,iPhone,iPhone 14 128GB,Renewed/Refurbished,353.3,400.79,378.7258946323866,22.064105367613422,5.505153663418104
2026-02-02,Amazon,iPhone,iPhone 14 128GB,Renewed/Refurbished,367.34,414.7,376.4994302482593,38.200569751740716,9.211615565888767
2026-03-11,Amazon,iPhone,iPhone 14 128GB,Renewed/Refurbished,394.75,393.46,376.2175576723236,17.242442327676372,4.38226054177715
2026-04-03,Amazon,iPhone,iPhone 14 128GB,Renewed/Refurbished,391.495,357.43,388.8858621708475,31.455862170847467,8.800565752971902
2026-04-10,Amazon,iPhone,iPhone 14 128GB,Renewed/Refurbished,357.43,374.48,362.18730995341366,12.292690046586358,3.2826025546321183
2026-04-11,Amazon,iPhone,iPhone 14 128GB,Renewed/Refurbished,368.08,379.98,370.1213221232947,9.858677876705315,2.5945254688944983
2026-05-18,Amazon,iPhone,iPhone 14 128GB,Renewed/Refurbished,415.95,388.03,364.9625151324594,23.0674848675406,5.94476841160235
2026-01-28,Amazon,iPhone,iPhone 14 Pro 128GB,New,709.33,695.79,698.7648458317583,2.97484583175833,0.42754938009432875
2026-01-31,Amazon,iPhone,iPhone 14 Pro 128GB,New,706.21,710.29,698.4877665524762,11.802233447523804,1.661607716217855
2026-02-05,Amazon,iPhone,iPhone 14 Pro 128GB,New,690.07,711.19,701.7045189657348,9.485481034265263,1.3337478077961251
2026-02-08,Amazon,iPhone,iPhone 14 Pro 128GB,New,685.915,685.5,701.4911921455363,15.991192145536274,2.3327778476347594
2026-02-12,Amazon,iPhone,iPhone 14 Pro 128GB,New,711.19,685.59,697.3200372999993,11.730037299999253,1.7109405475574693
2026-02-16,Amazon,iPhone,iPhone 14 Pro 128GB,New,699.24,685.53,699.7661229191407,14.236122919140712,2.0766593612446886
2026-02-17,Amazon,iPhone,iPhone 14 Pro 128GB,New,699.44,696.17,694.9084803666776,1.2615196333223366,0.18120856016811077
2026-02-19,Amazon,iPhone,iPhone 14 Pro 128GB,New,685.59,699.64,690.3818388339428,9.25816116605722,1.32327499371923
2026-02-21,Amazon,iPhone,iPhone 14 Pro 128GB,New,689.33,709.94,700.1765081009125,9.763491899087512,1.3752559229072192
2026-02-23,Amazon,iPhone,iPhone 14 Pro 128GB,New,685.53,699.825,690.9528479759897,8.872152024010347,1.2677672309520733
2026-02-24,Amazon,iPhone,iPhone 14 Pro 128GB,New,696.17,711.9,705.3711480197946,6.5288519802053315,0.9171023992422155
2026-03-01,Amazon,iPhone,iPhone 14 Pro 128GB,New,688.93,700.44,697.1254401039821,3.314559896017954,0.473211109590822
2026-03-02,Amazon,iPhone,iPhone 14 Pro 128GB,New,699.825,693.77,706.1313112425038,12.361311242503803,1.7817592635172754
2026-03-03,Amazon,iPhone,iPhone 14 Pro 128GB,New,711.9,705.49,700.8091944689295,4.6808055310705186,0.6634829028151382
2026-03-06,Amazon,iPhone,iPhone 14 Pro 128GB,New,703.56,696.225,697.9183146938201,1.6933146938200707,0.24321371594241384
2026-03-09,Amazon,iPhone,iPhone 14 Pro 128GB,New,693.77,693.67,701.4612528068759,7.791252806875946,1.1231929890114818
2026-03-13,Amazon,iPhone,iPhone 14 Pro 128GB,New,696.225,691.06,701.3185384032154,10.258538403215425,1.4844642148605658
2026-03-16,Amazon,iPhone,iPhone 14 Pro 128GB,New,693.67,701.0450000000001,698.4964069457534,2.5485930542466804,0.3635420057552197
2026-03-23,Amazon,iPhone,iPhone 14 Pro 128GB,New,701.0450000000001,702.97,701.4059403069826,1.5640596930173842,0.22249309259532896
2026-03-30,Amazon,iPhone,iPhone 14 Pro 128GB,New,702.97,701.7,698.6376158982075,3.0623841017925315,0.4364235573311288
2026-04-02,Amazon,iPhone,iPhone 14 Pro 128GB,New,705.91,701.3,697.2353052109746,4.064694789025339,0.5795942947419562
2026-04-05,Amazon,iPhone,iPhone 14 Pro 128GB,New,697.32,705.19,695.8492605428107,9.34073945718933,1.3245706061046425
2026-04-07,Amazon,iPhone,iPhone 14 Pro 128GB,New,706.095,687.44,703.3378938771077,15.897893877107663,2.312622756474407
2026-04-09,Amazon,iPhone,iPhone 14 Pro 128GB,New,701.3,693.12,701.4848841551703,8.36488415517033,1.2068450131536141
2026-04-10,Amazon,iPhone,iPhone 14 Pro 128GB,New,704.82,700.57,700.979454956611,0.40945495661094355,0.05844597350884902
2026-04-12,Amazon,iPhone,iPhone 14 Pro 128GB,New,705.19,698.23,701.1031796995102,2.8731796995101604,0.4114947366211936
2026-04-14,Amazon,iPhone,iPhone 14 Pro 128GB,New,687.44,710.19,694.0437197988437,16.1462802011564,2.273515566419747
2026-04-16,Amazon,iPhone,iPhone 14 Pro 128GB,New,693.12,692.15,699.9065965003854,7.756596500385399,1.1206525320212959
2026-04-17,Amazon,iPhone,iPhone 14 Pro 128GB,New,700.57,686.91,700.2857908956181,13.375790895618138,1.9472406713569665
2026-04-18,Amazon,iPhone,iPhone 14 Pro 128GB,New,712.5,708.48,696.8574862208072,11.622513779192786,1.6404857976502916
2026-04-19,Amazon,iPhone,iPhone 14 Pro 128GB,New,698.23,707.24,702.8770486503996,4.362951349600394,0.6168982735139972
2026-04-21,Amazon,iPhone,iPhone 14 Pro 128GB,New,710.19,703.95,701.0929427467757,2.8570572532242977,0.405860821539072
2026-04-22,Amazon,iPhone,iPhone 14 Pro 128GB,New,687.44,701.2,695.8119151644015,5.388084835598534,0.768409132287298
2026-04-24,Amazon,iPhone,iPhone 14 Pro 128GB,New,686.91,709.8,690.5767858607879,19.22321413921202,2.7082578387168246
2026-04-25,Amazon,iPhone,iPhone 14 Pro 128GB,New,708.48,698.8,693.3759786776486,5.4240213223513365,0.7761908017102658
2026-04-28,Amazon,iPhone,iPhone 14 Pro 128GB,New,703.95,686.62,700.6417704762182,14.021770476218194,2.0421441956567232
2026-04-29,Amazon,iPhone,iPhone 14 Pro 128GB,New,701.2,686.26,700.4928753577481,14.232875357748071,2.073977116216605
2026-05-04,Amazon,iPhone,iPhone 14 Pro 128GB,New,703.38,698.94,697.021998404839,1.9180015951610585,0.2744157717631068
2026-05-10,Amazon,iPhone,iPhone 14 Pro 128GB,New,697.56,699.72,703.3935982268025,3.6735982268024827,0.5250097505863034
2026-05-16,Amazon,iPhone,iPhone 14 Pro 128GB,New,705.03,692.55,699.2018211794875,6.65182117948757,0.9604824459587857
2026-05-19,Amazon,iPhone,iPhone 14 Pro 128GB,New,685.6700000000001,700.2,683.2569115961762,16.943088403823822,2.419749843448132
2026-05-23,Amazon,iPhone,iPhone 14 Pro 128GB,New,692.55,700.2,693.6278587218162,6.572141278183835,0.9386091514115732
2026-05-26,Amazon,iPhone,iPhone 14 Pro 128GB,New,700.2,702.76,694.9124932162819,7.847506783718131,1.1166695292444264
2026-05-30,Amazon,iPhone,iPhone 14 Pro 128GB,New,700.2,712.45,698.7914866429429,13.658513357057132,1.917118865472262
2026-06-02,Amazon,iPhone,iPhone 14 Pro 128GB,New,702.76,694.59,696.8136417836913,2.223641783691278,0.3201373160700957
2026-06-06,Amazon,iPhone,iPhone 14 Pro 128GB,New,712.45,702.0899999999999,695.9248937784063,6.165106221593646,0.8781076815783798
2026-06-09,Amazon,iPhone,iPhone 14 Pro 128GB,New,694.59,695.6,699.6824985267442,4.082498526744189,0.5869031809580489
2026-06-11,Amazon,iPhone,iPhone 14 Pro 128GB,New,699.35,703.87,694.9845580731987,8.885441926801263,1.262369745379298
2026-06-14,Amazon,iPhone,iPhone 14 Pro 128GB,New,697.66,701.76,695.7865807146234,5.973419285376622,0.8512054385226604
2026-06-19,Amazon,iPhone,iPhone 14 Pro 128GB,New,702.05,711.54,693.6872883714548,17.852711628545194,2.5090243174726923
2026-06-21,Amazon,iPhone,iPhone 14 Pro 128GB,New,701.76,687.87,699.1184983897758,11.248498389775818,1.6352651503591984
2026-06-26,Amazon,iPhone,iPhone 14 Pro 128GB,New,711.54,696.4200000000001,699.1877896707657,2.7677896707656373,0.3974311005952783
2026-06-27,Amazon,iPhone,iPhone 14 Pro 128GB,New,712.11,698.2,697.3645219245539,0.8354780754461899,0.11966171232400313
2026-06-28,Amazon,iPhone,iPhone 14 Pro 128GB,New,687.87,706.47,698.5918074263554,7.878192573644583,1.1151489197905902
2026-07-01,Amazon,iPhone,iPhone 14 Pro 128GB,New,702.575,708.61,680.5083893920571,28.101610607942916,3.965737233166751
2026-07-02,Amazon,iPhone,iPhone 14 Pro 128GB,New,695.3,707.47,659.3660925175122,48.103907482487784,6.799427181716227
2026-07-03,Amazon,iPhone,iPhone 14 Pro 128GB,New,696.4200000000001,554.62,661.0556634561215,106.43566345612146,19.190736622574278
2026-07-05,Amazon,iPhone,iPhone 14 Pro 128GB,New,706.47,556.98,663.7993306581616,106.81933065816156,19.178306341010728
2026-07-08,Amazon,iPhone,iPhone 14 Pro 128GB,New,708.61,546.01,638.6502518977455,92.64025189774554,16.96676835547802
2026-07-10,Amazon,iPhone,iPhone 14 Pro 128GB,New,554.62,519.77,598.705760775945,78.93576077594503,15.186671176856114
2026-01-28,Amazon,iPhone,iPhone 14 Pro 128GB,Renewed/Refurbished,517.62,541.385,534.3026599641188,7.082340035881202,1.308189188078946
2026-04-13,Amazon,iPhone,iPhone 14 Pro 128GB,Renewed/Refurbished,519.8,571.26,539.5915929214422,31.668407078557834,5.543606602695416
2026-04-20,Amazon,iPhone,iPhone 14 Pro 128GB,Renewed/Refurbished,571.26,561.16,536.7961197673188,24.36388023268114,4.341699378551775
2026-04-24,Amazon,iPhone,iPhone 14 Pro 128GB,Renewed/Refurbished,494.11,578.96,514.8881714659537,64.07182853404629,11.066710745828086
2026-04-28,Amazon,iPhone,iPhone 14 Pro 128GB,Renewed/Refurbished,560.56,547.65,527.5099329185044,20.140067081495545,3.6775435189437684
2026-05-02,Amazon,iPhone,iPhone 14 Pro 128GB,Renewed/Refurbished,512.3,583.31,540.5725818619705,42.7374181380294,7.326707606252148
2026-05-05,Amazon,iPhone,iPhone 14 Pro 128GB,Renewed/Refurbished,547.65,583.43,533.5145139824826,49.91548601751731,8.555522687814701
2026-05-25,Amazon,iPhone,iPhone 14 Pro 128GB,Renewed/Refurbished,580.59,562.02,539.8101067432976,22.209893256702344,3.9517976685353453
2026-07-18,Amazon,iPhone,iPhone 14 Pro 128GB,Renewed/Refurbished,457.45,510.75,543.8878979838895,33.1378979838895,6.48808575308654
2026-07-22,Amazon,iPhone,iPhone 14 Pro 128GB,Renewed/Refurbished,595.92,489.16,542.1955043071039,53.03550430710385,10.842158865627576
2026-01-26,Amazon,iPhone,iPhone 15 128GB,New,594.0550000000001,598.51,599.7085148804254,1.198514880425364,0.2002497669922581
2026-01-31,Amazon,iPhone,iPhone 15 128GB,New,603.51,603.94,602.1403096207482,1.7996903792518424,0.2979915851329341
2026-02-01,Amazon,iPhone,iPhone 15 128GB,New,595.02,606.36,601.8881906794938,4.471809320506168,0.7374842206785025
2026-02-02,Amazon,iPhone,iPhone 15 128GB,New,598.51,610.71,596.1507884836282,14.559211516371874,2.3839811885136766
2026-02-03,Amazon,iPhone,iPhone 15 128GB,New,590.9300000000001,602.42,595.2067554445968,7.213244555403207,1.1973780012953101
2026-02-07,Amazon,iPhone,iPhone 15 128GB,New,603.94,603.6,605.7743400644837,2.1743400644836584,0.3602286389137936
2026-02-08,Amazon,iPhone,iPhone 15 128GB,New,606.36,601.58,603.3723390425272,1.7923390425271464,0.2979386021023216
2026-02-15,Amazon,iPhone,iPhone 15 128GB,New,601.58,599.17,605.2206900108031,6.050690010803123,1.0098452877819524
2026-02-20,Amazon,iPhone,iPhone 15 128GB,New,602.04,604.54,609.8352958591192,5.295295859119278,0.8759215038077346
2026-02-24,Amazon,iPhone,iPhone 15 128GB,New,595.7,601.8,604.7491531927508,2.9491531927508277,0.49005536602705685
2026-03-08,Amazon,iPhone,iPhone 15 128GB,New,609.37,598.71,601.1806903709966,2.470690370996522,0.412668966777993
2026-03-09,Amazon,iPhone,iPhone 15 128GB,New,595.4449999999999,593.18,604.0243075159522,10.84430751595221,1.8281647250332465
2026-03-24,Amazon,iPhone,iPhone 15 128GB,New,601.4,593.38,601.2072588673157,7.827258867315663,1.3190971834769731
2026-03-26,Amazon,iPhone,iPhone 15 128GB,New,606.01,610.02,603.8310926942759,6.188907305724115,1.0145417044890521
2026-03-31,Amazon,iPhone,iPhone 15 128GB,New,593.38,590.56,608.0532127834849,17.493212783484978,2.962139796715826
2026-04-02,Amazon,iPhone,iPhone 15 128GB,New,610.02,600.63,604.4331926550923,3.803192655092289,0.6332005819043819
2026-04-03,Amazon,iPhone,iPhone 15 128GB,New,587.9000000000001,603.46,605.3818599832556,1.9218599832555583,0.3184734668835645
2026-04-08,Amazon,iPhone,iPhone 15 128GB,New,604.53,590.83,599.6551669152618,8.825166915261775,1.4936897102824458
2026-04-11,Amazon,iPhone,iPhone 15 128GB,New,601.5350000000001,589.92,598.657720758408,8.737720758408045,1.481170456741261
2026-04-12,Amazon,iPhone,iPhone 15 128GB,New,590.515,596.97,590.1709721795223,6.799027820477704,1.138922863875522
2026-04-18,Amazon,iPhone,iPhone 15 128GB,New,589.92,598.06,595.3388098445632,2.721190155436716,0.4550028685143157
2026-04-20,Amazon,iPhone,iPhone 15 128GB,New,601.95,595.96,597.3551340561362,1.3951340561361576,0.2340986066407406
2026-04-23,Amazon,iPhone,iPhone 15 128GB,New,605.24,587.25,595.8993421934036,8.64934219340364,1.472855205347576
2026-04-25,Amazon,iPhone,iPhone 15 128GB,New,598.06,594.58,598.582642020331,4.002642020330995,0.6731881362190109
2026-04-30,Amazon,iPhone,iPhone 15 128GB,New,587.25,601.58,593.9803565745044,7.599643425495628,1.2632805986727664
2026-05-02,Amazon,iPhone,iPhone 15 128GB,New,594.58,606.1949999999999,596.1661616699563,10.02883833004364,1.6543914631502472
2026-05-09,Amazon,iPhone,iPhone 15 128GB,New,606.1949999999999,599.285,597.0451196340001,2.239880365999852,0.3737587902249935
2026-05-11,Amazon,iPhone,iPhone 15 128GB,New,594.965,590.72,604.3822112317133,13.662211231713286,2.312806614252655
2026-05-15,Amazon,iPhone,iPhone 15 128GB,New,601.87,593.07,598.226184541248,5.156184541247967,0.8694057263473057
2026-05-18,Amazon,iPhone,iPhone 15 128GB,New,590.72,601.24,592.6987962301648,8.541203769835192,1.420598058983965
2026-05-21,Amazon,iPhone,iPhone 15 128GB,New,593.54,592.56,596.7463590454266,4.186359045426684,0.7064869456977664
2026-05-22,Amazon,iPhone,iPhone 15 128GB,New,593.07,599.58,597.724748527981,1.855251472019063,0.30942517629324906
2026-05-24,Amazon,iPhone,iPhone 15 128GB,New,596.89,595.59,598.4617370212052,2.871737021205149,0.48216676257243224
2026-05-25,Amazon,iPhone,iPhone 15 128GB,New,601.24,600.63,600.4841496544229,0.14585034557705967,0.024282893890924476
2026-05-26,Amazon,iPhone,iPhone 15 128GB,New,597.365,599.97,595.608282922053,4.361717077946992,0.7269891957842878
2026-05-28,Amazon,iPhone,iPhone 15 128GB,New,592.56,594.04,596.9116197327365,2.8716197327365762,0.48340511291101207
2026-05-29,Amazon,iPhone,iPhone 15 128GB,New,599.58,609.78,598.8142906391978,10.96570936080218,1.7983058415825677
2026-05-31,Amazon,iPhone,iPhone 15 128GB,New,595.59,603.25,599.8023310157299,3.4476689842700807,0.5715157868661551
2026-06-01,Amazon,iPhone,iPhone 15 128GB,New,600.63,588.95,587.1964986776691,1.753501322330976,0.2977334786197429
2026-06-02,Amazon,iPhone,iPhone 15 128GB,New,599.97,601.7,592.2789387836722,9.421061216327871,1.5657406043423416
2026-06-03,Amazon,iPhone,iPhone 15 128GB,New,607.355,600.7,594.7208448080282,5.979155191971813,0.9953646066209111
2026-06-07,Amazon,iPhone,iPhone 15 128GB,New,603.25,600.2,601.0077613753622,0.8077613753621335,0.1345820352152838
2026-06-13,Amazon,iPhone,iPhone 15 128GB,New,592.44,598.91,601.7912894445941,2.881289444594131,0.48108888557448215
2026-06-14,Amazon,iPhone,iPhone 15 128GB,New,600.2,598.59,600.1585190039251,1.5685190039250756,0.2620356176890819
2026-06-24,Amazon,iPhone,iPhone 15 128GB,New,590.15,595.86,593.9866184410697,1.873381558930305,0.31439961718026127
2026-06-26,Amazon,iPhone,iPhone 15 128GB,New,603.64,597.46,596.4545180496693,1.0054819503307044,0.1682927644245145
2026-07-01,Amazon,iPhone,iPhone 15 128GB,New,595.86,587.65,576.5200113756497,11.12998862435029,1.8939825788054607
2026-07-06,Amazon,iPhone,iPhone 15 128GB,New,595.3299999999999,470.76,551.8859313491139,81.1259313491139,17.232970377498916
2026-07-08,Amazon,iPhone,iPhone 15 128GB,New,587.65,469.38,550.5118881045213,81.1318881045213,17.284905216353764
2026-07-13,Amazon,iPhone,iPhone 15 128GB,New,470.76,604.37,506.3625145315584,98.00748546844159,16.216470948002314
2026-07-15,Amazon,iPhone,iPhone 15 128GB,New,469.38,590.73,589.4543101665834,1.2756898334166635,0.2159514217013972
2026-07-16,Amazon,iPhone,iPhone 15 128GB,New,500.76,605.63,610.9703645324453,5.340364532445278,0.8817866572734636
2026-07-17,Amazon,iPhone,iPhone 15 128GB,New,463.74,591.37,596.8380307203887,5.468030720388697,0.9246378274834193
2026-07-20,Amazon,iPhone,iPhone 15 128GB,New,604.37,592.41,590.5215041442087,1.8884958557912341,0.31878190033781234
2026-07-22,Amazon,iPhone,iPhone 15 128GB,New,590.73,600.87,585.6743127983808,15.195687201619194,2.5289475596417184
2026-02-22,Amazon,iPhone,iPhone 15 128GB,Renewed/Refurbished,489.48,506.78,464.1832750763352,42.596724923664794,8.405368192048778
2026-02-23,Amazon,iPhone,iPhone 15 128GB,Renewed/Refurbished,441.475,446.54,446.107831206279,0.4321687937210186,0.09678165309289617
2026-03-12,Amazon,iPhone,iPhone 15 128GB,Renewed/Refurbished,454.22,493.3,461.1640535251226,32.135946474877414,6.514483372162459
2026-03-19,Amazon,iPhone,iPhone 15 128GB,Renewed/Refurbished,493.3,494.34,461.11574739857554,33.22425260142444,6.7209314644626055
2026-03-26,Amazon,iPhone,iPhone 15 128GB,Renewed/Refurbished,494.34,490.925,459.4528686952691,31.472131304730908,6.410781953400399
2026-04-08,Amazon,iPhone,iPhone 15 128GB,Renewed/Refurbished,455.21000000000004,456.69,447.21619637151076,9.473803628489236,2.074449545312846
2026-04-10,Amazon,iPhone,iPhone 15 128GB,Renewed/Refurbished,470.82,477.21,465.30935736642925,11.900642633570726,2.493795736378267
2026-04-15,Amazon,iPhone,iPhone 15 128GB,Renewed/Refurbished,456.69,499.93,464.1031304581995,35.826869541800534,7.166377201168269
2026-04-22,Amazon,iPhone,iPhone 15 128GB,Renewed/Refurbished,499.93,457.41,462.1326144991129,4.722614499112865,1.0324685728586749
2026-04-23,Amazon,iPhone,iPhone 15 128GB,Renewed/Refurbished,450.74,453.45,469.5263956611611,16.076395661161087,3.5453513421901173
2026-04-30,Amazon,iPhone,iPhone 15 128GB,Renewed/Refurbished,453.45,457.485,464.6545237178252,7.1695237178252,1.567160391668623
2026-05-18,Amazon,iPhone,iPhone 15 128GB,Renewed/Refurbished,477.59,464.03,462.7454127382832,1.2845872617167515,0.2768328042835057
2026-05-23,Amazon,iPhone,iPhone 15 128GB,Renewed/Refurbished,464.92,480.19,463.61977358254103,16.57022641745897,3.4507645759926215
2026-05-25,Amazon,iPhone,iPhone 15 128GB,Renewed/Refurbished,464.03,437.57,455.1902610218597,17.620261021859733,4.026843938537773
2026-05-30,Amazon,iPhone,iPhone 15 128GB,Renewed/Refurbished,480.19,417.27,459.45737162259127,42.187371622591286,10.11032943240379
2026-06-12,Amazon,iPhone,iPhone 15 128GB,Renewed/Refurbished,438.32,442.9,444.4143206855921,1.5143206855921107,0.3419102925247484
2026-07-11,Amazon,iPhone,iPhone 15 128GB,Renewed/Refurbished,358.63,368.79,453.7994288008376,85.00942880083755,23.050903983523835
2026-07-17,Amazon,iPhone,iPhone 15 128GB,Renewed/Refurbished,354.44,459.48,456.3045038594815,3.1754961405185327,0.6911064987635006
2026-07-24,Amazon,iPhone,iPhone 15 128GB,Renewed/Refurbished,459.48,449.58,468.4043852128136,18.824385212813638,4.187104678325023
2026-01-29,Amazon,iPhone,iPhone 15 Pro Max 256GB,New,994.8,1013.73,991.3657717759161,22.364228224083945,2.2061326215149935
2026-01-30,Amazon,iPhone,iPhone 15 Pro Max 256GB,New,1012.02,996.005,990.7488585243694,5.256141475630557,0.5277223985452439
2026-02-04,Amazon,iPhone,iPhone 15 Pro Max 256GB,New,1006.7950000000001,1014.03,994.8794370161224,19.150562983877535,1.888559804332962
2026-02-06,Amazon,iPhone,iPhone 15 Pro Max 256GB,New,996.005,1000.17,1002.0007742992225,1.8307742992225258,0.1830463120492042
2026-02-10,Amazon,iPhone,iPhone 15 Pro Max 256GB,New,997.5,989.97,1005.5699460885494,15.599946088549359,1.5757998816680667
2026-02-13,Amazon,iPhone,iPhone 15 Pro Max 256GB,New,1000.17,1007.1,1000.3674575780419,6.732542421958101,0.6685078365562606
2026-02-17,Amazon,iPhone,iPhone 15 Pro Max 256GB,New,989.97,990.375,995.0143296539351,4.639329653935079,0.4684417169188518
2026-02-19,Amazon,iPhone,iPhone 15 Pro Max 256GB,New,997.26,1002.78,999.3627191928606,3.4172808071393774,0.34078071033919477
2026-02-20,Amazon,iPhone,iPhone 15 Pro Max 256GB,New,1007.1,981.66,997.2668854775038,15.606885477503852,1.5898463294321712
2026-02-25,Amazon,iPhone,iPhone 15 Pro Max 256GB,New,994.28,1000.04,989.698573678789,10.341426321210974,1.0341012680703747
2026-02-26,Amazon,iPhone,iPhone 15 Pro Max 256GB,New,1002.78,1013.38,995.9116684745223,17.46833152547765,1.7237691216994269
2026-02-27,Amazon,iPhone,iPhone 15 Pro Max 256GB,New,981.66,990.8,986.2314676116921,4.568532388307858,0.4610953157355529
2026-02-28,Amazon,iPhone,iPhone 15 Pro Max 256GB,New,998.155,1010.68,990.3569418922061,20.323058107793827,2.0108301448325707
2026-03-06,Amazon,iPhone,iPhone 15 Pro Max 256GB,New,990.8,1006.31,997.6656895901108,8.644310409889158,0.8590106835755541
2026-03-13,Amazon,iPhone,iPhone 15 Pro Max 256GB,New,1006.31,1007.98,1001.4619578596723,6.51804214032768,0.6466439949530427
2026-03-15,Amazon,iPhone,iPhone 15 Pro Max 256GB,New,988.31,997.26,994.3632419628248,2.896758037175232,0.29047169616501534
2026-03-17,Amazon,iPhone,iPhone 15 Pro Max 256GB,New,986.99,997.53,994.3102164895295,3.2197835104705064,0.3227756067958364
2026-03-18,Amazon,iPhone,iPhone 15 Pro Max 256GB,New,1010.51,989.06,996.051851107469,6.991851107469074,0.706918802445663
2026-03-21,Amazon,iPhone,iPhone 15 Pro Max 256GB,New,1014.64,994.84,1008.875001738058,14.035001738057986,1.4107797975612144
2026-03-24,Amazon,iPhone,iPhone 15 Pro Max 256GB,New,997.53,990.56,1004.3063202322817,13.746320232281732,1.3877322153409923
2026-03-28,Amazon,iPhone,iPhone 15 Pro Max 256GB,New,994.84,1005.03,990.7192829224746,14.310717077525396,1.423909443252977
2026-04-04,Amazon,iPhone,iPhone 15 Pro Max 256GB,New,1005.03,1017.93,1000.7185938965147,17.211406103485274,1.690824133632497
2026-04-11,Amazon,iPhone,iPhone 15 Pro Max 256GB,New,1017.93,996.9,1000.3513473828367,3.4513473828367296,0.3462079830310693
2026-04-16,Amazon,iPhone,iPhone 15 Pro Max 256GB,New,987.75,981.51,996.1871563077236,14.677156307723635,1.495364928296567
2026-04-17,Amazon,iPhone,iPhone 15 Pro Max 256GB,New,997.54,1009.11,990.7427822524309,18.367217747569157,1.820140296654394
2026-04-18,Amazon,iPhone,iPhone 15 Pro Max 256GB,New,996.9,1007.4,995.0715233171977,12.328476682802261,1.223791610363536
2026-04-19,Amazon,iPhone,iPhone 15 Pro Max 256GB,New,981.97,988.2,986.5132783352856,1.6867216647144687,0.17068626439126378
2026-04-20,Amazon,iPhone,iPhone 15 Pro Max 256GB,New,983.59,993.48,987.2942063454184,6.18579365458163,0.6226389715526864
2026-04-22,Amazon,iPhone,iPhone 15 Pro Max 256GB,New,999.3,1016.09,993.6229406570909,22.467059342909124,2.2111288707603776
2026-04-23,Amazon,iPhone,iPhone 15 Pro Max 256GB,New,981.51,982.91,982.5643783727342,0.3456216272658139,0.03516310010741715
2026-04-24,Amazon,iPhone,iPhone 15 Pro Max 256GB,New,1009.11,1013.155,983.102581089676,30.052418910323922,2.9662212504822976
2026-04-26,Amazon,iPhone,iPhone 15 Pro Max 256GB,New,988.2,1003.05,995.9293197188073,7.120680281192676,0.7099028245045288
2026-04-30,Amazon,iPhone,iPhone 15 Pro Max 256GB,New,982.91,986.0,996.8073749341444,10.807374934144377,1.0960826505217423
2026-05-01,Amazon,iPhone,iPhone 15 Pro Max 256GB,New,1013.155,1018.09,1000.5292109658742,17.560789034125833,1.7248758984103403
2026-05-08,Amazon,iPhone,iPhone 15 Pro Max 256GB,New,1018.09,997.575,993.6499464456558,3.925053554344231,0.3934594947090926
2026-05-09,Amazon,iPhone,iPhone 15 Pro Max 256GB,New,991.22,990.58,995.7065319470531,5.126531947053081,0.5175283113986837
2026-05-11,Amazon,iPhone,iPhone 15 Pro Max 256GB,New,1000.06,1004.56,999.6759415232409,4.884058476759037,0.48618882662648694
2026-05-15,Amazon,iPhone,iPhone 15 Pro Max 256GB,New,997.575,997.55,1007.8804828241535,10.330482824153592,1.0355854668090414
2026-05-16,Amazon,iPhone,iPhone 15 Pro Max 256GB,New,990.58,1017.97,998.2729705381423,19.69702946185771,1.934932214294892
2026-05-18,Amazon,iPhone,iPhone 15 Pro Max 256GB,New,1004.56,1000.11,986.4336829928462,13.676317007153784,1.367481277774823
2026-05-20,Amazon,iPhone,iPhone 15 Pro Max 256GB,New,1012.39,995.22,1014.171070147575,18.951070147575024,1.90420913442003
2026-05-21,Amazon,iPhone,iPhone 15 Pro Max 256GB,New,1000.3599999999999,996.52,1002.1581724800931,5.63817248009309,0.5657861839293833
2026-05-22,Amazon,iPhone,iPhone 15 Pro Max 256GB,New,997.55,1000.27,1007.7168201027025,7.446820102702532,0.7444810004001452
2026-05-23,Amazon,iPhone,iPhone 15 Pro Max 256GB,New,1017.97,998.96,996.6078549727434,2.352145027256597,0.23545938048136034
2026-05-25,Amazon,iPhone,iPhone 15 Pro Max 256GB,New,1000.11,986.48,1001.6200825124566,15.140082512456615,1.534758181864469
2026-05-26,Amazon,iPhone,iPhone 15 Pro Max 256GB,New,995.35,999.29,1001.4538228047804,2.163822804780466,0.21653602105299424
2026-05-28,Amazon,iPhone,iPhone 15 Pro Max 256GB,New,996.52,1003.3,1001.2648894533056,2.035110546694341,0.20284167713488896
2026-05-29,Amazon,iPhone,iPhone 15 Pro Max 256GB,New,1000.27,996.04,986.0846757871507,9.955324212849291,0.9994904032819255
2026-06-01,Amazon,iPhone,iPhone 15 Pro Max 256GB,New,986.48,1000.835,982.7919051920599,18.04309480794018,1.8028041393376708
2026-06-02,Amazon,iPhone,iPhone 15 Pro Max 256GB,New,999.29,1000.36,984.5572669288679,15.802733071132138,1.5797046134523711
2026-06-04,Amazon,iPhone,iPhone 15 Pro Max 256GB,New,1003.3,1015.12,991.908723215257,23.21127678474295,2.2865549673676955
2026-06-09,Amazon,iPhone,iPhone 15 Pro Max 256GB,New,1000.36,987.14,991.7445343482406,4.604534348240577,0.4664520076423382
2026-06-10,Amazon,iPhone,iPhone 15 Pro Max 256GB,New,1006.72,1011.86,991.0691114984716,20.790888501528457,2.0547198724654057
2026-06-11,Amazon,iPhone,iPhone 15 Pro Max 256GB,New,1015.12,1005.885,1000.0055599283035,5.879440071696536,0.5845041999529306
2026-06-13,Amazon,iPhone,iPhone 15 Pro Max 256GB,New,998.85,991.18,996.8730882921159,5.693088292115931,0.5743748150806041
2026-06-17,Amazon,iPhone,iPhone 15 Pro Max 256GB,New,1011.86,1004.98,988.5912789460934,16.38872105390658,1.6307509655820593
2026-06-18,Amazon,iPhone,iPhone 15 Pro Max 256GB,New,1005.885,1013.62,993.4796655621763,20.140334437823753,1.9869709001227043
2026-06-22,Amazon,iPhone,iPhone 15 Pro Max 256GB,New,990.07,1016.95,989.8835027991582,27.06649720084181,2.6615366734688832
2026-06-24,Amazon,iPhone,iPhone 15 Pro Max 256GB,New,1004.98,983.41,981.6143537578015,1.7956462421984725,0.18259385629579447
2026-06-25,Amazon,iPhone,iPhone 15 Pro Max 256GB,New,1013.62,993.29,998.7998648618761,5.509864861876167,0.5547085807645468
2026-06-28,Amazon,iPhone,iPhone 15 Pro Max 256GB,New,1014.3,1009.81,996.9210600030751,12.888939996924819,1.2763727826942513
2026-06-30,Amazon,iPhone,iPhone 15 Pro Max 256GB,New,996.99,999.37,995.2177442002949,4.152255799705131,0.41548733699281853
2026-07-02,Amazon,iPhone,iPhone 15 Pro Max 256GB,New,993.29,1014.94,937.5831444502006,77.35685554979943,7.621815629475578
2026-07-05,Amazon,iPhone,iPhone 15 Pro Max 256GB,New,1009.81,802.035,940.6988596193142,138.66385961931428,17.289003549634902
2026-07-07,Amazon,iPhone,iPhone 15 Pro Max 256GB,New,999.37,822.63,963.7551653148083,141.12516531480833,17.155363324314497
2026-07-10,Amazon,iPhone,iPhone 15 Pro Max 256GB,New,807.97,845.35,879.3595082416374,34.00950824163738,4.023127490582288
2026-07-12,Amazon,iPhone,iPhone 15 Pro Max 256GB,New,802.035,1007.94,951.0220815271248,56.91791847287527,5.64695502439384
2026-07-13,Amazon,iPhone,iPhone 15 Pro Max 256GB,New,767.86,998.37,953.9281162589992,44.441883741000765,4.451444228192029
2026-07-14,Amazon,iPhone,iPhone 15 Pro Max 256GB,New,822.63,992.05,997.7065887132907,5.656588713290716,0.5701918969095022
2026-07-17,Amazon,iPhone,iPhone 15 Pro Max 256GB,New,845.35,987.19,996.9252658507281,9.73526585072807,0.9861592855203222
2026-07-19,Amazon,iPhone,iPhone 15 Pro Max 256GB,New,1007.94,995.27,1001.3105326312043,6.040532631204314,0.6069240137052573
2026-07-20,Amazon,iPhone,iPhone 15 Pro Max 256GB,New,998.37,994.1,990.9620323798702,3.1379676201298707,0.3156591510039102
2026-07-22,Amazon,iPhone,iPhone 15 Pro Max 256GB,New,999.525,991.51,987.1804290444072,4.3295709555927715,0.43666437611247205
2026-07-23,Amazon,iPhone,iPhone 15 Pro Max 256GB,New,991.825,1009.115,999.722798617136,9.39220138286396,0.9307364753139097
2026-01-26,Amazon,iPhone,iPhone 15 Pro Max 256GB,Renewed/Refurbished,860.37,770.28,772.7817359158657,2.5017359158657655,0.32478266550679824
2026-01-30,Amazon,iPhone,iPhone 15 Pro Max 256GB,Renewed/Refurbished,741.0,816.965,787.51668460861,29.448315391389997,3.6045993881488188
2026-05-01,Amazon,iPhone,iPhone 15 Pro Max 256GB,Renewed/Refurbished,737.51,812.94,767.8714288383827,45.06857116161734,5.5438988316010205
2026-05-03,Amazon,iPhone,iPhone 15 Pro Max 256GB,Renewed/Refurbished,849.65,821.0,767.2268986866079,53.77310131339209,6.549707833543494
2026-06-29,Amazon,iPhone,iPhone 15 Pro Max 256GB,Renewed/Refurbished,721.61,744.25,758.5115163872856,14.26151638728561,1.9162265888190273
2026-07-06,Amazon,iPhone,iPhone 15 Pro Max 256GB,Renewed/Refurbished,744.25,581.37,745.3363414463619,163.96634144636187,28.203440398775626
2026-01-25,Amazon,iPhone,iPhone 16 128GB,New,686.88,689.145,697.2371277562933,8.09212775629328,1.1742271592035465
2026-01-28,Amazon,iPhone,iPhone 16 128GB,New,693.075,699.675,697.134302332675,2.5406976673249346,0.3631254035552128
2026-01-29,Amazon,iPhone,iPhone 16 128GB,New,690.94,705.31,694.809422221055,10.500577778944944,1.4887890117742475
2026-01-30,Amazon,iPhone,iPhone 16 128GB,New,692.32,706.125,701.0617421044572,5.063257895542847,0.7170483831535277
2026-01-31,Amazon,iPhone,iPhone 16 128GB,New,694.62,695.81,701.120111705001,5.310111705001077,0.7631554167087391
2026-02-01,Amazon,iPhone,iPhone 16 128GB,New,689.145,710.35,701.1630512900623,9.186948709937724,1.2932988963099492
2026-02-05,Amazon,iPhone,iPhone 16 128GB,New,705.31,703.83,698.3730353072019,5.456964692798124,0.7753242534131997
2026-02-06,Amazon,iPhone,iPhone 16 128GB,New,706.125,699.32,700.519119737787,1.1991197377869867,0.17146938994837652
2026-02-07,Amazon,iPhone,iPhone 16 128GB,New,695.81,706.06,698.9184205580489,7.14157944195108,1.0114692011941027
2026-02-13,Amazon,iPhone,iPhone 16 128GB,New,699.32,700.34,697.5553963718563,2.7846036281437136,0.39760739471452633
2026-02-14,Amazon,iPhone,iPhone 16 128GB,New,706.06,707.66,703.9570458617379,3.7029541382620437,0.5232674078317333
2026-02-16,Amazon,iPhone,iPhone 16 128GB,New,706.89,693.12,700.9710537450288,7.851053745028821,1.1327120477015264
2026-02-20,Amazon,iPhone,iPhone 16 128GB,New,700.34,701.08,701.9524805403555,0.8724805403554683,0.1244480715974594
2026-02-21,Amazon,iPhone,iPhone 16 128GB,New,707.66,692.54,700.2192021492433,7.679202149243338,1.108846008785534
2026-02-23,Amazon,iPhone,iPhone 16 128GB,New,693.12,707.57,701.0341359206323,6.535864079367798,0.9237056516482888
2026-02-25,Amazon,iPhone,iPhone 16 128GB,New,709.905,704.98,702.6434081890143,2.3365918109857375,0.3314408651289026
2026-02-28,Amazon,iPhone,iPhone 16 128GB,New,692.54,691.75,700.1544932789775,8.404493278977498,1.2149610811676903
2026-03-01,Amazon,iPhone,iPhone 16 128GB,New,693.35,702.09,700.7732694749004,1.316730525099615,0.1875444067141841
2026-03-02,Amazon,iPhone,iPhone 16 128GB,New,707.57,700.36,697.8574795815225,2.502520418477502,0.35731915278963705
2026-03-03,Amazon,iPhone,iPhone 16 128GB,New,701.0550000000001,695.855,702.8347535162501,6.979753516250071,1.0030471170358868
2026-03-10,Amazon,iPhone,iPhone 16 128GB,New,695.855,706.67,697.932633776401,8.737366223598997,1.236413916481384
2026-03-12,Amazon,iPhone,iPhone 16 128GB,New,695.495,696.2,700.7958536082483,4.595853608248262,0.6601341005814798
2026-03-13,Amazon,iPhone,iPhone 16 128GB,New,710.89,697.3299999999999,704.000302360828,6.670302360828032,0.956548888019737
2026-03-17,Amazon,iPhone,iPhone 16 128GB,New,706.67,709.08,704.518572736797,4.561427263203086,0.6432881005250586
2026-03-18,Amazon,iPhone,iPhone 16 128GB,New,694.95,685.91,697.8420917081297,11.932091708129747,1.7396001965461574
2026-03-19,Amazon,iPhone,iPhone 16 128GB,New,696.2,704.2,701.4627447954007,2.7372552045993643,0.3887042324054763
2026-03-21,Amazon,iPhone,iPhone 16 128GB,New,695.49,705.185,696.9979332776104,8.187066722389545,1.1609814052184244
2026-03-23,Amazon,iPhone,iPhone 16 128GB,New,702.26,698.66,697.5215240738681,1.1384759261318322,0.1629513534668984
2026-03-24,Amazon,iPhone,iPhone 16 128GB,New,709.08,690.44,703.1778983666069,12.737898366606828,1.844895771769716
2026-03-25,Amazon,iPhone,iPhone 16 128GB,New,685.91,704.9300000000001,694.9397860714873,9.99021392851273,1.4171923351982083
2026-03-26,Amazon,iPhone,iPhone 16 128GB,New,704.2,692.54,694.7626067381296,2.2226067381296843,0.3209355038163405
2026-03-28,Amazon,iPhone,iPhone 16 128GB,New,705.185,698.935,699.630367126379,0.6953671263790966,0.09948952712041845
2026-03-29,Amazon,iPhone,iPhone 16 128GB,New,694.31,697.27,699.1155070924883,1.845507092488333,0.2646761071734526
2026-03-31,Amazon,iPhone,iPhone 16 128GB,New,690.44,703.98,702.1726057032337,1.807394296766347,0.2567394381610766
2026-04-01,Amazon,iPhone,iPhone 16 128GB,New,704.9300000000001,688.14,700.1343526499701,11.994352649970097,1.7430105283765072
2026-04-03,Amazon,iPhone,iPhone 16 128GB,New,709.78,689.5,699.400831736868,9.900831736867985,1.4359436891759225
2026-04-04,Amazon,iPhone,iPhone 16 128GB,New,698.935,694.7850000000001,702.5786820205057,7.793682020505571,1.1217401096030528
2026-04-07,Amazon,iPhone,iPhone 16 128GB,New,703.98,703.13,701.2474298189899,1.8825701810101236,0.26774141069363044
2026-04-08,Amazon,iPhone,iPhone 16 128GB,New,688.14,700.5450000000001,694.486805320719,6.058194679281087,0.8647830873507178
2026-04-10,Amazon,iPhone,iPhone 16 128GB,New,689.5,694.5250000000001,697.1250457992426,2.60004579924248,0.37436316896331734
2026-04-11,Amazon,iPhone,iPhone 16 128GB,New,694.7850000000001,699.715,696.0705189170717,3.644481082928337,0.5208522159634047
2026-04-14,Amazon,iPhone,iPhone 16 128GB,New,703.13,690.95,699.8348760884641,8.884876088464011,1.2858927691531965
2026-04-16,Amazon,iPhone,iPhone 16 128GB,New,702.1,705.465,694.7600432937577,10.704956706242342,1.5174327154773577
2026-04-21,Amazon,iPhone,iPhone 16 128GB,New,690.95,703.36,693.8402395944386,9.519760405561442,1.3534691204449274
2026-04-23,Amazon,iPhone,iPhone 16 128GB,New,705.465,696.84,699.2940329899906,2.4540329899905373,0.3521659190044396
2026-04-29,Amazon,iPhone,iPhone 16 128GB,New,694.18,695.98,694.8913923534683,1.0886076465317274,0.15641363926143387
2026-04-30,Amazon,iPhone,iPhone 16 128GB,New,696.84,710.51,700.3663326318174,10.143667368182605,1.4276600425303803
2026-05-01,Amazon,iPhone,iPhone 16 128GB,New,699.73,700.7049999999999,699.4466760105668,1.2583239894331655,0.1795797074993279
2026-05-02,Amazon,iPhone,iPhone 16 128GB,New,696.03,695.96,699.9754877049224,4.015487704922407,0.5769710478939029
2026-05-03,Amazon,iPhone,iPhone 16 128GB,New,703.015,691.06,697.6710570933319,6.611057093331965,0.9566545731675926
2026-05-06,Amazon,iPhone,iPhone 16 128GB,New,695.98,700.1,699.0475608432498,1.0524391567502107,0.1503269756820755
2026-05-07,Amazon,iPhone,iPhone 16 128GB,New,710.51,705.31,698.6107513552065,6.6992486447934425,0.9498303788112238
2026-05-08,Amazon,iPhone,iPhone 16 128GB,New,700.7049999999999,700.93,696.4526389235576,4.477361076442321,0.6387743535648811
2026-05-09,Amazon,iPhone,iPhone 16 128GB,New,695.96,712.01,695.3955894204031,16.614410579596893,2.333451858765592
2026-05-10,Amazon,iPhone,iPhone 16 128GB,New,691.06,688.51,698.7774539430081,10.26745394300815,1.4912570540744723
2026-05-12,Amazon,iPhone,iPhone 16 128GB,New,707.13,696.12,701.7788428373577,5.658842837357724,0.8129119745672764
2026-05-14,Amazon,iPhone,iPhone 16 128GB,New,705.31,688.92,699.1127120639188,10.192712063918862,1.479520418033859
2026-05-16,Amazon,iPhone,iPhone 16 128GB,New,712.01,707.64,696.6451675044746,10.99483249552543,1.5537324763333658
2026-05-17,Amazon,iPhone,iPhone 16 128GB,New,688.51,694.06,698.6427683674456,4.582768367445624,0.6602841782332398
2026-05-19,Amazon,iPhone,iPhone 16 128GB,New,696.12,696.4549999999999,698.4908454336555,2.035845433655595,0.2923154308111213
2026-05-21,Amazon,iPhone,iPhone 16 128GB,New,688.92,700.79,698.3889636186262,2.4010363813737285,0.3426185278576647
2026-05-24,Amazon,iPhone,iPhone 16 128GB,New,694.06,695.71,698.8566278704338,3.1466278704338038,0.4522901597553296
2026-05-25,Amazon,iPhone,iPhone 16 128GB,New,692.1,700.84,701.4111279594338,0.5711279594337384,0.0814919181887076
2026-05-26,Amazon,iPhone,iPhone 16 128GB,New,696.4549999999999,699.97,697.8658612777517,2.104138722248308,0.30060412906957557
2026-05-28,Amazon,iPhone,iPhone 16 128GB,New,700.79,689.78,696.1966989257812,6.4166989257812475,0.9302529684509913
2026-05-29,Amazon,iPhone,iPhone 16 128GB,New,699.99,697.82,699.45392306206,1.633923062059921,0.23414678026710628
2026-05-31,Amazon,iPhone,iPhone 16 128GB,New,695.71,694.56,699.6356622599471,5.075662259947194,0.7307737646779536
2026-06-01,Amazon,iPhone,iPhone 16 128GB,New,700.84,700.455,694.5242476222161,5.930752377783961,0.8466999846933723
2026-06-02,Amazon,iPhone,iPhone 16 128GB,New,699.97,702.79,696.0887401435035,6.701259856496449,0.953522368914818
2026-06-07,Amazon,iPhone,iPhone 16 128GB,New,694.56,706.09,699.3588307712508,6.731169228749195,0.9533018777704251
2026-06-09,Amazon,iPhone,iPhone 16 128GB,New,702.79,686.8,695.8499234291961,9.049923429196156,1.31769415101866
2026-06-14,Amazon,iPhone,iPhone 16 128GB,New,706.09,689.42,698.8234364516268,9.403436451626817,1.3639633970042668
2026-06-16,Amazon,iPhone,iPhone 16 128GB,New,686.8,696.13,687.9413365928424,8.188663407157605,1.1763123852093151
2026-06-21,Amazon,iPhone,iPhone 16 128GB,New,689.42,704.44,698.8226002437664,5.617399756233681,0.7974277094193516
2026-06-28,Amazon,iPhone,iPhone 16 128GB,New,704.44,696.3199999999999,697.8050499058169,1.4850499058169362,0.2132711836249047
2026-06-29,Amazon,iPhone,iPhone 16 128GB,New,702.45,700.95,691.7405098617986,9.209490138201431,1.3138583548329312
2026-07-02,Amazon,iPhone,iPhone 16 128GB,New,706.97,698.14,659.2010042946873,38.938995705312664,5.577533976754328
2026-07-03,Amazon,iPhone,iPhone 16 128GB,New,691.635,554.4300000000001,660.112394674455,105.68239467445494,19.06144953816621
2026-07-05,Amazon,iPhone,iPhone 16 128GB,New,696.3199999999999,550.15,655.6104331820372,105.46043318203726,19.16939619777102
2026-07-07,Amazon,iPhone,iPhone 16 128GB,New,698.55,587.17,659.9917304172566,72.82173041725662,12.402154472683655
2026-07-09,Amazon,iPhone,iPhone 16 128GB,New,698.14,589.24,677.1689150972328,87.92891509723279,14.92242805940411
2026-07-12,Amazon,iPhone,iPhone 16 128GB,New,550.15,697.8499999999999,706.0715734778307,8.221573477830816,1.1781290360150198
2026-07-14,Amazon,iPhone,iPhone 16 128GB,New,587.17,704.52,699.6371259818072,4.8828740181927515,0.6930781266951614
2026-07-16,Amazon,iPhone,iPhone 16 128GB,New,589.24,693.44,715.4005967778924,21.960596777892306,3.166906549649905
2026-07-19,Amazon,iPhone,iPhone 16 128GB,New,697.8499999999999,695.985,689.1906427394188,6.794357260581251,0.9762217950934647
2026-07-20,Amazon,iPhone,iPhone 16 128GB,New,695.605,689.23,690.2519342187518,1.0219342187517668,0.14827187132767972
2026-07-21,Amazon,iPhone,iPhone 16 128GB,New,704.52,707.39,697.6510975972715,9.738902402728513,1.3767373588442746
2026-07-23,Amazon,iPhone,iPhone 16 128GB,New,693.44,700.135,695.0332861015277,5.101713898472326,0.7286757408888751
2026-01-29,Amazon,iPhone,iPhone 16 128GB,Renewed/Refurbished,535.2850000000001,552.54,526.28000878857,26.25999121143002,4.752595506466504
2026-02-02,Amazon,iPhone,iPhone 16 128GB,Renewed/Refurbished,572.26,497.83,529.1463254760016,31.316325476001623,6.290566152301312
2026-02-05,Amazon,iPhone,iPhone 16 128GB,Renewed/Refurbished,552.54,579.38,533.0391408493201,46.340859150679876,7.998353265677081
2026-02-12,Amazon,iPhone,iPhone 16 128GB,Renewed/Refurbished,579.38,531.47,550.1121847607741,18.642184760774057,3.507664545651506
2026-02-19,Amazon,iPhone,iPhone 16 128GB,Renewed/Refurbished,531.47,552.38,544.7099152458304,7.670084754169579,1.3885522202414242
2026-03-10,Amazon,iPhone,iPhone 16 128GB,Renewed/Refurbished,526.41,499.46000000000004,542.0914428076153,42.63144280761526,8.535506908984756
2026-03-12,Amazon,iPhone,iPhone 16 128GB,Renewed/Refurbished,530.005,580.36,532.3742353967677,47.98576460323227,8.268275657046017
2026-03-13,Amazon,iPhone,iPhone 16 128GB,Renewed/Refurbished,532.07,497.36,521.6424412212809,24.28244122128092,4.882266611967371
2026-03-14,Amazon,iPhone,iPhone 16 128GB,Renewed/Refurbished,590.51,526.155,530.549411398839,4.394411398838997,0.8351933173378562
2026-03-25,Amazon,iPhone,iPhone 16 128GB,Renewed/Refurbished,506.24,554.8050000000001,521.7470128483319,33.05798715166816,5.958487604053344
2026-03-30,Amazon,iPhone,iPhone 16 128GB,Renewed/Refurbished,557.36,566.83,516.9230705739074,49.90692942609269,8.804567405764105
2026-04-02,Amazon,iPhone,iPhone 16 128GB,Renewed/Refurbished,497.29,600.71,517.8361403890985,82.87385961090149,13.795984686604431
2026-04-20,Amazon,iPhone,iPhone 16 128GB,Renewed/Refurbished,512.82,572.12,541.1697039612026,30.950296038797433,5.409756002027098
2026-04-27,Amazon,iPhone,iPhone 16 128GB,Renewed/Refurbished,572.12,543.22,539.6047481042715,3.615251895728534,0.6655226051560204
2026-04-30,Amazon,iPhone,iPhone 16 128GB,Renewed/Refurbished,562.7,500.33,547.9143999586446,47.58439995864461,9.510602993753045
2026-05-02,Amazon,iPhone,iPhone 16 128GB,Renewed/Refurbished,518.83,550.81,551.5668200632059,0.7568200632059643,0.13740129322379122
2026-05-04,Amazon,iPhone,iPhone 16 128GB,Renewed/Refurbished,543.22,495.0,540.4184024854912,45.41840248549124,9.175434845553786
2026-05-07,Amazon,iPhone,iPhone 16 128GB,Renewed/Refurbished,500.33,548.7,534.4369417797277,14.263058220272342,2.5994274139370037
2026-05-09,Amazon,iPhone,iPhone 16 128GB,Renewed/Refurbished,550.81,575.95,536.5575166907969,39.39248330920316,6.83956650910724
2026-05-11,Amazon,iPhone,iPhone 16 128GB,Renewed/Refurbished,495.0,546.9,532.0985610727445,14.801438927255504,2.7064251101216867
2026-06-10,Amazon,iPhone,iPhone 16 128GB,Renewed/Refurbished,488.82,572.77,537.8885041328281,34.88149586717191,6.089965582550048
2026-06-12,Amazon,iPhone,iPhone 16 128GB,Renewed/Refurbished,565.87,529.01,552.3307632695058,23.320763269505846,4.408378531503345
2026-06-15,Amazon,iPhone,iPhone 16 128GB,Renewed/Refurbished,537.145,561.505,535.2213895529371,26.28361044706287,4.680921887973014
2026-07-13,Amazon,iPhone,iPhone 16 128GB,Renewed/Refurbished,383.85,515.75,504.6318098405105,11.118190159489473,2.1557324594259764
2026-07-14,Amazon,iPhone,iPhone 16 128GB,Renewed/Refurbished,408.0,574.27,516.8054519972684,57.46454800273159,10.006538388341998
2026-07-24,Amazon,iPhone,iPhone 16 128GB,Renewed/Refurbished,547.675,525.79,538.9781256511832,13.188125651183213,2.508249615090286
2026-01-29,Amazon,iPhone,iPhone 16 Pro 256GB,New,1015.41,998.7,1007.6071541522517,8.907154152251678,0.8918748525334613
2026-01-30,Amazon,iPhone,iPhone 16 Pro 256GB,New,992.48,979.11,1007.5221425058926,28.412142505892575,2.9018335535223394
2026-02-03,Amazon,iPhone,iPhone 16 Pro 256GB,New,996.47,999.07,1005.2589389239575,6.188938923957494,0.6194699994952799
2026-02-05,Amazon,iPhone,iPhone 16 Pro 256GB,New,998.7,1006.54,1006.5266600182741,0.01333998172583506,0.001325330511041296
2026-02-06,Amazon,iPhone,iPhone 16 Pro 256GB,New,979.11,1005.06,975.1633584820161,29.89664151798388,2.9746126119817604
2026-02-10,Amazon,iPhone,iPhone 16 Pro 256GB,New,999.07,996.245,999.3738304135657,3.1288304135656517,0.3140623454637817
2026-02-11,Amazon,iPhone,iPhone 16 Pro 256GB,New,1001.52,991.3299999999999,1018.1357966953118,26.80579669531187,2.7040235537421315
2026-02-16,Amazon,iPhone,iPhone 16 Pro 256GB,New,1018.85,982.83,1007.4197296423611,24.58972964236102,2.5019311215938687
2026-02-18,Amazon,iPhone,iPhone 16 Pro 256GB,New,991.3299999999999,993.7,997.573785066759,3.8737850667589555,0.38983446379782183
2026-02-23,Amazon,iPhone,iPhone 16 Pro 256GB,New,982.83,1000.1,1003.9082612086287,3.8082612086286645,0.38078804205866057
2026-02-25,Amazon,iPhone,iPhone 16 Pro 256GB,New,993.7,990.74,1003.6950704126245,12.955070412624536,1.3076155613606533
2026-02-26,Amazon,iPhone,iPhone 16 Pro 256GB,New,1010.95,995.24,996.9368177536466,1.6968177536465419,0.1704933235849184
2026-02-27,Amazon,iPhone,iPhone 16 Pro 256GB,New,990.24,1011.51,1010.4380391496063,1.0719608503936797,0.1059762978511018
2026-03-01,Amazon,iPhone,iPhone 16 Pro 256GB,New,1006.62,1018.93,996.4537208782092,22.476279121790753,2.2058707783450044
2026-03-02,Amazon,iPhone,iPhone 16 Pro 256GB,New,1000.1,1015.76,1013.4424930397718,2.317506960228229,0.22815497363828358
2026-03-03,Amazon,iPhone,iPhone 16 Pro 256GB,New,1009.875,1001.25,1008.7646983103793,7.5146983103793445,0.7505316664548659
2026-03-04,Amazon,iPhone,iPhone 16 Pro 256GB,New,990.74,1006.2,1004.9143389455994,1.2856610544006344,0.1277739072153284
2026-03-05,Amazon,iPhone,iPhone 16 Pro 256GB,New,995.24,996.43,1000.7399443368547,4.309944336854755,0.43253859647489096
2026-03-09,Amazon,iPhone,iPhone 16 Pro 256GB,New,1015.76,1009.515,1023.9453931980065,14.430393198006527,1.4294382151831848
2026-03-11,Amazon,iPhone,iPhone 16 Pro 256GB,New,1006.2,1009.05,1006.0433149999184,3.006685000081575,0.2979718547229151
2026-03-12,Amazon,iPhone,iPhone 16 Pro 256GB,New,996.43,1007.2149999999999,1003.6762392154745,3.5387607845253797,0.3513411520405653
2026-03-14,Amazon,iPhone,iPhone 16 Pro 256GB,New,992.635,995.81,1002.7090733641604,6.899073364160472,0.6928102112009793
2026-03-16,Amazon,iPhone,iPhone 16 Pro 256GB,New,1009.515,1012.75,1004.632571722442,8.11742827755802,0.8015234043503352
2026-03-18,Amazon,iPhone,iPhone 16 Pro 256GB,New,1009.05,1007.625,1022.9230596670693,15.29805966706931,1.5182294670208967
2026-03-19,Amazon,iPhone,iPhone 16 Pro 256GB,New,1007.2149999999999,994.53,1013.4690781215892,18.939078121589205,1.904324466993374
2026-03-20,Amazon,iPhone,iPhone 16 Pro 256GB,New,997.405,1003.06,996.4215238545627,6.6384761454372665,0.6618224378838022
2026-03-21,Amazon,iPhone,iPhone 16 Pro 256GB,New,995.81,991.21,1007.5784280798182,16.36842807981816,1.6513582469727057
2026-03-22,Amazon,iPhone,iPhone 16 Pro 256GB,New,1012.08,992.81,1000.7607150609043,7.950715060904372,0.8008294699795905
2026-03-25,Amazon,iPhone,iPhone 16 Pro 256GB,New,1007.625,1007.14,1003.7623683342478,3.377631665752233,0.3353686345247168
2026-03-26,Amazon,iPhone,iPhone 16 Pro 256GB,New,994.53,986.98,1003.4807331410675,16.500733141067485,1.6718406797571872
2026-03-28,Amazon,iPhone,iPhone 16 Pro 256GB,New,991.21,998.02,1005.2509752144742,7.230975214474256,0.7245320949955167
2026-03-29,Amazon,iPhone,iPhone 16 Pro 256GB,New,992.81,998.73,1000.3628189705892,1.6328189705891418,0.16348952876043993
2026-04-01,Amazon,iPhone,iPhone 16 Pro 256GB,New,1007.14,980.96,998.0696977302539,17.109697730253856,1.74417894004382
2026-04-02,Amazon,iPhone,iPhone 16 Pro 256GB,New,986.98,993.9,1002.4117793638297,8.51177936382976,0.8564019885129047
2026-04-04,Amazon,iPhone,iPhone 16 Pro 256GB,New,998.02,981.35,1004.0664365254964,22.71643652549642,2.3148149513931235
2026-04-05,Amazon,iPhone,iPhone 16 Pro 256GB,New,998.73,989.925,1004.3851423290467,14.46014232904679,1.4607310987243267
2026-04-06,Amazon,iPhone,iPhone 16 Pro 256GB,New,1016.62,985.42,994.1879378808743,8.767937880874342,0.8897665848952064
2026-04-09,Amazon,iPhone,iPhone 16 Pro 256GB,New,993.9,998.17,992.7776141692618,5.392385830738135,0.5402271988477049
2026-04-11,Amazon,iPhone,iPhone 16 Pro 256GB,New,981.35,987.2249999999999,990.9069722900883,3.6819722900884244,0.3729618162109372
2026-04-12,Amazon,iPhone,iPhone 16 Pro 256GB,New,989.925,1006.895,988.5593148206402,18.335685179359757,1.8210126358120515
2026-04-13,Amazon,iPhone,iPhone 16 Pro 256GB,New,985.42,994.485,991.4237596263147,3.0612403736853366,0.3078216739000927
2026-04-18,Amazon,iPhone,iPhone 16 Pro 256GB,New,987.2249999999999,1009.21,999.8181225913243,9.391877408675782,0.9306167605033423
2026-04-20,Amazon,iPhone,iPhone 16 Pro 256GB,New,994.485,1011.4,1008.4026763231567,2.99732367684328,0.2963539328498398
2026-04-24,Amazon,iPhone,iPhone 16 Pro 256GB,New,1002.97,1008.85,995.7565744765571,13.093425523442875,1.2978565221234946
2026-04-25,Amazon,iPhone,iPhone 16 Pro 256GB,New,1009.21,1011.98,1003.9398064648183,8.040193535181743,0.794501228797184
2026-04-28,Amazon,iPhone,iPhone 16 Pro 256GB,New,1002.1099999999999,980.585,997.4942172274798,16.909217227479758,1.7244009675326217
2026-04-29,Amazon,iPhone,iPhone 16 Pro 256GB,New,987.35,1016.17,1004.1639200961041,12.006079903895852,1.1815030854970971
2026-04-30,Amazon,iPhone,iPhone 16 Pro 256GB,New,1015.2,1009.06,1000.1979280432554,8.862071956744558,0.8782502484237368
2026-05-01,Amazon,iPhone,iPhone 16 Pro 256GB,New,1008.85,991.8,1009.0995530075229,17.299553007522945,1.7442582181410513
2026-05-02,Amazon,iPhone,iPhone 16 Pro 256GB,New,1011.98,993.855,1013.4538141443719,19.598814144371886,1.9719993504456772
2026-05-03,Amazon,iPhone,iPhone 16 Pro 256GB,New,987.48,992.6,1012.5409019840231,19.94090198402307,2.0089564763271275
2026-05-06,Amazon,iPhone,iPhone 16 Pro 256GB,New,1016.17,1007.19,996.9883536761431,10.201646323856949,1.0128820107285563
2026-05-07,Amazon,iPhone,iPhone 16 Pro 256GB,New,1009.06,996.73,999.6258829799929,2.895882979992848,0.29053835843135534
2026-05-08,Amazon,iPhone,iPhone 16 Pro 256GB,New,991.8,1013.29,997.0373695481294,16.252630451870573,1.6039465949403007
2026-05-09,Amazon,iPhone,iPhone 16 Pro 256GB,New,993.855,992.23,1006.1263119573574,13.896311957357398,1.4005131831689626
2026-05-10,Amazon,iPhone,iPhone 16 Pro 256GB,New,992.6,1000.895,1009.9622358311807,9.06723583118071,0.9059127911699738
2026-05-11,Amazon,iPhone,iPhone 16 Pro 256GB,New,1017.03,1006.645,1000.6470716810596,5.997928318940353,0.5958335181658234
2026-05-13,Amazon,iPhone,iPhone 16 Pro 256GB,New,1007.19,991.33,999.9414721691865,8.611472169186413,0.8686786609087199
2026-05-17,Amazon,iPhone,iPhone 16 Pro 256GB,New,1000.895,990.7,1007.8719415268324,17.17194152683237,1.7333139726286837
2026-05-18,Amazon,iPhone,iPhone 16 Pro 256GB,New,1006.645,1004.725,1012.9573687021643,8.232368702164308,0.8193653688486211
2026-05-19,Amazon,iPhone,iPhone 16 Pro 256GB,New,1004.53,1011.4849999999999,996.2024069893278,15.282593010672144,1.5109065394614993
2026-05-20,Amazon,iPhone,iPhone 16 Pro 256GB,New,991.33,1006.97,1002.136671909734,4.833328090266036,0.4799872975625923
2026-05-25,Amazon,iPhone,iPhone 16 Pro 256GB,New,1004.725,994.61,1000.7302205508862,6.120220550886188,0.6153387308478889
2026-05-26,Amazon,iPhone,iPhone 16 Pro 256GB,New,1011.4849999999999,982.78,999.8525921144775,17.072592114477516,1.737173336298817
2026-05-27,Amazon,iPhone,iPhone 16 Pro 256GB,New,1006.97,980.41,1003.6769939257412,23.26699392574119,2.3731901883641733
2026-05-28,Amazon,iPhone,iPhone 16 Pro 256GB,New,999.0,993.59,1005.6977588164829,12.107758816482828,1.2185870244751686
2026-05-30,Amazon,iPhone,iPhone 16 Pro 256GB,New,995.5,994.41,1005.6432350026676,11.233235002667584,1.1296381776799898
2026-06-01,Amazon,iPhone,iPhone 16 Pro 256GB,New,994.61,1016.25,1002.3613031741779,13.88869682582208,1.3666614342752355
2026-06-02,Amazon,iPhone,iPhone 16 Pro 256GB,New,982.78,1004.91,1002.5417248122078,2.3682751877921646,0.23567037722703174
2026-06-04,Amazon,iPhone,iPhone 16 Pro 256GB,New,993.59,1001.925,997.7761200942844,4.148879905715603,0.4140908656551741
2026-06-06,Amazon,iPhone,iPhone 16 Pro 256GB,New,994.41,993.5799999999999,1000.8639919601529,7.283991960153003,0.7331057348329277
2026-06-07,Amazon,iPhone,iPhone 16 Pro 256GB,New,997.115,980.93,1002.1200909073713,21.190090907371314,2.1602041845362376
2026-06-09,Amazon,iPhone,iPhone 16 Pro 256GB,New,1004.91,1001.14,982.8319663425326,18.308033657467377,1.8287186265125135
2026-06-11,Amazon,iPhone,iPhone 16 Pro 256GB,New,1001.925,993.79,984.8361201826908,8.953879817309144,0.9009830866993171
2026-06-12,Amazon,iPhone,iPhone 16 Pro 256GB,New,1011.43,998.79,1004.8107264875175,6.02072648751755,0.6028020392192102
2026-06-13,Amazon,iPhone,iPhone 16 Pro 256GB,New,993.5799999999999,1003.72,1001.1578352338736,2.5621647661264433,0.2552668838048901
2026-06-14,Amazon,iPhone,iPhone 16 Pro 256GB,New,980.93,988.5,988.0578123805077,0.44218761949230156,0.04473319367651002
2026-06-16,Amazon,iPhone,iPhone 16 Pro 256GB,New,1001.14,999.76,992.3179982522279,7.44200174777211,0.7443788256953779
2026-06-17,Amazon,iPhone,iPhone 16 Pro 256GB,New,999.945,1000.46,994.0390912630394,6.420908736960655,0.6417956476981244
2026-06-18,Amazon,iPhone,iPhone 16 Pro 256GB,New,993.79,995.54,1006.3763571207613,10.836357120761363,1.0884903791672222
2026-06-21,Amazon,iPhone,iPhone 16 Pro 256GB,New,988.5,1004.57,992.723859940257,11.846140059743107,1.1792249479621235
2026-06-23,Amazon,iPhone,iPhone 16 Pro 256GB,New,999.76,981.52,1001.9838507651627,20.46385076516276,2.084914292644344
2026-06-24,Amazon,iPhone,iPhone 16 Pro 256GB,New,1000.46,993.01,998.6199795452883,5.609979545288297,0.5649469335946564
2026-06-25,Amazon,iPhone,iPhone 16 Pro 256GB,New,995.54,987.005,1000.7898267274161,13.784826727416089,1.3966319043384876
2026-06-28,Amazon,iPhone,iPhone 16 Pro 256GB,New,1004.57,1015.3,987.15887482722,28.141125172779994,2.7717054242864174
2026-06-30,Amazon,iPhone,iPhone 16 Pro 256GB,New,981.52,986.185,979.7075324767309,6.47746752326907,0.6568207307218291
2026-07-02,Amazon,iPhone,iPhone 16 Pro 256GB,New,987.005,997.515,947.9118503888749,49.603149611125104,4.972672051159642
2026-07-03,Amazon,iPhone,iPhone 16 Pro 256GB,New,995.9100000000001,837.4449999999999,950.5455828831084,113.10058288310847,13.50543413395608
2026-07-04,Amazon,iPhone,iPhone 16 Pro 256GB,New,1006.53,810.52,945.7766250281644,135.25662502816442,16.687635718818093
2026-07-05,Amazon,iPhone,iPhone 16 Pro 256GB,New,1015.3,793.385,945.925476459342,152.54047645934202,19.226539001788794
2026-07-06,Amazon,iPhone,iPhone 16 Pro 256GB,New,993.46,785.68,953.892915193394,168.212915193394,21.409850727190967
2026-07-07,Amazon,iPhone,iPhone 16 Pro 256GB,New,986.185,749.54,935.6868080433072,186.14680804330726,24.8348064203788
2026-07-09,Amazon,iPhone,iPhone 16 Pro 256GB,New,997.515,800.51,959.0394876892599,158.5294876892599,19.80356119089829
2026-07-10,Amazon,iPhone,iPhone 16 Pro 256GB,New,837.4449999999999,778.27,869.219410193659,90.94941019365899,11.686099964492913
2026-07-12,Amazon,iPhone,iPhone 16 Pro 256GB,New,793.385,992.645,977.2660509337813,15.378949066218638,1.5492899340870743
2026-07-14,Amazon,iPhone,iPhone 16 Pro 256GB,New,749.54,1002.52,979.60171645224,22.918283547759984,2.286067464764791
2026-07-15,Amazon,iPhone,iPhone 16 Pro 256GB,New,774.88,1012.8,987.0646047880413,25.73539521195869,2.541014535146
2026-07-16,Amazon,iPhone,iPhone 16 Pro 256GB,New,800.51,1001.35,980.7582462613394,20.5917537386606,2.0563992348989464
2026-07-17,Amazon,iPhone,iPhone 16 Pro 256GB,New,778.27,1016.1700000000001,969.0476139401449,47.122386059855216,4.637254205482864
2026-07-19,Amazon,iPhone,iPhone 16 Pro 256GB,New,992.645,983.5,932.4157731329893,51.08422686701067,5.194125761770277
2026-07-21,Amazon,iPhone,iPhone 16 Pro 256GB,New,1002.52,1001.36,942.5777680750045,58.78223192499547,5.870239666553035
2026-07-22,Amazon,iPhone,iPhone 16 Pro 256GB,New,1012.8,984.71,955.0227598607511,29.687240139248956,3.014820621223401
2026-07-23,Amazon,iPhone,iPhone 16 Pro 256GB,New,1001.35,995.88,970.2921748143558,25.587825185644192,2.569368316026448
2026-01-29,Amazon,iPhone,iPhone 16 Pro 256GB,Renewed/Refurbished,772.24,853.4,768.6196990886174,84.7803009113826,9.934415386850551
2026-02-04,Amazon,iPhone,iPhone 16 Pro 256GB,Renewed/Refurbished,835.81,726.59,760.9042820220438,34.31428202204381,4.722647163055342
2026-02-05,Amazon,iPhone,iPhone 16 Pro 256GB,Renewed/Refurbished,853.4,733.11,768.2451070445202,35.13510704452017,4.792610528368208
2026-02-09,Amazon,iPhone,iPhone 16 Pro 256GB,Renewed/Refurbished,795.66,756.4,774.8027153207287,18.402715320728703,2.4329343364263223
2026-02-11,Amazon,iPhone,iPhone 16 Pro 256GB,Renewed/Refurbished,726.59,834.06,756.9197065620108,77.14029343798916,9.248770284870293
2026-02-14,Amazon,iPhone,iPhone 16 Pro 256GB,Renewed/Refurbished,735.06,692.87,758.6193307773896,65.74933077738956,9.489418040525575
2026-02-16,Amazon,iPhone,iPhone 16 Pro 256GB,Renewed/Refurbished,756.4,745.58,762.6908896160369,17.110889616036843,2.2949770133368443
2026-02-17,Amazon,iPhone,iPhone 16 Pro 256GB,Renewed/Refurbished,799.37,743.53,770.223229805727,26.693229805727015,3.590067624134469
2026-02-23,Amazon,iPhone,iPhone 16 Pro 256GB,Renewed/Refurbished,745.58,821.99,746.9172174853728,75.07278251462719,9.1330530194561
2026-03-15,Amazon,iPhone,iPhone 16 Pro 256GB,Renewed/Refurbished,790.64,817.74,794.3918385237489,23.348161476251107,2.8552059916661907
2026-03-22,Amazon,iPhone,iPhone 16 Pro 256GB,Renewed/Refurbished,817.74,705.02,768.5964176403027,63.57641764030268,9.017675759595853
2026-04-02,Amazon,iPhone,iPhone 16 Pro 256GB,Renewed/Refurbished,798.91,800.24,774.9841610871302,25.255838912869763,3.156033054192463
2026-04-03,Amazon,iPhone,iPhone 16 Pro 256GB,Renewed/Refurbished,779.95,767.67,781.9183175914088,14.248317591408863,1.8560472066654767
2026-04-10,Amazon,iPhone,iPhone 16 Pro 256GB,Renewed/Refurbished,767.67,818.45,764.5130728757325,53.93692712426753,6.590130994473398
2026-04-11,Amazon,iPhone,iPhone 16 Pro 256GB,Renewed/Refurbished,756.23,798.28,769.0607133996214,29.21928660037861,3.6602804279674563
2026-04-17,Amazon,iPhone,iPhone 16 Pro 256GB,Renewed/Refurbished,818.45,703.24,778.5686844776536,75.32868447765361,10.711660951830613
2026-04-23,Amazon,iPhone,iPhone 16 Pro 256GB,Renewed/Refurbished,767.69,804.27,762.2857583961885,41.98424160381148,5.220167556145508
2026-04-28,Amazon,iPhone,iPhone 16 Pro 256GB,Renewed/Refurbished,787.87,822.59,780.1017017666987,42.48829823330129,5.165185357626678
2026-05-02,Amazon,iPhone,iPhone 16 Pro 256GB,Renewed/Refurbished,767.71,784.87,774.4806611178716,10.389338882128413,1.3237018719187144
2026-05-09,Amazon,iPhone,iPhone 16 Pro 256GB,Renewed/Refurbished,784.87,768.55,777.441877876609,8.891877876609101,1.1569680406751806
2026-05-14,Amazon,iPhone,iPhone 16 Pro 256GB,Renewed/Refurbished,723.3,807.59,761.5227729230093,46.067227076990775,5.704283990266196
2026-05-18,Amazon,iPhone,iPhone 16 Pro 256GB,Renewed/Refurbished,800.98,729.75,777.015845718444,47.265845718443984,6.47699153387379
2026-05-19,Amazon,iPhone,iPhone 16 Pro 256GB,Renewed/Refurbished,778.4,762.615,783.3751718553763,20.760171855376257,2.722234922651175
2026-05-21,Amazon,iPhone,iPhone 16 Pro 256GB,Renewed/Refurbished,807.59,781.96,772.5688271494981,9.391172850501903,1.200978675444
2026-05-25,Amazon,iPhone,iPhone 16 Pro 256GB,Renewed/Refurbished,729.75,794.23,758.0547619484742,36.17523805152587,4.55475593361191
2026-06-07,Amazon,iPhone,iPhone 16 Pro 256GB,Renewed/Refurbished,792.5,734.985,777.5361261130539,42.5511261130539,5.789387009674197
2026-06-13,Amazon,iPhone,iPhone 16 Pro 256GB,Renewed/Refurbished,727.76,716.04,753.8547041079271,37.81470410792713,5.281088222435497
2026-06-14,Amazon,iPhone,iPhone 16 Pro 256GB,Renewed/Refurbished,734.985,746.24,745.4438300614012,0.7961699385988368,0.10669086870160227
2026-06-17,Amazon,iPhone,iPhone 16 Pro 256GB,Renewed/Refurbished,732.29,795.665,753.1596926528492,42.50530734715073,5.342110982279066
2026-07-17,Amazon,iPhone,iPhone 16 Pro 256GB,Renewed/Refurbished,578.47,718.77,712.0145722790036,6.755427720996408,0.9398594433541201
2026-01-25,Amazon,iPhone,iPhone 17 128GB,New,846.45,839.72,834.1436378960054,5.576362103994597,0.664073989424403
2026-01-28,Amazon,iPhone,iPhone 17 128GB,New,844.385,860.27,835.4141131936765,24.855886806323497,2.889312286412812
2026-01-29,Amazon,iPhone,iPhone 17 128GB,New,850.36,857.06,829.2407024571492,27.81929754285079,3.2458984835193325
2026-01-30,Amazon,iPhone,iPhone 17 128GB,New,847.7049999999999,833.045,830.750950163241,2.2940498367589726,0.27538126232784216
2026-01-31,Amazon,iPhone,iPhone 17 128GB,New,846.92,857.72,837.7611149230831,19.958885076916886,2.3269697659978648
2026-02-01,Amazon,iPhone,iPhone 17 128GB,New,839.72,841.22,835.338883560911,5.881116439089055,0.6991175244393922
2026-02-04,Amazon,iPhone,iPhone 17 128GB,New,860.27,841.175,830.4444835262868,10.730516473713124,1.2756580347386839
2026-02-05,Amazon,iPhone,iPhone 17 128GB,New,857.06,856.05,828.7297713865926,27.32022861340738,3.1914290769706657
2026-02-06,Amazon,iPhone,iPhone 17 128GB,New,833.045,846.085,833.7575992258726,12.327400774127454,1.456993183205878
2026-02-07,Amazon,iPhone,iPhone 17 128GB,New,857.72,858.755,837.0933911031573,21.661608896842722,2.522443408986582
2026-02-09,Amazon,iPhone,iPhone 17 128GB,New,853.59,859.18,819.7832479535571,39.396752046442884,4.585389795670626
2026-02-10,Amazon,iPhone,iPhone 17 128GB,New,854.98,848.43,833.6745542503992,14.755445749600767,1.7391471010691237
2026-02-11,Amazon,iPhone,iPhone 17 128GB,New,841.175,851.745,834.9554291277143,16.789570872285708,1.9711968807901084
2026-02-12,Amazon,iPhone,iPhone 17 128GB,New,856.05,854.81,834.5816532794757,20.2283467205242,2.3664143751856206
2026-02-13,Amazon,iPhone,iPhone 17 128GB,New,846.085,852.3,826.85133002264,25.44866997735994,2.9858817291282347
2026-02-14,Amazon,iPhone,iPhone 17 128GB,New,858.755,847.695,832.5816459196085,15.11335408039156,1.782876397807178
2026-02-16,Amazon,iPhone,iPhone 17 128GB,New,859.18,840.3,824.2295236837294,16.070476316270515,1.912468917799657
2026-02-17,Amazon,iPhone,iPhone 17 128GB,New,848.43,862.85,833.220235431077,29.629764568923065,3.433941538960777
2026-02-18,Amazon,iPhone,iPhone 17 128GB,New,851.745,850.7850000000001,826.8096734669641,23.975326533035968,2.818024122784953
2026-02-19,Amazon,iPhone,iPhone 17 128GB,New,854.81,864.61,832.8549649334636,31.75503506653638,3.6727582455137435
2026-02-20,Amazon,iPhone,iPhone 17 128GB,New,852.3,847.6,825.093730566213,22.506269433786997,2.65529370384462
2026-02-21,Amazon,iPhone,iPhone 17 128GB,New,847.695,849.4749999999999,838.2352090620831,11.239790937916837,1.3231455826147724
2026-02-22,Amazon,iPhone,iPhone 17 128GB,New,837.88,862.6,835.1271867585249,27.472813241475137,3.1848844471916458
2026-02-23,Amazon,iPhone,iPhone 17 128GB,New,840.3,839.04,829.9945819648053,9.045418035194643,1.078067557588988
2026-02-24,Amazon,iPhone,iPhone 17 128GB,New,862.85,851.1,823.1195945399601,27.980405460039947,3.2875579203430787
2026-02-25,Amazon,iPhone,iPhone 17 128GB,New,850.7850000000001,843.2049999999999,825.2437131193797,17.961286880620264,2.130121012164333
2026-02-26,Amazon,iPhone,iPhone 17 128GB,New,864.61,835.59,829.5590417103574,6.030958289642626,0.7217604674113652
2026-02-27,Amazon,iPhone,iPhone 17 128GB,New,847.6,849.98,831.3721887365026,18.60781126349741,2.1892057770179782
2026-02-28,Amazon,iPhone,iPhone 17 128GB,New,849.4749999999999,861.57,838.0011899650738,23.568810034926287,2.7355653092524443
2026-03-01,Amazon,iPhone,iPhone 17 128GB,New,862.6,842.7249999999999,841.6598877347684,1.0651122652315053,0.1263890670422149
2026-03-02,Amazon,iPhone,iPhone 17 128GB,New,839.04,849.58,839.9850119729447,9.594988027055365,1.1293801675010433
2026-03-03,Amazon,iPhone,iPhone 17 128GB,New,851.1,859.77,828.5543211456646,31.21567885433535,3.6307011007985106
2026-03-04,Amazon,iPhone,iPhone 17 128GB,New,843.2049999999999,852.3199999999999,831.9281868219142,20.391813178085727,2.3925067085232925
2026-03-05,Amazon,iPhone,iPhone 17 128GB,New,835.59,844.63,831.2813964198092,13.348603580190797,1.5804084131739102
2026-03-06,Amazon,iPhone,iPhone 17 128GB,New,849.98,838.24,824.427616095875,13.812383904125,1.6477839167929231
2026-03-07,Amazon,iPhone,iPhone 17 128GB,New,861.57,838.85,842.303434428985,3.4534344289850196,0.41168676509328483
2026-03-08,Amazon,iPhone,iPhone 17 128GB,New,842.7249999999999,842.63,834.2525219383391,8.377478061660895,0.9942060052052377
2026-03-09,Amazon,iPhone,iPhone 17 128GB,New,849.58,847.62,818.3998309500623,29.22016904993768,3.447319441487658
2026-03-10,Amazon,iPhone,iPhone 17 128GB,New,859.77,853.75,830.0406965378698,23.70930346213015,2.777078004349066
2026-03-11,Amazon,iPhone,iPhone 17 128GB,New,852.3199999999999,850.005,832.1557851449268,17.849214855073228,2.0998952776834523
2026-03-12,Amazon,iPhone,iPhone 17 128GB,New,844.63,844.825,834.1086727587148,10.716327241285285,1.2684671075412404
2026-03-13,Amazon,iPhone,iPhone 17 128GB,New,838.24,853.88,830.3083490327086,23.57165096729136,2.7605343803920177
2026-03-14,Amazon,iPhone,iPhone 17 128GB,New,838.85,846.38,831.7174969376947,14.66250306230529,1.7323782535392247
2026-03-15,Amazon,iPhone,iPhone 17 128GB,New,842.63,845.6,839.1951725551958,6.404827444804255,0.7574299248822439
2026-03-16,Amazon,iPhone,iPhone 17 128GB,New,847.62,849.5550000000001,826.2894134781895,23.26558652181052,2.738561543609362
2026-03-17,Amazon,iPhone,iPhone 17 128GB,New,853.75,856.705,832.3496441125596,24.355355887440396,2.842910440284625
2026-03-18,Amazon,iPhone,iPhone 17 128GB,New,850.005,846.84,822.2285579610865,24.611442038913538,2.90626824889159
2026-03-19,Amazon,iPhone,iPhone 17 128GB,New,844.825,849.73,826.7658184144927,22.964181585507276,2.7025268715365205
2026-03-20,Amazon,iPhone,iPhone 17 128GB,New,853.88,837.9649999999999,830.4760045737199,7.488995426279985,0.8937121987529295
2026-03-21,Amazon,iPhone,iPhone 17 128GB,New,846.38,857.99,834.9036373202154,23.086362679784656,2.6907496217653653
2026-03-22,Amazon,iPhone,iPhone 17 128GB,New,845.6,854.87,837.8143506035725,17.055649396427498,1.9951161458967444
2026-03-23,Amazon,iPhone,iPhone 17 128GB,New,849.5550000000001,846.44,831.1481228482024,15.291877151797621,1.8066108822595364
2026-03-24,Amazon,iPhone,iPhone 17 128GB,New,856.705,854.115,834.638978536843,19.476021463157053,2.2802575137021424
2026-03-25,Amazon,iPhone,iPhone 17 128GB,New,846.84,854.2950000000001,832.5291844841137,21.765815515886402,2.5478102430526226
2026-03-27,Amazon,iPhone,iPhone 17 128GB,New,837.9649999999999,847.44,831.613781210264,15.826218789736004,1.8675326618682153
2026-03-28,Amazon,iPhone,iPhone 17 128GB,New,857.99,841.49,835.1608181774269,6.329181822573105,0.752139873625724
2026-03-29,Amazon,iPhone,iPhone 17 128GB,New,854.87,857.82,835.8732730851057,21.946726914894384,2.558430313456714
2026-03-30,Amazon,iPhone,iPhone 17 128GB,New,846.44,843.3499999999999,830.732419249483,12.617580750516936,1.4961262525068995
2026-03-31,Amazon,iPhone,iPhone 17 128GB,New,854.115,848.86,829.0839745335669,19.77602546643311,2.3297157913475854
2026-04-01,Amazon,iPhone,iPhone 17 128GB,New,854.2950000000001,839.72,824.9258651613117,14.794134838688365,1.7617937930129526
2026-04-03,Amazon,iPhone,iPhone 17 128GB,New,847.44,857.885,827.8239160916053,30.06108390839472,3.5040924958933566
2026-04-04,Amazon,iPhone,iPhone 17 128GB,New,841.49,846.9200000000001,835.5382927622185,11.381707237781598,1.3438940204247858
2026-04-05,Amazon,iPhone,iPhone 17 128GB,New,857.82,858.815,837.5730602815809,21.24193971841919,2.473401107155696
2026-04-06,Amazon,iPhone,iPhone 17 128GB,New,843.3499999999999,835.04,828.4293104677389,6.610689532261063,0.791661421280545
2026-04-07,Amazon,iPhone,iPhone 17 128GB,New,848.86,850.145,826.9941808907145,23.15081910928552,2.723161238292941
2026-04-08,Amazon,iPhone,iPhone 17 128GB,New,839.72,844.2,830.3013427986159,13.89865720138414,1.646370196799827
2026-04-09,Amazon,iPhone,iPhone 17 128GB,New,861.0450000000001,850.7,822.1273829301982,28.572617069801822,3.3587183577996735
2026-04-10,Amazon,iPhone,iPhone 17 128GB,New,857.885,848.07,826.7810216813277,21.28897831867232,2.510285509294318
2026-04-11,Amazon,iPhone,iPhone 17 128GB,New,846.9200000000001,850.515,833.1146577912336,17.400342208766347,2.045859533196516
2026-04-12,Amazon,iPhone,iPhone 17 128GB,New,858.815,850.15,837.9139526921668,12.236047307833132,1.4392809866297869
2026-04-13,Amazon,iPhone,iPhone 17 128GB,New,835.04,855.2049999999999,832.4746019802699,22.730398019730046,2.657888812592308
2026-04-14,Amazon,iPhone,iPhone 17 128GB,New,850.145,848.735,827.3072465282845,21.427753471715505,2.524669475362216
2026-04-15,Amazon,iPhone,iPhone 17 128GB,New,844.2,838.62,827.1814269141739,11.438573085826079,1.363975708405008
2026-04-16,Amazon,iPhone,iPhone 17 128GB,New,850.7,848.93,831.1733794739433,17.756620526056622,2.09164719423941
2026-04-17,Amazon,iPhone,iPhone 17 128GB,New,848.07,844.22,832.7385893424494,11.481410657550668,1.3600022100341935
2026-04-18,Amazon,iPhone,iPhone 17 128GB,New,850.515,850.16,838.2476781014182,11.912321898581808,1.4011858824905676
2026-04-19,Amazon,iPhone,iPhone 17 128GB,New,850.15,844.74,823.7897403224526,20.950259677547365,2.480083774598973
2026-04-20,Amazon,iPhone,iPhone 17 128GB,New,855.2049999999999,842.48,824.9799241370536,17.50007586294646,2.0772096504304507
2026-04-21,Amazon,iPhone,iPhone 17 128GB,New,848.735,863.3,823.3109793855289,39.98902061447109,4.632111735720038
2026-04-22,Amazon,iPhone,iPhone 17 128GB,New,838.62,846.075,830.3809196717904,15.69408032820968,1.8549277934237127
2026-04-23,Amazon,iPhone,iPhone 17 128GB,New,848.93,849.46,827.6385138910255,21.821486108974568,2.5688656451127265
2026-04-24,Amazon,iPhone,iPhone 17 128GB,New,844.22,850.76,827.3907105518972,23.36928944810279,2.7468721435073102
2026-04-25,Amazon,iPhone,iPhone 17 128GB,New,850.16,841.87,836.9285878362269,4.941412163773066,0.5869566754692608
2026-04-26,Amazon,iPhone,iPhone 17 128GB,New,844.74,854.92,840.5136605761543,14.40633942384568,1.6851096504755625
2026-04-27,Amazon,iPhone,iPhone 17 128GB,New,842.48,847.96,826.8120934033163,21.147906596683697,2.493974550295261
2026-04-28,Amazon,iPhone,iPhone 17 128GB,New,863.3,839.3,825.4766637859129,13.823336214087021,1.6470077700568357
2026-04-29,Amazon,iPhone,iPhone 17 128GB,New,846.075,834.14,820.9145800215377,13.225419978462241,1.5855156182969576
2026-04-30,Amazon,iPhone,iPhone 17 128GB,New,849.46,851.915,823.2357589368864,28.679241063113523,3.3664439601501934
2026-05-01,Amazon,iPhone,iPhone 17 128GB,New,850.76,838.12,820.4511253276635,17.66887467233653,2.108155714257687
2026-05-02,Amazon,iPhone,iPhone 17 128GB,New,841.87,855.895,832.4323890275436,23.462610972456332,2.741295482793606
2026-05-03,Amazon,iPhone,iPhone 17 128GB,New,854.92,844.335,838.1193969547834,6.215603045216653,0.7361536647440474
2026-05-05,Amazon,iPhone,iPhone 17 128GB,New,839.3,852.715,826.6324398581444,26.08256014185565,3.058766427452977
2026-05-06,Amazon,iPhone,iPhone 17 128GB,New,834.14,850.95,826.3635817902691,24.586418209730937,2.889290582258762
2026-05-08,Amazon,iPhone,iPhone 17 128GB,New,838.12,842.62,830.230133701364,12.38986629863598,1.4703978422819277
2026-05-10,Amazon,iPhone,iPhone 17 128GB,New,844.335,853.665,828.8553985739151,24.809601426084896,2.9062455911961833
2026-05-12,Amazon,iPhone,iPhone 17 128GB,New,852.715,853.18,822.216897943411,30.963102056588923,3.6291406334640905
2026-05-13,Amazon,iPhone,iPhone 17 128GB,New,850.95,838.15,825.8543004515294,12.295699548470566,1.4670046588880947
2026-05-15,Amazon,iPhone,iPhone 17 128GB,New,842.62,850.99,818.2798376338889,32.71016236611115,3.843777525718416
2026-05-17,Amazon,iPhone,iPhone 17 128GB,New,853.665,847.99,838.9160453382877,9.073954661712264,1.070054441881657
2026-05-18,Amazon,iPhone,iPhone 17 128GB,New,849.27,848.195,824.1790712385372,24.015928761462874,2.831415978809457
2026-05-19,Amazon,iPhone,iPhone 17 128GB,New,853.18,850.53,826.9841816821711,23.54581831782889,2.768370112497959
2026-05-20,Amazon,iPhone,iPhone 17 128GB,New,838.15,837.32,824.0761429301627,13.243857069837304,1.5816960146464079
2026-05-21,Amazon,iPhone,iPhone 17 128GB,New,842.8,841.52,827.078412165266,14.441587834734037,1.7161312666049575
2026-05-22,Amazon,iPhone,iPhone 17 128GB,New,850.99,857.815,833.0682753687329,24.74672463126717,2.8848556659964175
2026-05-23,Amazon,iPhone,iPhone 17 128GB,New,842.7,856.62,833.6178640483051,23.002135951694868,2.685220512210183
2026-05-24,Amazon,iPhone,iPhone 17 128GB,New,847.99,840.12,827.1677799548771,12.952220045122885,1.541710713365101
2026-05-25,Amazon,iPhone,iPhone 17 128GB,New,848.195,842.895,823.8344509775726,19.06054902242738,2.2613195027171096
2026-05-26,Amazon,iPhone,iPhone 17 128GB,New,850.53,837.1,819.7045222183274,17.39547778167264,2.078064482340537
2026-05-27,Amazon,iPhone,iPhone 17 128GB,New,837.32,839.37,819.9386473947812,19.431352605218763,2.314992506906223
2026-05-28,Amazon,iPhone,iPhone 17 128GB,New,841.52,846.73,825.7187554998819,21.011244500118096,2.4814574303636454
2026-05-29,Amazon,iPhone,iPhone 17 128GB,New,857.815,852.835,821.4241076314822,31.410892368517807,3.683114830948285
2026-05-30,Amazon,iPhone,iPhone 17 128GB,New,856.62,852.775,834.7382890625607,18.03671093743924,2.115060940745125
2026-05-31,Amazon,iPhone,iPhone 17 128GB,New,840.12,839.8499999999999,832.3987029583014,7.451297041698467,0.8872176033456531
2026-06-01,Amazon,iPhone,iPhone 17 128GB,New,842.895,859.1,823.2602492735234,35.83975072647661,4.171778690079922
2026-06-02,Amazon,iPhone,iPhone 17 128GB,New,837.1,856.57,824.2229061789274,32.34709382107269,3.776351474026955
2026-06-03,Amazon,iPhone,iPhone 17 128GB,New,839.37,856.55,824.228493673516,32.32150632648393,3.77345237598318
2026-06-04,Amazon,iPhone,iPhone 17 128GB,New,846.73,848.64,821.43755836546,27.202441634540037,3.2054159165888993
2026-06-05,Amazon,iPhone,iPhone 17 128GB,New,852.835,843.38,822.5815400834924,20.798459916507568,2.4660840803087067
2026-06-06,Amazon,iPhone,iPhone 17 128GB,New,852.775,851.4449999999999,834.8664153200336,16.578584679966298,1.947111637271497
2026-06-07,Amazon,iPhone,iPhone 17 128GB,New,839.8499999999999,834.83,837.4148315632567,2.584831563256671,0.30962370341945916
2026-06-08,Amazon,iPhone,iPhone 17 128GB,New,859.1,846.62,822.3089154690327,24.311084530967264,2.8715462109290195
2026-06-09,Amazon,iPhone,iPhone 17 128GB,New,856.57,842.77,816.8025671220066,25.96743287799336,3.0812004316709616
2026-06-10,Amazon,iPhone,iPhone 17 128GB,New,856.55,853.29,819.4450076688178,33.8449923311822,3.966411458142273
2026-06-11,Amazon,iPhone,iPhone 17 128GB,New,848.64,854.97,827.1574191750119,27.812580824988117,3.2530475718432363
2026-06-12,Amazon,iPhone,iPhone 17 128GB,New,843.38,855.55,835.4319389335747,20.118061066425298,2.351476952419531
2026-06-13,Amazon,iPhone,iPhone 17 128GB,New,851.4449999999999,841.095,826.9731739686019,14.121826031398086,1.6789810938595624
2026-06-14,Amazon,iPhone,iPhone 17 128GB,New,834.83,854.42,830.2048326340654,24.215167365934576,2.8341058690029
2026-06-15,Amazon,iPhone,iPhone 17 128GB,New,846.62,845.5550000000001,829.035954544981,16.519045455019068,1.9536334661871868
2026-06-16,Amazon,iPhone,iPhone 17 128GB,New,842.77,842.89,831.3658432410979,11.524156758902109,1.3672195374131986
2026-06-17,Amazon,iPhone,iPhone 17 128GB,New,853.29,849.43,821.7563577542544,27.673642245745555,3.2579073314747014
2026-06-18,Amazon,iPhone,iPhone 17 128GB,New,854.97,845.925,826.816438805746,19.10856119425398,2.258895433313117
2026-06-19,Amazon,iPhone,iPhone 17 128GB,New,855.55,850.44,828.7923041028488,21.647695897151266,2.545470097496739
2026-06-20,Amazon,iPhone,iPhone 17 128GB,New,841.095,853.35,831.1758610121733,22.174138987826723,2.5984811610507674
2026-06-21,Amazon,iPhone,iPhone 17 128GB,New,854.42,851.7650000000001,834.3030027796932,17.4619972203069,2.0500956508317314
2026-06-22,Amazon,iPhone,iPhone 17 128GB,New,845.5550000000001,841.845,830.298257207109,11.546742792890996,1.3715996166623303
2026-06-23,Amazon,iPhone,iPhone 17 128GB,New,842.89,840.785,831.1912245728249,9.593775427175046,1.141049784091658
2026-06-24,Amazon,iPhone,iPhone 17 128GB,New,849.43,860.63,827.1182014458803,33.51179855411965,3.8938682772061926
2026-06-25,Amazon,iPhone,iPhone 17 128GB,New,845.925,855.16,834.3391146576303,20.820885342369706,2.434735645068725
2026-06-26,Amazon,iPhone,iPhone 17 128GB,New,850.44,857.27,821.9902286222825,35.27977137771745,4.115362881906219
2026-06-27,Amazon,iPhone,iPhone 17 128GB,New,853.35,858.72,832.3954719809394,26.324528019060608,3.0655543156163367
2026-06-28,Amazon,iPhone,iPhone 17 128GB,New,851.7650000000001,839.865,834.8933179892297,4.971682010770337,0.5919620428009664
2026-06-29,Amazon,iPhone,iPhone 17 128GB,New,841.845,846.95,815.7748798241637,31.175120175836355,3.680869021292444
2026-06-30,Amazon,iPhone,iPhone 17 128GB,New,840.785,858.8,822.6190747789071,36.18092522109282,4.212962880891107
2026-07-01,Amazon,iPhone,iPhone 17 128GB,New,860.63,848.14,813.9798646367007,34.16013536329933,4.0276529067488065
2026-07-02,Amazon,iPhone,iPhone 17 128GB,New,855.16,851.595,795.4660338283684,56.128966171631646,6.591039892393878
2026-07-03,Amazon,iPhone,iPhone 17 128GB,New,857.27,763.62,789.7316638815554,26.111663881555387,3.419457830014325
2026-07-04,Amazon,iPhone,iPhone 17 128GB,New,858.72,767.73,804.9706141349815,37.240614134981456,4.8507436383860805
2026-07-05,Amazon,iPhone,iPhone 17 128GB,New,839.865,725.485,796.3520202874729,70.86702028747288,9.768226812059916
2026-07-06,Amazon,iPhone,iPhone 17 128GB,New,846.95,780.61,796.1874272271966,15.577427227196608,1.9955454359022569
2026-07-07,Amazon,iPhone,iPhone 17 128GB,New,858.8,765.825,793.975778970762,28.150778970761962,3.6758762081104637
2026-07-08,Amazon,iPhone,iPhone 17 128GB,New,848.14,754.12,796.7700498568234,42.65004985682344,5.655605189734185
2026-07-09,Amazon,iPhone,iPhone 17 128GB,New,851.595,742.4649999999999,810.2244761916306,67.75947619163071,9.126285574623816
2026-07-10,Amazon,iPhone,iPhone 17 128GB,New,763.62,758.11,784.747246420538,26.637246420537963,3.513638709493076
2026-07-11,Amazon,iPhone,iPhone 17 128GB,New,767.73,753.275,840.1801628416239,86.9051628416239,11.536976913029626
2026-07-12,Amazon,iPhone,iPhone 17 128GB,New,725.485,852.71,830.2480474805081,22.461952519491888,2.6341842501544357
2026-07-13,Amazon,iPhone,iPhone 17 128GB,New,780.61,846.87,851.2420853371603,4.3720853371603425,0.5162640472753011
2026-07-14,Amazon,iPhone,iPhone 17 128GB,New,765.825,848.74,823.9782192887589,24.76178071124116,2.917475400150948
2026-07-15,Amazon,iPhone,iPhone 17 128GB,New,754.12,855.62,850.9371153481239,4.682884651876066,0.5473089282480618
2026-07-16,Amazon,iPhone,iPhone 17 128GB,New,742.4649999999999,850.51,827.3938904060205,23.116109593979445,2.717911558239109
2026-07-17,Amazon,iPhone,iPhone 17 128GB,New,758.11,846.0799999999999,831.5480383528514,14.531961647148478,1.7175635456633511
2026-07-18,Amazon,iPhone,iPhone 17 128GB,New,753.275,858.9,841.5929782298389,17.3070217701611,2.015021745274316
2026-07-20,Amazon,iPhone,iPhone 17 128GB,New,846.87,850.5,795.3253886599379,55.17461134006214,6.487314678431763
2026-07-21,Amazon,iPhone,iPhone 17 128GB,New,848.74,850.53,802.5597832711921,47.97021672880783,5.640038179583064
2026-07-22,Amazon,iPhone,iPhone 17 128GB,New,855.62,846.79,817.1594166670451,29.63058333295487,3.4991654758505497
2026-07-23,Amazon,iPhone,iPhone 17 128GB,New,850.51,843.835,807.4834115858195,36.35158841418058,4.307902423362456
2026-07-24,Amazon,iPhone,iPhone 17 128GB,New,846.0799999999999,844.12,817.1051310751004,27.014868924899588,3.200358826339808
2026-01-25,Amazon,iPhone,iPhone 17 128GB,Renewed/Refurbished,673.14,647.12,656.4265544393345,9.30655443933449,1.4381497155604046
2026-02-01,Amazon,iPhone,iPhone 17 128GB,Renewed/Refurbished,647.12,685.78,661.7208009343425,24.05919906565748,3.508296985280627
2026-02-06,Amazon,iPhone,iPhone 17 128GB,Renewed/Refurbished,713.49,666.92,647.1450031759689,19.774996824031064,2.965122776949419
2026-02-10,Amazon,iPhone,iPhone 17 128GB,Renewed/Refurbished,664.72,712.25,646.5347445138491,65.71525548615091,9.226431096686683
2026-02-13,Amazon,iPhone,iPhone 17 128GB,Renewed/Refurbished,666.92,693.01,642.5914262960084,50.41857370399157,7.275302478173702
2026-02-14,Amazon,iPhone,iPhone 17 128GB,Renewed/Refurbished,585.75,700.98,644.9007885575561,56.07921144244392,8.00011575828753
2026-02-17,Amazon,iPhone,iPhone 17 128GB,Renewed/Refurbished,712.25,629.86,640.1966682206607,10.336668220660727,1.6411056775570327
2026-02-18,Amazon,iPhone,iPhone 17 128GB,Renewed/Refurbished,611.12,715.99,661.8995977321925,54.09040226780746,7.554630968003388
2026-02-19,Amazon,iPhone,iPhone 17 128GB,Renewed/Refurbished,620.89,646.7750000000001,654.3108453687167,7.53584536871665,1.1651417214203779
2026-02-24,Amazon,iPhone,iPhone 17 128GB,Renewed/Refurbished,629.86,676.465,644.3543265410278,32.1106734589722,4.74683441995849
2026-03-06,Amazon,iPhone,iPhone 17 128GB,Renewed/Refurbished,628.06,666.775,651.0522389118676,15.722761088132415,2.3580309831850945
2026-03-08,Amazon,iPhone,iPhone 17 128GB,Renewed/Refurbished,697.25,635.86,636.0446177737872,0.18461777378718125,0.02903434306092241
2026-03-09,Amazon,iPhone,iPhone 17 128GB,Renewed/Refurbished,617.22,693.9649999999999,658.2784026439373,35.686597356062634,5.142420346280092
2026-03-13,Amazon,iPhone,iPhone 17 128GB,Renewed/Refurbished,666.775,700.68,644.1701520546176,56.509847945382376,8.065000848516068
2026-03-17,Amazon,iPhone,iPhone 17 128GB,Renewed/Refurbished,670.87,685.97,641.7997013254285,44.17029867457154,6.439100642093902
2026-03-18,Amazon,iPhone,iPhone 17 128GB,Renewed/Refurbished,693.06,646.19,663.4241076396894,17.23410763968934,2.667034098282137
2026-03-21,Amazon,iPhone,iPhone 17 128GB,Renewed/Refurbished,642.97,660.15,647.2362213533991,12.913778646600917,1.956188539968328
2026-03-24,Amazon,iPhone,iPhone 17 128GB,Renewed/Refurbished,685.97,679.7,645.0735477621381,34.62645223786194,5.0943728465296365
2026-03-25,Amazon,iPhone,iPhone 17 128GB,Renewed/Refurbished,646.19,710.03,656.565692796881,53.464307203119006,7.529865949765363
2026-03-30,Amazon,iPhone,iPhone 17 128GB,Renewed/Refurbished,675.08,691.46,673.6632639691932,17.79673603080687,2.5737911131239506
2026-03-31,Amazon,iPhone,iPhone 17 128GB,Renewed/Refurbished,679.7,608.51,644.7754143943872,36.26541439438722,5.9597072183509265
2026-04-03,Amazon,iPhone,iPhone 17 128GB,Renewed/Refurbished,608.86,661.69,652.7004704249978,8.98952957500228,1.3585711700346506
2026-04-07,Amazon,iPhone,iPhone 17 128GB,Renewed/Refurbished,608.51,614.16,649.1784704546176,35.01847045461761,5.701848126647391
2026-04-11,Amazon,iPhone,iPhone 17 128GB,Renewed/Refurbished,607.015,622.17,643.9086855835883,21.738685583588335,3.494010573249809
2026-04-12,Amazon,iPhone,iPhone 17 128GB,Renewed/Refurbished,615.99,631.085,643.584389178891,12.499389178890965,1.9806189624045833
2026-04-14,Amazon,iPhone,iPhone 17 128GB,Renewed/Refurbished,614.16,654.13,654.3345946535876,0.20459465358760553,0.031277368961461105
2026-04-16,Amazon,iPhone,iPhone 17 128GB,Renewed/Refurbished,713.01,652.38,653.7973824879178,1.4173824879178483,0.21726332626963554
2026-04-19,Amazon,iPhone,iPhone 17 128GB,Renewed/Refurbished,631.085,641.93,652.5914212712471,10.66142127124715,1.660838607207507
2026-04-23,Amazon,iPhone,iPhone 17 128GB,Renewed/Refurbished,652.38,652.0,644.9090410628617,7.090958937138339,1.087570389131647
2026-04-24,Amazon,iPhone,iPhone 17 128GB,Renewed/Refurbished,639.84,675.5699999999999,649.4840544744548,26.085945525545185,3.8613238488306445
2026-04-30,Amazon,iPhone,iPhone 17 128GB,Renewed/Refurbished,652.0,705.5999999999999,652.2956552522057,53.304344747794175,7.554470627521852
2026-05-01,Amazon,iPhone,iPhone 17 128GB,Renewed/Refurbished,675.5699999999999,631.67,676.6171808504128,44.94718085041279,7.115611134043534
2026-05-05,Amazon,iPhone,iPhone 17 128GB,Renewed/Refurbished,662.44,616.62,656.6639297291508,40.04392972915082,6.494101671880707
2026-05-07,Amazon,iPhone,iPhone 17 128GB,Renewed/Refurbished,705.5999999999999,624.07,659.1186460652887,35.04864606528861,5.6161401870445
2026-05-08,Amazon,iPhone,iPhone 17 128GB,Renewed/Refurbished,631.67,629.84,637.8219636715994,7.981963671599374,1.267300214594083
2026-05-14,Amazon,iPhone,iPhone 17 128GB,Renewed/Refurbished,624.07,628.05,631.1816940775574,3.1316940775574267,0.49863770043108463
2026-05-15,Amazon,iPhone,iPhone 17 128GB,Renewed/Refurbished,629.84,628.87,634.6965166461691,5.826516646169125,0.926505739845934
2026-05-16,Amazon,iPhone,iPhone 17 128GB,Renewed/Refurbished,697.61,723.89,654.5889069520985,69.30109304790153,9.573428704347558
2026-05-20,Amazon,iPhone,iPhone 17 128GB,Renewed/Refurbished,650.14,707.73,660.1729893555276,47.55701064447237,6.719654479034712
2026-05-21,Amazon,iPhone,iPhone 17 128GB,Renewed/Refurbished,628.05,692.2349999999999,637.0530547929884,55.181945207011495,7.9715624328459995
2026-05-22,Amazon,iPhone,iPhone 17 128GB,Renewed/Refurbished,628.87,625.04,644.3924662021585,19.352466202158553,3.096196435773479
2026-05-23,Amazon,iPhone,iPhone 17 128GB,Renewed/Refurbished,723.89,627.38,677.5001623841398,50.1201623841398,7.988804613494183
2026-05-25,Amazon,iPhone,iPhone 17 128GB,Renewed/Refurbished,677.01,603.49,651.1977555047818,47.707755504781744,7.90531003078456
2026-05-27,Amazon,iPhone,iPhone 17 128GB,Renewed/Refurbished,707.73,652.54,659.5329450928492,6.992945092849254,1.0716500280211565
2026-05-28,Amazon,iPhone,iPhone 17 128GB,Renewed/Refurbished,692.2349999999999,671.22,653.9295572645981,17.29044273540194,2.575972518012267
2026-05-29,Amazon,iPhone,iPhone 17 128GB,Renewed/Refurbished,625.04,666.76,644.8957462509024,21.864253749097543,3.2791789773078084
2026-05-30,Amazon,iPhone,iPhone 17 128GB,Renewed/Refurbished,627.38,686.59,643.9521258645468,42.63787413545322,6.210092505782668
2026-05-31,Amazon,iPhone,iPhone 17 128GB,Renewed/Refurbished,699.535,587.78,664.4674290872182,76.68742908721822,13.04696129286778
2026-06-02,Amazon,iPhone,iPhone 17 128GB,Renewed/Refurbished,668.885,667.41,639.8193303212718,27.590669678728204,4.133991051786489
2026-06-03,Amazon,iPhone,iPhone 17 128GB,Renewed/Refurbished,652.54,670.83,653.529410246481,17.300589753519034,2.578982715966643
2026-06-04,Amazon,iPhone,iPhone 17 128GB,Renewed/Refurbished,671.22,631.57,641.7563683116181,10.186368311618025,1.6128644982532458
2026-06-05,Amazon,iPhone,iPhone 17 128GB,Renewed/Refurbished,666.76,650.4000000000001,641.7564112133782,8.643588786621876,1.3289650655937693
2026-06-07,Amazon,iPhone,iPhone 17 128GB,Renewed/Refurbished,587.78,588.07,640.2365964735372,52.1665964735372,8.870814099263216
2026-06-09,Amazon,iPhone,iPhone 17 128GB,Renewed/Refurbished,667.41,669.58,631.4532720401221,38.12672795987794,5.694125863956202
2026-06-10,Amazon,iPhone,iPhone 17 128GB,Renewed/Refurbished,670.83,682.72,655.8282548140828,26.891745185917216,3.9389127586590718
2026-06-11,Amazon,iPhone,iPhone 17 128GB,Renewed/Refurbished,631.57,700.23,649.8668085515836,50.36319144841639,7.192378425433985
2026-06-14,Amazon,iPhone,iPhone 17 128GB,Renewed/Refurbished,588.07,659.04,631.0245054050324,28.01549459496755,4.250955115769536
2026-06-16,Amazon,iPhone,iPhone 17 128GB,Renewed/Refurbished,669.58,664.05,636.7382666684891,27.311733331510823,4.112903144569057
2026-06-17,Amazon,iPhone,iPhone 17 128GB,Renewed/Refurbished,682.72,703.61,651.7282391271954,51.88176087280465,7.3736531420537865
2026-06-21,Amazon,iPhone,iPhone 17 128GB,Renewed/Refurbished,659.04,617.0350000000001,665.0175739428488,47.98257394284872,7.776313165841275
2026-06-23,Amazon,iPhone,iPhone 17 128GB,Renewed/Refurbished,664.05,673.4,643.2229204147193,30.177079585280694,4.481300799714983
2026-06-24,Amazon,iPhone,iPhone 17 128GB,Renewed/Refurbished,703.61,683.065,654.6161818515184,28.448818148481678,4.164877156417277
2026-06-28,Amazon,iPhone,iPhone 17 128GB,Renewed/Refurbished,617.0350000000001,650.66,646.8294511339926,3.830548866007348,0.5887174355281327
2026-06-30,Amazon,iPhone,iPhone 17 128GB,Renewed/Refurbished,673.4,692.61,651.3456574498765,41.2643425501235,5.957803460839939
2026-07-02,Amazon,iPhone,iPhone 17 128GB,Renewed/Refurbished,658.515,611.29,629.3922186026472,18.102218602647213,2.9613143684089733
2026-07-03,Amazon,iPhone,iPhone 17 128GB,Renewed/Refurbished,656.29,561.16,627.788805060948,66.62880506094803,11.873405991330108
2026-07-06,Amazon,iPhone,iPhone 17 128GB,Renewed/Refurbished,660.85,594.44,622.548613202697,28.108613202696915,4.728587107647014
2026-07-07,Amazon,iPhone,iPhone 17 128GB,Renewed/Refurbished,692.61,561.64,632.4469695727349,70.80696957273494,12.607180680281843
2026-07-10,Amazon,iPhone,iPhone 17 128GB,Renewed/Refurbished,561.16,609.395,637.7804678339822,28.38546783398226,4.657975177673309
2026-07-13,Amazon,iPhone,iPhone 17 128GB,Renewed/Refurbished,594.44,688.29,639.0261388921716,49.26386110782835,7.157427989340009
2026-07-14,Amazon,iPhone,iPhone 17 128GB,Renewed/Refurbished,561.64,620.31,646.9979947213617,26.687994721361747,4.302364095591196
2026-07-17,Amazon,iPhone,iPhone 17 128GB,Renewed/Refurbished,609.395,609.56,665.5283379994331,55.968337999433174,9.181760286015024
2026-07-19,Amazon,iPhone,iPhone 17 128GB,Renewed/Refurbished,630.405,666.79,634.2803635406955,32.50963645930449,4.8755434933494035
2026-07-20,Amazon,iPhone,iPhone 17 128GB,Renewed/Refurbished,688.29,624.5,644.6939242743788,20.193924274378787,3.233614775721183
2026-07-24,Amazon,iPhone,iPhone 17 128GB,Renewed/Refurbished,609.56,657.3,630.893280073397,26.406719926602932,4.017453206542361
2026-02-18,Flipkart,Watch,Apple Watch Series 6 (44mm),New,255.165,257.56,260.32194024724265,2.7619402472426486,1.0723482867070386
2026-02-25,Flipkart,Watch,Apple Watch Series 6 (44mm),New,257.56,255.265,255.862415765405,0.5974157654050032,0.2340374768985185
2026-03-03,Flipkart,Watch,Apple Watch Series 6 (44mm),New,259.375,253.54,256.2962510489291,2.7562510489291014,1.0871069846687313
2026-03-07,Flipkart,Watch,Apple Watch Series 6 (44mm),New,254.62,256.06,256.9543832114043,0.8943832114043175,0.3492865779131131
2026-03-08,Flipkart,Watch,Apple Watch Series 6 (44mm),New,257.715,261.5,256.39263003382575,5.107369966174247,1.9531051495886222
2026-03-26,Flipkart,Watch,Apple Watch Series 6 (44mm),New,255.07,256.4,257.08985087750295,0.6898508775029768,0.2690526043303342
2026-04-02,Flipkart,Watch,Apple Watch Series 6 (44mm),New,256.4,257.93,257.37558238592896,0.554417614071042,0.21494886754973905
2026-04-09,Flipkart,Watch,Apple Watch Series 6 (44mm),New,257.93,261.12,259.10219378904094,2.0178062109590655,0.7727505403489069
2026-05-02,Flipkart,Watch,Apple Watch Series 6 (44mm),New,256.79,256.86,256.8532914389907,0.006708561009304503,0.0026117577704993004
2026-05-23,Flipkart,Watch,Apple Watch Series 6 (44mm),New,256.37,259.86,255.98901781846575,3.8709821815342593,1.4896414151982833
2026-05-27,Flipkart,Watch,Apple Watch Series 6 (44mm),New,259.43,258.59,256.617242117862,1.9727578821379552,0.7628902440689722
2026-05-28,Flipkart,Watch,Apple Watch Series 6 (44mm),New,258.55,259.89,257.5709605775904,2.31903942240956,0.8923157575934281
2026-05-30,Flipkart,Watch,Apple Watch Series 6 (44mm),New,259.86,256.82,255.36722583892242,1.4527741610775706,0.5656779694251112
2026-06-06,Flipkart,Watch,Apple Watch Series 6 (44mm),New,256.82,257.24,253.1388611228623,4.101138877137714,1.5942850556436456
2026-06-13,Flipkart,Watch,Apple Watch Series 6 (44mm),New,257.24,259.89,253.49745928031507,6.392540719684916,2.459710154174811
2026-06-16,Flipkart,Watch,Apple Watch Series 6 (44mm),New,259.1,257.26,257.28165134481105,0.02165134481106179,0.00841613341019272
2026-06-23,Flipkart,Watch,Apple Watch Series 6 (44mm),New,257.26,259.24,256.1500822051048,3.0899177948952,1.1919139773550378
2026-06-25,Flipkart,Watch,Apple Watch Series 6 (44mm),New,258.06,261.0,259.6611665657325,1.3388334342674852,0.5129630016350518
2026-07-02,Flipkart,Watch,Apple Watch Series 6 (44mm),New,261.0,254.61,257.337578582482,2.7275785824820105,1.0712770835717411
2026-07-05,Flipkart,Watch,Apple Watch Series 6 (44mm),New,260.17,261.41,255.66619765867722,5.743802341322805,2.1972389508139725
2026-07-06,Flipkart,Watch,Apple Watch Series 6 (44mm),New,259.395,257.37,261.34222705452896,3.9722270545289575,1.5433916363713556
2026-07-18,Flipkart,Watch,Apple Watch Series 6 (44mm),New,262.28,260.61,254.84044391904422,5.769556080955795,2.2138659609975804
2026-07-21,Flipkart,Watch,Apple Watch Series 6 (44mm),New,261.41,254.82,259.6316807925094,4.811680792509435,1.888266538148275
2026-03-31,Flipkart,Watch,Apple Watch Series 6 (44mm),Renewed/Refurbished,199.67,190.14,203.7454566445317,13.605456644531728,7.155494185616772
2026-04-07,Flipkart,Watch,Apple Watch Series 6 (44mm),Renewed/Refurbished,190.14,192.6,203.62442809242532,11.024428092425325,5.724002124831426
2026-04-20,Flipkart,Watch,Apple Watch Series 6 (44mm),Renewed/Refurbished,218.45,192.03,192.15338313173777,0.12338313173776783,0.06425200840377432
2026-06-26,Flipkart,Watch,Apple Watch Series 6 (44mm),Renewed/Refurbished,192.33,201.96,201.61513927649344,0.3448607235065708,0.17075694370497663
2026-01-28,Flipkart,Watch,Apple Watch Series 7 (45mm),New,261.91,260.21,255.09254272790668,5.117457272093304,1.9666643373019117
2026-02-01,Flipkart,Watch,Apple Watch Series 7 (45mm),New,252.31,260.19,256.4656913421419,3.724308657858103,1.4313803981160316
2026-02-04,Flipkart,Watch,Apple Watch Series 7 (45mm),New,260.21,255.89,255.4490789860273,0.4409210139726838,0.17230881002488718
2026-02-08,Flipkart,Watch,Apple Watch Series 7 (45mm),New,260.19,261.01,257.6178393035992,3.392160696400765,1.299628633539238
2026-03-06,Flipkart,Watch,Apple Watch Series 7 (45mm),New,253.49,252.37,256.22235184196757,3.852351841967561,1.5264698030540718
2026-03-13,Flipkart,Watch,Apple Watch Series 7 (45mm),New,252.37,257.68,256.76178667498436,0.9182133250156426,0.35633860796943595
2026-03-23,Flipkart,Watch,Apple Watch Series 7 (45mm),New,253.93,255.54500000000002,256.5944431210295,1.0494431210294692,0.41066861845446756
2026-04-03,Flipkart,Watch,Apple Watch Series 7 (45mm),New,261.28,261.28,257.4760309677182,3.8039690322817705,1.455897516948014
2026-04-07,Flipkart,Watch,Apple Watch Series 7 (45mm),New,259.35,255.89,256.92481846382873,1.034818463828742,0.4043997279412021
2026-04-10,Flipkart,Watch,Apple Watch Series 7 (45mm),New,261.28,257.47,255.84335698761288,1.6266430123871487,0.6317796296217612
2026-04-16,Flipkart,Watch,Apple Watch Series 7 (45mm),New,258.77,257.43,256.8980584101381,0.5319415898619013,0.20663543093730383
2026-04-17,Flipkart,Watch,Apple Watch Series 7 (45mm),New,257.47,261.31,254.93291243551243,6.377087564487567,2.440429973781167
2026-04-23,Flipkart,Watch,Apple Watch Series 7 (45mm),New,257.43,262.21,256.83775547259654,5.3722445274034385,2.0488328162173217
2026-04-25,Flipkart,Watch,Apple Watch Series 7 (45mm),New,260.25,256.18,256.48082580602056,0.30082580602055486,0.11742751425581813
2026-04-30,Flipkart,Watch,Apple Watch Series 7 (45mm),New,262.21,253.18,256.86854428835284,3.68854428835283,1.4568861238458133
2026-05-10,Flipkart,Watch,Apple Watch Series 7 (45mm),New,257.96,253.62,254.6540045292387,1.0340045292387003,0.4076983397361014
2026-05-17,Flipkart,Watch,Apple Watch Series 7 (45mm),New,253.62,261.67,259.448267849403,2.2217321505970062,0.84905879565751
2026-05-24,Flipkart,Watch,Apple Watch Series 7 (45mm),New,261.67,261.96,256.88561072199263,5.074389278007345,1.937085539016394
2026-05-27,Flipkart,Watch,Apple Watch Series 7 (45mm),New,257.36,255.435,253.94091953711325,1.4940804628867568,0.584916108946212
2026-05-28,Flipkart,Watch,Apple Watch Series 7 (45mm),New,255.28,259.22,258.2259753581061,0.9940246418939296,0.38346757267723536
2026-05-29,Flipkart,Watch,Apple Watch Series 7 (45mm),New,259.97,253.54,253.3850598762241,0.15494012377590138,0.06111072169121298
2026-06-03,Flipkart,Watch,Apple Watch Series 7 (45mm),New,255.435,260.9,258.9017936586408,1.9982063413591504,0.765889743717574
2026-06-04,Flipkart,Watch,Apple Watch Series 7 (45mm),New,259.22,253.08,259.5331969205839,6.453196920583906,2.549864438353053
2026-06-10,Flipkart,Watch,Apple Watch Series 7 (45mm),New,260.9,260.0,258.2130131637689,1.786986836231108,0.6873026293196569
2026-06-11,Flipkart,Watch,Apple Watch Series 7 (45mm),New,253.08,258.25,256.68888412629417,1.5611158737058304,0.6044979181823157
2026-06-19,Flipkart,Watch,Apple Watch Series 7 (45mm),New,260.37,256.595,257.96677179020253,1.3717717902025015,0.5346058146894918
2026-06-21,Flipkart,Watch,Apple Watch Series 7 (45mm),New,261.0,253.345,260.0720089681371,6.727008968137085,2.655275994449105
2026-06-22,Flipkart,Watch,Apple Watch Series 7 (45mm),New,262.51,260.46,260.6879851932026,0.22798519320264177,0.08753174890679635
2026-06-28,Flipkart,Watch,Apple Watch Series 7 (45mm),New,253.345,259.395,257.57977800626713,1.8152219937328482,0.6997906643277042
2026-06-30,Flipkart,Watch,Apple Watch Series 7 (45mm),New,254.71,254.87,260.7151109152443,5.845110915244277,2.2933695276981507
2026-07-02,Flipkart,Watch,Apple Watch Series 7 (45mm),New,256.74,253.93,258.09995786406614,4.169957864066134,1.6421682605702888
2026-07-04,Flipkart,Watch,Apple Watch Series 7 (45mm),New,259.75,261.095,255.84690498245914,5.248095017540891,2.0100327534195945
2026-07-05,Flipkart,Watch,Apple Watch Series 7 (45mm),New,259.395,261.75,259.0960475473238,2.653952452676208,1.0139264384627347
2026-07-07,Flipkart,Watch,Apple Watch Series 7 (45mm),New,254.87,256.46000000000004,256.4651838103076,0.0051838103075851905,0.002021293888943769
2026-07-08,Flipkart,Watch,Apple Watch Series 7 (45mm),New,261.89,253.92000000000002,255.70554013302728,1.7855401330272684,0.7031900334858492
2026-07-09,Flipkart,Watch,Apple Watch Series 7 (45mm),New,253.93,258.36,255.57885967619006,2.78114032380995,1.0764593295440277
2026-07-12,Flipkart,Watch,Apple Watch Series 7 (45mm),New,261.75,257.46,258.3600819198173,0.9000819198172962,0.3496006835303722
2026-07-15,Flipkart,Watch,Apple Watch Series 7 (45mm),New,253.92000000000002,256.67,257.5385444743222,0.8685444743221638,0.33838955636504603
2026-07-19,Flipkart,Watch,Apple Watch Series 7 (45mm),New,257.46,256.3,252.78530168671443,3.514698313285578,1.3713220106459532
2026-07-22,Flipkart,Watch,Apple Watch Series 7 (45mm),New,256.67,262.35,257.8260322165213,4.523967783478724,1.724401670851429
2026-01-26,Flipkart,Watch,Apple Watch Series 7 (45mm),Renewed/Refurbished,210.66,211.73,211.50519371985138,0.2248062801486128,0.10617592223521126
2026-04-27,Flipkart,Watch,Apple Watch Series 7 (45mm),Renewed/Refurbished,219.04,195.74,193.2945447445162,2.4454552554838074,1.24933853861439
2026-05-15,Flipkart,Watch,Apple Watch Series 7 (45mm),Renewed/Refurbished,186.58,202.37,192.25797012705925,10.112029872940752,4.996802823017617
2026-05-22,Flipkart,Watch,Apple Watch Series 7 (45mm),Renewed/Refurbished,202.37,210.89,220.60238556821912,9.712385568219133,4.605427269296379
2026-06-03,Flipkart,Watch,Apple Watch Series 7 (45mm),Renewed/Refurbished,193.1,202.59,207.7623322689501,5.1723322689501,2.5531034448640604
2026-01-26,Flipkart,Watch,Apple Watch Series 8 (45mm),New,255.665,257.9,258.4339398628715,0.5339398628715344,0.20703368083425144
2026-01-27,Flipkart,Watch,Apple Watch Series 8 (45mm),New,254.72500000000002,257.08,257.84813356607026,0.7681335660702757,0.29879164698548144
2026-01-31,Flipkart,Watch,Apple Watch Series 8 (45mm),New,260.80499999999995,253.5,257.9831557415364,4.483155741536393,1.768503251099169
2026-02-03,Flipkart,Watch,Apple Watch Series 8 (45mm),New,257.08,261.95,257.31078170513786,4.6392182948621326,1.771031988876554
2026-02-06,Flipkart,Watch,Apple Watch Series 8 (45mm),New,261.79,259.23,259.1219801071163,0.1080198928837035,0.04166951852937681
2026-02-23,Flipkart,Watch,Apple Watch Series 8 (45mm),New,257.97,259.81,258.0173099763987,1.792690023601324,0.6900003939807259
2026-03-28,Flipkart,Watch,Apple Watch Series 8 (45mm),New,257.5,252.82,257.26379249619765,4.443792496197659,1.757690252431635
2026-04-09,Flipkart,Watch,Apple Watch Series 8 (45mm),New,256.31,252.36,256.94477182918797,4.584771829187957,1.8167585311412098
2026-04-22,Flipkart,Watch,Apple Watch Series 8 (45mm),New,258.14,259.93,261.0790184236415,1.1490184236415075,0.4420491761787818
2026-04-26,Flipkart,Watch,Apple Watch Series 8 (45mm),New,254.09,259.64,259.49302186034674,0.14697813965324258,0.05660843462226259
2026-04-28,Flipkart,Watch,Apple Watch Series 8 (45mm),New,254.19,261.28,256.9456740878603,4.334325912139661,1.6588816258954613
2026-05-05,Flipkart,Watch,Apple Watch Series 8 (45mm),New,261.28,252.79,259.071060871399,6.281060871399035,2.4846951506780472
2026-05-12,Flipkart,Watch,Apple Watch Series 8 (45mm),New,252.79,253.115,257.245680265646,4.130680265645992,1.6319381568243652
2026-05-16,Flipkart,Watch,Apple Watch Series 8 (45mm),New,258.98,260.99,258.09083431453655,2.8991656854634584,1.11083401105922
2026-05-21,Flipkart,Watch,Apple Watch Series 8 (45mm),New,252.91,259.5,257.6857967377499,1.8142032622500892,0.6991149372832713
2026-05-29,Flipkart,Watch,Apple Watch Series 8 (45mm),New,252.96,259.48,257.2832258982695,2.1967741017305116,0.8466063287076119
2026-06-01,Flipkart,Watch,Apple Watch Series 8 (45mm),New,256.46,258.53000000000003,256.7786996038295,1.7513003961705067,0.6774070305846541
2026-06-03,Flipkart,Watch,Apple Watch Series 8 (45mm),New,262.17499999999995,257.33,258.1354839867771,0.8054839867771193,0.31301596657098646
2026-06-06,Flipkart,Watch,Apple Watch Series 8 (45mm),New,258.09,256.73,259.26256814893475,2.532568148934729,0.986471448188653
2026-06-08,Flipkart,Watch,Apple Watch Series 8 (45mm),New,258.53000000000003,261.3,260.5964592854101,0.7035407145899057,0.26924635078067577
2026-06-10,Flipkart,Watch,Apple Watch Series 8 (45mm),New,257.33,260.71,254.80818785605436,5.9018121439456195,2.2637459798034674
2026-06-13,Flipkart,Watch,Apple Watch Series 8 (45mm),New,256.73,257.275,255.93165395729454,1.3433460427054342,0.5221440259276783
2026-06-14,Flipkart,Watch,Apple Watch Series 8 (45mm),New,261.31,253.16,254.4902333009669,1.3302333009669098,0.5254516120109456
2026-06-15,Flipkart,Watch,Apple Watch Series 8 (45mm),New,261.3,260.05,258.2818097768858,1.7681902231142317,0.6799424045815158
2026-06-20,Flipkart,Watch,Apple Watch Series 8 (45mm),New,257.275,258.52,258.4831424649393,0.03685753506067613,0.014257130999797358
2026-06-25,Flipkart,Watch,Apple Watch Series 8 (45mm),New,259.35,260.17,259.2892425497464,0.8807574502536113,0.3385315179511901
2026-06-27,Flipkart,Watch,Apple Watch Series 8 (45mm),New,258.52,257.3,260.9367184485676,3.636718448567592,1.413415642661326
2026-07-02,Flipkart,Watch,Apple Watch Series 8 (45mm),New,260.17,254.48,256.98609068536894,2.506090685368946,0.9847888578155242
2026-07-03,Flipkart,Watch,Apple Watch Series 8 (45mm),New,259.945,262.33,256.0880378403664,6.2419621596336015,2.3794313115669583
2026-07-08,Flipkart,Watch,Apple Watch Series 8 (45mm),New,259.735,258.605,259.6389481535564,1.0339481535563664,0.39981754163932115
2026-07-10,Flipkart,Watch,Apple Watch Series 8 (45mm),New,262.33,259.865,255.66875251100134,4.196247488998665,1.614779785272609
2026-07-12,Flipkart,Watch,Apple Watch Series 8 (45mm),New,256.64,260.14,255.41738226456596,4.722617735434028,1.8154139061405505
2026-07-14,Flipkart,Watch,Apple Watch Series 8 (45mm),New,253.07,259.88,255.8190574247576,4.060942575242393,1.5626222007243316
2026-07-15,Flipkart,Watch,Apple Watch Series 8 (45mm),New,258.605,258.07,253.98960911378572,4.080390886214275,1.5811178696533015
2026-07-19,Flipkart,Watch,Apple Watch Series 8 (45mm),New,260.14,256.24,256.0991401405146,0.14085985948543112,0.054971846505397715
2026-07-21,Flipkart,Watch,Apple Watch Series 8 (45mm),New,259.88,261.48,259.5592433012423,1.9207566987577138,0.7345711713162436
2026-07-23,Flipkart,Watch,Apple Watch Series 8 (45mm),New,260.8,253.05,258.8366894641748,5.786689464174799,2.2867771049890533
2026-02-02,Flipkart,Watch,Apple Watch Series 8 (45mm),Renewed/Refurbished,205.79,202.23,206.78025473415937,4.550254734159381,2.2500394274634727
2026-03-04,Flipkart,Watch,Apple Watch Series 8 (45mm),Renewed/Refurbished,199.61,204.93,197.6243404822685,7.305659517731499,3.564953651359732
2026-03-21,Flipkart,Watch,Apple Watch Series 8 (45mm),Renewed/Refurbished,204.33499999999998,203.71,199.6559035290403,4.054096470959706,1.9901312998673144
2026-03-27,Flipkart,Watch,Apple Watch Series 8 (45mm),Renewed/Refurbished,194.435,205.92,187.92256528211567,17.997434717884317,8.740012974885547
2026-03-31,Flipkart,Watch,Apple Watch Series 8 (45mm),Renewed/Refurbished,193.46,185.77,189.75607260042557,3.986072600425558,2.1457030739223546
2026-04-02,Flipkart,Watch,Apple Watch Series 8 (45mm),Renewed/Refurbished,199.33499999999998,210.7,199.32041260584163,11.379587394158364,5.40084831236752
2026-07-18,Flipkart,Watch,Apple Watch Series 8 (45mm),Renewed/Refurbished,200.17,205.5,205.22934201278156,0.27065798721844203,0.13170704974133432
2026-01-28,Flipkart,Watch,Apple Watch Series 9 (45mm),New,254.56,261.41,259.59102212245057,1.8189778775494574,0.6958333183694033
2026-01-29,Flipkart,Watch,Apple Watch Series 9 (45mm),New,258.695,255.57500000000002,259.2470974584767,3.6720974584766566,1.436798379527206
2026-01-31,Flipkart,Watch,Apple Watch Series 9 (45mm),New,253.79,259.67,256.482958461468,3.1870415385320143,1.2273429886132452
2026-02-05,Flipkart,Watch,Apple Watch Series 9 (45mm),New,255.57500000000002,255.55,259.4043299184416,3.8543299184415787,1.5082488430606842
2026-02-12,Flipkart,Watch,Apple Watch Series 9 (45mm),New,255.55,255.3,258.3797601983108,3.079760198310794,1.206329885746492
2026-02-20,Flipkart,Watch,Apple Watch Series 9 (45mm),New,260.49,257.01,259.2626725562701,2.252672556270113,0.8764921817322724
2026-02-27,Flipkart,Watch,Apple Watch Series 9 (45mm),New,257.01,260.255,255.1073938614004,5.147606138599599,1.9779086429077632
2026-03-07,Flipkart,Watch,Apple Watch Series 9 (45mm),New,254.81,256.94,259.2770960954409,2.337096095440927,0.9095882678605616
2026-03-09,Flipkart,Watch,Apple Watch Series 9 (45mm),New,254.47,259.33000000000004,258.9972943912537,0.3327056087463234,0.12829430021452332
2026-03-11,Flipkart,Watch,Apple Watch Series 9 (45mm),New,261.08,255.09,257.464297543003,2.374297543002996,0.9307685691336375
2026-03-17,Flipkart,Watch,Apple Watch Series 9 (45mm),New,261.95,258.03,258.2583400278153,0.2283400278153067,0.08849359679700297
2026-03-19,Flipkart,Watch,Apple Watch Series 9 (45mm),New,259.98,256.455,257.36680594014797,0.9118059401479854,0.3555422745308087
2026-04-05,Flipkart,Watch,Apple Watch Series 9 (45mm),New,254.17,252.93,259.71835462451645,6.788354624516444,2.6838866977094233
2026-04-07,Flipkart,Watch,Apple Watch Series 9 (45mm),New,260.72,253.13,258.74849751293925,5.618497512939257,2.2196094943069795
2026-04-09,Flipkart,Watch,Apple Watch Series 9 (45mm),New,256.79,261.18,258.8357482599798,2.3442517400201837,0.8975617352095044
2026-04-11,Flipkart,Watch,Apple Watch Series 9 (45mm),New,261.5,260.98,258.07104669574665,2.908953304253373,1.1146269079061126
2026-04-12,Flipkart,Watch,Apple Watch Series 9 (45mm),New,252.93,256.76,259.0253364224401,2.2653364224401003,0.8822777778626344
2026-04-13,Flipkart,Watch,Apple Watch Series 9 (45mm),New,252.45,258.65,257.33574157541295,1.314258424587024,0.5081223369754587
2026-04-16,Flipkart,Watch,Apple Watch Series 9 (45mm),New,261.18,256.815,256.70286543266184,0.11213456733815974,0.04366355833505042
2026-04-18,Flipkart,Watch,Apple Watch Series 9 (45mm),New,260.98,257.07,257.8313273327517,0.7613273327517049,0.2961556512824153
2026-04-19,Flipkart,Watch,Apple Watch Series 9 (45mm),New,256.76,254.48,257.0611725913766,2.5811725913765997,1.0142929076456302
2026-04-20,Flipkart,Watch,Apple Watch Series 9 (45mm),New,258.65,256.335,258.9134663300831,2.578466330083131,1.0058970995311336
2026-04-22,Flipkart,Watch,Apple Watch Series 9 (45mm),New,254.12,256.91,258.08609935191885,1.1760993519188219,0.4577865213182911
2026-04-23,Flipkart,Watch,Apple Watch Series 9 (45mm),New,256.815,259.12,256.62654722783316,2.4934527721668474,0.9622772353221856
2026-04-25,Flipkart,Watch,Apple Watch Series 9 (45mm),New,257.07,255.54,253.85468022130908,1.6853197786909107,0.6595131011547745
2026-04-27,Flipkart,Watch,Apple Watch Series 9 (45mm),New,256.335,254.195,259.37110959275685,5.176109592756859,2.036275140249359
2026-04-29,Flipkart,Watch,Apple Watch Series 9 (45mm),New,256.91,257.45,257.78425620060625,0.33425620060626215,0.12983344362255278
2026-04-30,Flipkart,Watch,Apple Watch Series 9 (45mm),New,259.12,254.47,257.12874374906653,2.658743749066531,1.0448161862170515
2026-05-04,Flipkart,Watch,Apple Watch Series 9 (45mm),New,254.195,252.86,259.38331298277876,6.523312982778748,2.579812142204678
2026-05-05,Flipkart,Watch,Apple Watch Series 9 (45mm),New,262.02,261.095,258.8598596654764,2.235140334523635,0.8560640129162316
2026-05-07,Flipkart,Watch,Apple Watch Series 9 (45mm),New,254.47,256.62,259.10537299042164,2.485372990421638,0.9685032306217901
2026-05-12,Flipkart,Watch,Apple Watch Series 9 (45mm),New,261.095,257.025,258.7191752940363,1.694175294036313,0.6591480572070083
2026-05-14,Flipkart,Watch,Apple Watch Series 9 (45mm),New,256.62,259.0,258.3993818786246,0.6006181213754189,0.2318988885619378
2026-05-21,Flipkart,Watch,Apple Watch Series 9 (45mm),New,259.0,255.57,257.37297202455636,1.802972024556368,0.7054709177745307
2026-05-23,Flipkart,Watch,Apple Watch Series 9 (45mm),New,260.11,255.54,257.40696437060205,1.8669643706020622,0.73059574649842
2026-05-24,Flipkart,Watch,Apple Watch Series 9 (45mm),New,261.18,261.73,259.7624434860518,1.9675565139482387,0.7517504733688299
2026-05-25,Flipkart,Watch,Apple Watch Series 9 (45mm),New,261.15,252.54,258.6990614017435,6.159061401743514,2.4388458864906606
2026-05-28,Flipkart,Watch,Apple Watch Series 9 (45mm),New,255.57,261.86,258.7260037210333,3.1339962789667197,1.196821308701871
2026-05-30,Flipkart,Watch,Apple Watch Series 9 (45mm),New,255.54,255.75,256.4004853025443,0.6504853025443254,0.25434420431840676
2026-05-31,Flipkart,Watch,Apple Watch Series 9 (45mm),New,261.73,253.83499999999998,258.7736599246407,4.938659924640717,1.9456181868697058
2026-06-01,Flipkart,Watch,Apple Watch Series 9 (45mm),New,252.54,258.375,258.0980130907434,0.27698690925660685,0.10720344818833356
2026-06-04,Flipkart,Watch,Apple Watch Series 9 (45mm),New,261.86,262.04,258.46323361477425,3.576766385225767,1.3649696173201675
2026-06-08,Flipkart,Watch,Apple Watch Series 9 (45mm),New,258.375,257.075,262.04770030636234,4.972700306362356,1.9343383473159024
2026-06-15,Flipkart,Watch,Apple Watch Series 9 (45mm),New,257.075,254.96,258.5276203141127,3.567620314112702,1.3992862857360768
2026-06-20,Flipkart,Watch,Apple Watch Series 9 (45mm),New,253.81,257.675,257.98040671049307,0.30540671049305956,0.11852399747474902
2026-06-21,Flipkart,Watch,Apple Watch Series 9 (45mm),New,254.13,256.28,257.47306648418714,1.1930664841871703,0.4655324193020019
2026-06-22,Flipkart,Watch,Apple Watch Series 9 (45mm),New,254.96,259.25,258.4733245210407,0.7766754789593051,0.29958552708169917
2026-06-27,Flipkart,Watch,Apple Watch Series 9 (45mm),New,257.675,253.75,255.8811085942424,2.1311085942423915,0.8398457514255729
2026-06-28,Flipkart,Watch,Apple Watch Series 9 (45mm),New,256.28,259.22,255.69206435058936,3.527935649410665,1.3609812705079332
2026-06-29,Flipkart,Watch,Apple Watch Series 9 (45mm),New,259.25,255.17,258.14921309468434,2.9792130946843542,1.1675405003269796
2026-07-04,Flipkart,Watch,Apple Watch Series 9 (45mm),New,253.75,254.79,256.49605366682954,1.706053666829547,0.6695920824324137
2026-07-06,Flipkart,Watch,Apple Watch Series 9 (45mm),New,255.17,258.87,258.04276155603725,0.8272384439627558,0.31955747825655956
2026-07-09,Flipkart,Watch,Apple Watch Series 9 (45mm),New,256.085,255.84,256.8502680536171,1.010268053617125,0.3948827601692952
2026-07-11,Flipkart,Watch,Apple Watch Series 9 (45mm),New,254.79,255.845,257.2731123147631,1.4281123147631263,0.558194342184966
2026-07-13,Flipkart,Watch,Apple Watch Series 9 (45mm),New,258.87,256.55,257.5280732192482,0.9780732192481878,0.3812407792820845
2026-07-15,Flipkart,Watch,Apple Watch Series 9 (45mm),New,257.31,257.23,253.61349160397162,3.6165083960283937,1.4059434731673572
2026-07-16,Flipkart,Watch,Apple Watch Series 9 (45mm),New,255.84,255.82,257.1358040301857,1.3158040301856886,0.5143475999474978
2026-07-18,Flipkart,Watch,Apple Watch Series 9 (45mm),New,255.845,262.24,255.3023386057357,6.937661394264296,2.6455389697469096
2026-07-19,Flipkart,Watch,Apple Watch Series 9 (45mm),New,257.2,255.23,252.88163234852152,2.348367651478469,0.9200985979228419
2026-07-21,Flipkart,Watch,Apple Watch Series 9 (45mm),New,257.97,258.52,256.03734970759706,2.482650292402923,0.9603320023220343
2026-07-24,Flipkart,Watch,Apple Watch Series 9 (45mm),New,260.66,260.0,256.2188033055413,3.7811966944586857,1.4543064209456482
2026-02-18,Flipkart,Watch,Apple Watch Series 9 (45mm),Renewed/Refurbished,211.93,181.54,214.97386605491909,33.43386605491909,18.416804040387294
2026-02-19,Flipkart,Watch,Apple Watch Series 9 (45mm),Renewed/Refurbished,217.54,194.61,208.87074286440588,14.26074286440587,7.3278571832926716
2026-02-25,Flipkart,Watch,Apple Watch Series 9 (45mm),Renewed/Refurbished,181.54,199.35,201.54866881381645,2.198668813816454,1.1029188933114893
2026-02-26,Flipkart,Watch,Apple Watch Series 9 (45mm),Renewed/Refurbished,194.61,212.985,202.89062113374257,10.094378866257443,4.739478773743429
2026-03-04,Flipkart,Watch,Apple Watch Series 9 (45mm),Renewed/Refurbished,199.35,181.63,198.62760043945298,16.99760043945298,9.358366150665077
2026-04-06,Flipkart,Watch,Apple Watch Series 9 (45mm),Renewed/Refurbished,179.69,219.71,201.87241937485953,17.837580625140475,8.118693106886568
2026-04-24,Flipkart,Watch,Apple Watch Series 9 (45mm),Renewed/Refurbished,202.89,204.57,212.65993324013664,8.089933240136645,3.954603920485235
2026-05-01,Flipkart,Watch,Apple Watch Series 9 (45mm),Renewed/Refurbished,204.57,207.995,213.50746726842306,5.512467268423052,2.650288357135052
2026-06-21,Flipkart,Watch,Apple Watch Series 9 (45mm),Renewed/Refurbished,195.94,207.76999999999998,193.89560430442293,13.87439569557705,6.677766614803413
2026-06-27,Flipkart,Watch,Apple Watch Series 9 (45mm),Renewed/Refurbished,212.45,184.45,184.61968527813292,0.16968527813293122,0.09199527141931756
2026-06-28,Flipkart,Watch,Apple Watch Series 9 (45mm),Renewed/Refurbished,207.76999999999998,205.42000000000002,206.9929403685138,1.5729403685137981,0.7657191940968737
2026-01-25,Flipkart,Watch,Apple Watch Series X (45mm),New,333.57,322.96,328.5840548078287,5.624054807828713,1.7414090933331416
2026-01-28,Flipkart,Watch,Apple Watch Series X (45mm),New,323.27,325.69,329.71055021731325,4.020550217313257,1.2344714966112735
2026-01-31,Flipkart,Watch,Apple Watch Series X (45mm),New,335.57,332.85,332.51102441695696,0.33897558304306585,0.10184034341086551
2026-02-01,Flipkart,Watch,Apple Watch Series X (45mm),New,322.96,326.3,331.7789071602201,5.478907160220103,1.67910118302792
2026-02-04,Flipkart,Watch,Apple Watch Series X (45mm),New,325.69,323.865,334.8142409559388,10.94924095593882,3.3808040251150384
2026-02-05,Flipkart,Watch,Apple Watch Series X (45mm),New,328.025,330.905,335.81769681482734,4.91269681482737,1.4846245341797104
2026-02-07,Flipkart,Watch,Apple Watch Series X (45mm),New,332.85,324.69,335.7198591413905,11.029859141390489,3.3970430692015428
2026-02-08,Flipkart,Watch,Apple Watch Series X (45mm),New,326.3,330.31,331.8466396779061,1.5366396779061233,0.46521137050229283
2026-02-10,Flipkart,Watch,Apple Watch Series X (45mm),New,328.03,334.45,336.6704101080939,2.2204101080939154,0.6638989708757409
2026-02-14,Flipkart,Watch,Apple Watch Series X (45mm),New,324.69,331.49,332.1070552522695,0.6170552522694948,0.186145962855439
2026-02-16,Flipkart,Watch,Apple Watch Series X (45mm),New,325.11,331.02,333.38670773063075,2.3667077306307647,0.7149742404177285
2026-02-21,Flipkart,Watch,Apple Watch Series X (45mm),New,331.49,326.36,332.13139470003404,5.771394700034023,1.7684136230034386
2026-02-23,Flipkart,Watch,Apple Watch Series X (45mm),New,331.02,324.78,329.9210527041758,5.14105270417582,1.582933894998405
2026-02-26,Flipkart,Watch,Apple Watch Series X (45mm),New,326.96,328.15,335.47212159928506,7.322121599285083,2.231333719117807
2026-03-01,Flipkart,Watch,Apple Watch Series X (45mm),New,330.18,335.4,330.5932036030183,4.806796396981667,1.4331533682115885
2026-03-03,Flipkart,Watch,Apple Watch Series X (45mm),New,334.73,330.735,331.2208651196909,0.4858651196909136,0.14690465771415592
2026-03-04,Flipkart,Watch,Apple Watch Series X (45mm),New,325.21,329.41,329.4098204607274,0.00017953927260805358,5.450328545218833e-05
2026-03-05,Flipkart,Watch,Apple Watch Series X (45mm),New,328.15,327.82,331.2053129346529,3.385312934652916,1.0326743135418572
2026-03-08,Flipkart,Watch,Apple Watch Series X (45mm),New,335.4,325.54,331.7236136660831,6.18361366608309,1.8994942759977544
2026-03-10,Flipkart,Watch,Apple Watch Series X (45mm),New,330.735,329.2,331.47550607178766,2.2755060717876745,0.6912229865697674
2026-03-11,Flipkart,Watch,Apple Watch Series X (45mm),New,329.41,326.39,332.13525231924046,5.745252319240478,1.760241526774864
2026-03-12,Flipkart,Watch,Apple Watch Series X (45mm),New,327.82,329.8,332.03670075324095,2.236700753240939,0.6781991368226012
2026-03-13,Flipkart,Watch,Apple Watch Series X (45mm),New,325.0,329.43,333.7400452305947,4.31004523059471,1.3083341622179856
2026-03-14,Flipkart,Watch,Apple Watch Series X (45mm),New,332.96,335.12,330.63712479176684,4.4828752082331675,1.3376925305064358
2026-03-15,Flipkart,Watch,Apple Watch Series X (45mm),New,325.54,333.91,333.08499933798606,0.8250006620139629,0.24707276272467518
2026-03-16,Flipkart,Watch,Apple Watch Series X (45mm),New,326.76,333.87,335.523612258731,1.653612258731016,0.4952862667298697
2026-03-17,Flipkart,Watch,Apple Watch Series X (45mm),New,329.2,329.79,329.35605788309266,0.4339421169073603,0.13158134476708216
2026-03-18,Flipkart,Watch,Apple Watch Series X (45mm),New,326.39,330.26,331.84270595128453,1.582705951284538,0.4792302886466838
2026-03-19,Flipkart,Watch,Apple Watch Series X (45mm),New,329.8,333.3,328.04155043436606,5.258449565633953,1.5776926389540813
2026-03-20,Flipkart,Watch,Apple Watch Series X (45mm),New,329.43,331.44,330.17385983825733,1.266140161742669,0.3820118759783578
2026-03-21,Flipkart,Watch,Apple Watch Series X (45mm),New,335.12,331.6,325.5594776617933,6.040522338206699,1.8216291731624545
2026-03-23,Flipkart,Watch,Apple Watch Series X (45mm),New,333.87,334.35,331.51188596999725,2.838114030002771,0.8488452310461405
2026-03-24,Flipkart,Watch,Apple Watch Series X (45mm),New,329.79,328.45,332.7812611302135,4.331261130213534,1.3186972538327093
2026-03-25,Flipkart,Watch,Apple Watch Series X (45mm),New,330.26,329.22,330.78250131085,1.5625013108499957,0.4746070441801821
2026-03-26,Flipkart,Watch,Apple Watch Series X (45mm),New,333.3,330.32000000000005,324.50272659191046,5.817273408089591,1.7611023880145282
2026-03-27,Flipkart,Watch,Apple Watch Series X (45mm),New,331.44,329.36,331.8973886049187,2.5373886049187035,0.7703997464533349
2026-03-28,Flipkart,Watch,Apple Watch Series X (45mm),New,331.6,330.71,334.9577687375817,4.247768737581737,1.2844391574436023
2026-03-30,Flipkart,Watch,Apple Watch Series X (45mm),New,334.35,324.3,329.2960616635014,4.9960616635013935,1.5405678888379257
2026-03-31,Flipkart,Watch,Apple Watch Series X (45mm),New,328.45,333.78,332.6245766175555,1.1554233824444964,0.34616315610416937
2026-04-03,Flipkart,Watch,Apple Watch Series X (45mm),New,329.36,329.71500000000003,334.03818820238837,4.323188202388337,1.3111894218911293
2026-04-04,Flipkart,Watch,Apple Watch Series X (45mm),New,330.71,325.745,327.25341809793815,1.5084180979381472,0.46306715312227265
2026-04-06,Flipkart,Watch,Apple Watch Series X (45mm),New,324.3,332.87,330.5625606134188,2.3074393865812226,0.6931953575213214
2026-04-10,Flipkart,Watch,Apple Watch Series X (45mm),New,329.71500000000003,331.4,332.10255544213373,0.7025554421337574,0.21199621066196667
2026-04-11,Flipkart,Watch,Apple Watch Series X (45mm),New,325.745,330.78499999999997,332.278362396812,1.4933623968120173,0.45146013175084043
2026-04-12,Flipkart,Watch,Apple Watch Series X (45mm),New,327.67,330.375,331.679062252431,1.304062252430981,0.3947218319881895
2026-04-13,Flipkart,Watch,Apple Watch Series X (45mm),New,332.87,326.73,327.80020320076926,1.0702032007692424,0.32754972018769085
2026-04-18,Flipkart,Watch,Apple Watch Series X (45mm),New,330.78499999999997,328.11,331.9932836189646,3.883283618964583,1.1835310167213993
2026-04-19,Flipkart,Watch,Apple Watch Series X (45mm),New,330.375,332.25,334.0393137675791,1.789313767579074,0.5385443995723322
2026-04-20,Flipkart,Watch,Apple Watch Series X (45mm),New,326.73,327.52,334.2559055529105,6.735905552910538,2.0566394580210487
2026-04-21,Flipkart,Watch,Apple Watch Series X (45mm),New,325.46,327.705,327.9226596590479,0.21765965904791074,0.06641938909931516
2026-04-25,Flipkart,Watch,Apple Watch Series X (45mm),New,328.11,325.755,329.04269576421365,3.2876957642136517,1.0092541217214324
2026-04-26,Flipkart,Watch,Apple Watch Series X (45mm),New,332.25,324.16,331.47333177868626,7.3133317786862335,2.25608704919985
2026-04-27,Flipkart,Watch,Apple Watch Series X (45mm),New,327.52,327.19,330.924238015804,3.73423801580401,1.1413056682062441
2026-04-28,Flipkart,Watch,Apple Watch Series X (45mm),New,327.705,330.21500000000003,332.60447561264436,2.3894756126443326,0.7236120747526104
2026-05-01,Flipkart,Watch,Apple Watch Series X (45mm),New,325.47,324.9,329.693594817941,4.7935948179410275,1.4754062228196454
2026-05-02,Flipkart,Watch,Apple Watch Series X (45mm),New,325.755,332.26,329.43443594244826,2.8255640575517305,0.8504075295105431
2026-05-03,Flipkart,Watch,Apple Watch Series X (45mm),New,324.16,332.615,324.0038786362059,8.611121363794098,2.5889155220883295
2026-05-07,Flipkart,Watch,Apple Watch Series X (45mm),New,330.09000000000003,329.89,330.9283248832776,1.0383248832775962,0.31474882029694634
2026-05-08,Flipkart,Watch,Apple Watch Series X (45mm),New,324.9,330.74,326.29225111709275,4.447748882907263,1.344787108576907
2026-05-09,Flipkart,Watch,Apple Watch Series X (45mm),New,332.26,326.2,328.6916513027237,2.49165130272371,0.76384160108023
2026-05-10,Flipkart,Watch,Apple Watch Series X (45mm),New,332.615,327.44,325.17025638300123,2.269743616998767,0.6931784806372975
2026-05-13,Flipkart,Watch,Apple Watch Series X (45mm),New,323.52,324.96,329.1152100184661,4.155210018466107,1.2786835359632285
2026-05-16,Flipkart,Watch,Apple Watch Series X (45mm),New,326.2,330.3,334.5903714720045,4.2903714720044945,1.298931720255675
2026-05-17,Flipkart,Watch,Apple Watch Series X (45mm),New,327.44,326.64,327.11824486659026,0.47824486659027343,0.14641344189023803
2026-05-19,Flipkart,Watch,Apple Watch Series X (45mm),New,329.32,331.39,330.5581945925577,0.8318054074422889,0.2510049812735113
2026-05-20,Flipkart,Watch,Apple Watch Series X (45mm),New,324.96,330.32,330.203402378296,0.11659762170398835,0.035298383901667583
2026-05-23,Flipkart,Watch,Apple Watch Series X (45mm),New,330.3,333.77,331.87787273628066,1.892127263719317,0.5668955459505998
2026-05-24,Flipkart,Watch,Apple Watch Series X (45mm),New,326.64,324.07,330.9907601268694,6.920760126869425,2.1355756863854802
2026-05-25,Flipkart,Watch,Apple Watch Series X (45mm),New,330.61,330.38,325.5280035710315,4.851996428968505,1.4686108205607193
2026-05-29,Flipkart,Watch,Apple Watch Series X (45mm),New,330.56,335.27,329.6478056587476,5.622194341252396,1.6769154237636519
2026-05-30,Flipkart,Watch,Apple Watch Series X (45mm),New,333.77,328.56,326.91872020216135,1.6412797978386493,0.4995373136835431
2026-05-31,Flipkart,Watch,Apple Watch Series X (45mm),New,324.07,324.04,324.9610203643422,0.9210203643421551,0.28423045437049593
2026-06-01,Flipkart,Watch,Apple Watch Series X (45mm),New,330.38,325.44,328.49466162039363,3.054661620393631,0.9386251291770007
2026-06-05,Flipkart,Watch,Apple Watch Series X (45mm),New,335.27,330.95,328.39646884051933,2.553531159480656,0.7715761170813282
2026-06-07,Flipkart,Watch,Apple Watch Series X (45mm),New,324.04,327.82,328.9006705543353,1.0806705543353132,0.3296536374642527
2026-06-08,Flipkart,Watch,Apple Watch Series X (45mm),New,325.44,327.48,327.79338165481573,0.31338165481571423,0.09569489886885128
2026-06-12,Flipkart,Watch,Apple Watch Series X (45mm),New,330.95,328.33,323.231919731567,5.098080268432966,1.5527305663305109
2026-06-14,Flipkart,Watch,Apple Watch Series X (45mm),New,327.82,330.57,327.4027545546443,3.167245445355718,0.9581164187178868
2026-06-15,Flipkart,Watch,Apple Watch Series X (45mm),New,327.48,331.89,335.49197450512196,3.601974505121973,1.0852916644436328
2026-06-16,Flipkart,Watch,Apple Watch Series X (45mm),New,328.82,326.25,326.8700782379541,0.6200782379540897,0.19006229515834167
2026-06-18,Flipkart,Watch,Apple Watch Series X (45mm),New,328.01,334.49,327.84204670623666,6.647953293763351,1.987489399911313
2026-06-19,Flipkart,Watch,Apple Watch Series X (45mm),New,328.33,327.45,326.472261664071,0.9777383359289615,0.29859164328262683
2026-06-21,Flipkart,Watch,Apple Watch Series X (45mm),New,330.57,329.195,326.3516483457483,2.8433516542517054,0.8637286879362401
2026-06-22,Flipkart,Watch,Apple Watch Series X (45mm),New,331.89,325.51,328.3210579753276,2.8110579753276284,0.8635857501544126
2026-06-24,Flipkart,Watch,Apple Watch Series X (45mm),New,322.76,329.99,327.4483185503564,2.5416814496435904,0.7702298401901847
2026-06-26,Flipkart,Watch,Apple Watch Series X (45mm),New,327.45,329.95,330.6141784500643,0.6641784500642984,0.20129669648864934
2026-06-28,Flipkart,Watch,Apple Watch Series X (45mm),New,329.195,323.76,326.49901299359857,2.7390129935985783,0.8460010481834007
2026-07-03,Flipkart,Watch,Apple Watch Series X (45mm),New,329.95,335.41,323.3684735132814,12.041526486718624,3.5900916748810774
2026-07-05,Flipkart,Watch,Apple Watch Series X (45mm),New,323.76,331.09,328.1759966760825,2.914003323917484,0.8801242332651196
2026-07-07,Flipkart,Watch,Apple Watch Series X (45mm),New,327.37,324.94,331.17358277983067,6.2335827798306696,1.9183796331109342
2026-07-12,Flipkart,Watch,Apple Watch Series X (45mm),New,331.09,327.35,326.17825569171555,1.1717443082844738,0.35794846747654613
2026-07-14,Flipkart,Watch,Apple Watch Series X (45mm),New,324.94,325.605,319.8826866254811,5.722313374518933,1.7574402648973242
2026-07-15,Flipkart,Watch,Apple Watch Series X (45mm),New,334.77,329.745,321.3204688054999,8.424531194500105,2.554862452652839
2026-07-16,Flipkart,Watch,Apple Watch Series X (45mm),New,323.86,330.22,325.2968602497851,4.923139750214943,1.4908666192886388
2026-07-19,Flipkart,Watch,Apple Watch Series X (45mm),New,327.35,325.69,325.89488476186403,0.2048847618640366,0.06290790686359317
2026-07-21,Flipkart,Watch,Apple Watch Series X (45mm),New,325.605,332.97,326.4272788352971,6.542721164702925,1.9649581537985177
2026-07-22,Flipkart,Watch,Apple Watch Series X (45mm),New,329.745,326.58,327.6372425155158,1.0572425155158385,0.32373155597888376
2026-07-23,Flipkart,Watch,Apple Watch Series X (45mm),New,330.22,328.94,326.5257415468441,2.4142584531559237,0.7339510102620307
2026-07-24,Flipkart,Watch,Apple Watch Series X (45mm),New,328.975,333.8,331.24587662029444,2.5541233797055725,0.7651657818171277
2026-01-29,Flipkart,Watch,Apple Watch Series X (45mm),Renewed/Refurbished,264.29,229.5,250.04664457542845,20.546644575428445,8.952786307376229
2026-02-02,Flipkart,Watch,Apple Watch Series X (45mm),Renewed/Refurbished,234.29,250.15,248.75732093944816,1.392679060551842,0.5567375816717337
2026-02-04,Flipkart,Watch,Apple Watch Series X (45mm),Renewed/Refurbished,260.76,255.615,245.0871796589356,10.527820341064398,4.11862384486998
2026-02-09,Flipkart,Watch,Apple Watch Series X (45mm),Renewed/Refurbished,250.15,253.2,251.1409880043161,2.059011995683875,0.8131958908704088
2026-02-10,Flipkart,Watch,Apple Watch Series X (45mm),Renewed/Refurbished,259.38,270.52,246.35450880661392,24.16549119338606,8.932977670185592
2026-02-11,Flipkart,Watch,Apple Watch Series X (45mm),Renewed/Refurbished,255.615,265.34,248.22402764349772,17.115972356502255,6.4505812755341285
2026-02-15,Flipkart,Watch,Apple Watch Series X (45mm),Renewed/Refurbished,232.44,255.96,248.59332163185252,7.36667836814749,2.878058434187955
2026-02-20,Flipkart,Watch,Apple Watch Series X (45mm),Renewed/Refurbished,263.63,278.54,243.72500502743048,34.81499497256954,12.499100657919701
2026-02-26,Flipkart,Watch,Apple Watch Series X (45mm),Renewed/Refurbished,264.71,254.62,243.76056212284823,10.859437877151777,4.264958713829148
2026-02-27,Flipkart,Watch,Apple Watch Series X (45mm),Renewed/Refurbished,278.54,242.96,252.28536623032483,9.325366230324818,3.838231079323682
2026-03-04,Flipkart,Watch,Apple Watch Series X (45mm),Renewed/Refurbished,272.06,252.5,245.37684643979446,7.123153560205537,2.821050914932886
2026-03-06,Flipkart,Watch,Apple Watch Series X (45mm),Renewed/Refurbished,242.96,264.74,249.0480393110579,15.691960688942117,5.927310073635309
2026-03-10,Flipkart,Watch,Apple Watch Series X (45mm),Renewed/Refurbished,234.19,235.56,254.3182988072706,18.75829880727059,7.963278488398111
2026-03-15,Flipkart,Watch,Apple Watch Series X (45mm),Renewed/Refurbished,275.77,277.67,247.87801116891512,29.791988831084893,10.729278939419055
2026-03-16,Flipkart,Watch,Apple Watch Series X (45mm),Renewed/Refurbished,257.16,250.32,249.54334620646216,0.7766537935378324,0.31026437901000015
2026-03-17,Flipkart,Watch,Apple Watch Series X (45mm),Renewed/Refurbished,235.56,240.81,246.74414135539178,5.934141355391773,2.4642420810563403
2026-03-22,Flipkart,Watch,Apple Watch Series X (45mm),Renewed/Refurbished,277.67,235.72,256.7165365054792,20.996536505479213,8.907405610673347
2026-03-26,Flipkart,Watch,Apple Watch Series X (45mm),Renewed/Refurbished,261.54,237.49,248.1786035583376,10.688603558337604,4.500654157369828
2026-04-10,Flipkart,Watch,Apple Watch Series X (45mm),Renewed/Refurbished,250.23,252.92,254.43615634883167,1.5161563488316858,0.5994608369570164
2026-05-03,Flipkart,Watch,Apple Watch Series X (45mm),Renewed/Refurbished,266.44,262.51,243.07492876837068,19.43507123162931,7.403554619492328
2026-05-12,Flipkart,Watch,Apple Watch Series X (45mm),Renewed/Refurbished,270.895,261.73,246.5768372556995,15.153162744300516,5.789616300882786
2026-05-21,Flipkart,Watch,Apple Watch Series X (45mm),Renewed/Refurbished,257.27,230.02,231.352258745438,1.332258745437997,0.5791925682279789
2026-05-23,Flipkart,Watch,Apple Watch Series X (45mm),Renewed/Refurbished,262.41,238.72,232.26368424218333,6.456315757816668,2.7045558636966605
2026-05-27,Flipkart,Watch,Apple Watch Series X (45mm),Renewed/Refurbished,226.71,255.33,251.70107394549177,3.6289260545082414,1.421268967417946
2026-06-03,Flipkart,Watch,Apple Watch Series X (45mm),Renewed/Refurbished,255.33,242.28,247.52800496194686,5.248004961946862,2.166090870871249
2026-06-12,Flipkart,Watch,Apple Watch Series X (45mm),Renewed/Refurbished,244.72,234.59,245.4794933623889,10.88949336238889,4.641925641497459
2026-06-13,Flipkart,Watch,Apple Watch Series X (45mm),Renewed/Refurbished,243.51,276.57,244.43243034292584,32.13756965707415,11.620049049815293
2026-06-18,Flipkart,Watch,Apple Watch Series X (45mm),Renewed/Refurbished,262.17,251.03,238.69737924250603,12.33262075749397,4.912807535949476
2026-06-23,Flipkart,Watch,Apple Watch Series X (45mm),Renewed/Refurbished,238.87,257.07,249.87425242323707,7.195747576762926,2.799139369340229
2026-07-03,Flipkart,Watch,Apple Watch Series X (45mm),Renewed/Refurbished,259.97,234.97,249.69824855109255,14.728248551092548,6.268139997060283
2026-07-04,Flipkart,Watch,Apple Watch Series X (45mm),Renewed/Refurbished,272.13,275.95,249.98645615094324,25.963543849056748,9.408785594874706
2026-07-12,Flipkart,Watch,Apple Watch Series X (45mm),Renewed/Refurbished,239.81,258.47,251.37661996523047,7.093380034769552,2.744372667918734
2026-07-19,Flipkart,Watch,Apple Watch Series X (45mm),Renewed/Refurbished,258.47,272.44,253.49730782143467,18.942692178565324,6.952977601881267
2026-07-22,Flipkart,Watch,Apple Watch Series X (45mm),Renewed/Refurbished,255.585,235.64,251.10910844132275,15.46910844132276,6.5647209477689525
2026-01-25,Flipkart,Watch,Apple Watch Ultra,New,493.295,505.485,491.12467672126394,14.360323278736075,2.8408999829344244
2026-02-01,Flipkart,Watch,Apple Watch Ultra,New,505.485,490.05,503.9243895464649,13.874389546464897,2.831219170791735
2026-02-03,Flipkart,Watch,Apple Watch Ultra,New,493.57,493.55,502.0121026165449,8.462102616544882,1.714538064338949
2026-02-04,Flipkart,Watch,Apple Watch Ultra,New,505.57,506.66,506.86784131566685,0.20784131566682618,0.041021852063874424
2026-02-10,Flipkart,Watch,Apple Watch Ultra,New,493.55,501.65,501.7556885567791,0.10568855677911415,0.021068186340897868
2026-02-11,Flipkart,Watch,Apple Watch Ultra,New,506.66,500.53,498.83529859614725,1.6947014038527186,0.3385813845029706
2026-02-21,Flipkart,Watch,Apple Watch Ultra,New,506.68,506.65,510.57456193845724,3.924561938457259,0.7746100737110944
2026-02-23,Flipkart,Watch,Apple Watch Ultra,New,498.54999999999995,501.36,502.4560093724785,1.096009372478477,0.21860726274103978
2026-03-02,Flipkart,Watch,Apple Watch Ultra,New,501.36,499.66,511.4354684260554,11.775468426055397,2.3566962386533636
2026-03-05,Flipkart,Watch,Apple Watch Ultra,New,502.655,495.74,505.52739285935803,9.787392859358022,1.9742996045019612
2026-03-08,Flipkart,Watch,Apple Watch Ultra,New,502.64,498.17,506.2279464350554,8.057946435055385,1.6175093713100719
2026-03-11,Flipkart,Watch,Apple Watch Ultra,New,507.49,497.32,505.6367958208988,8.31679582089879,1.6723228144652917
2026-03-15,Flipkart,Watch,Apple Watch Ultra,New,498.17,501.17499999999995,499.28967599461174,1.8853240053882132,0.3761807762534471
2026-03-18,Flipkart,Watch,Apple Watch Ultra,New,497.32,501.02,496.73424559943567,4.285754400564315,0.8554058521744272
2026-03-22,Flipkart,Watch,Apple Watch Ultra,New,501.17499999999995,508.05,507.3174734771957,0.732526522804335,0.1441839430773221
2026-03-25,Flipkart,Watch,Apple Watch Ultra,New,501.02,505.85,500.72735408625306,5.122645913746965,1.01268081718829
2026-03-30,Flipkart,Watch,Apple Watch Ultra,New,498.44,506.13,497.7844610196859,8.345538980314075,1.6488923755387104
2026-04-01,Flipkart,Watch,Apple Watch Ultra,New,505.85,489.16,500.6726776610665,11.512677661066448,2.3535607288139766
2026-04-06,Flipkart,Watch,Apple Watch Ultra,New,506.13,497.69,501.9243191047279,4.234319104727888,0.8507944914962904
2026-04-13,Flipkart,Watch,Apple Watch Ultra,New,497.69,490.43,496.37598305640404,5.945983056404032,1.2124019852790473
2026-04-16,Flipkart,Watch,Apple Watch Ultra,New,504.83000000000004,507.31,509.1881691294327,1.878169129432706,0.37022119205864384
2026-04-20,Flipkart,Watch,Apple Watch Ultra,New,490.43,507.16,499.3867671290642,7.7732328709358285,1.5326983340436604
2026-04-23,Flipkart,Watch,Apple Watch Ultra,New,507.31,502.4,504.1023547548244,1.7023547548243982,0.3388444973774678
2026-04-27,Flipkart,Watch,Apple Watch Ultra,New,507.16,507.38,504.57041449814545,2.809585501854542,0.5537438412737086
2026-04-28,Flipkart,Watch,Apple Watch Ultra,New,491.94,491.93,495.3765244539325,3.4465244539325113,0.7006127810730208
2026-05-05,Flipkart,Watch,Apple Watch Ultra,New,491.93,506.22,499.5223868058902,6.697613194109806,1.3230637260696545
2026-05-12,Flipkart,Watch,Apple Watch Ultra,New,506.22,492.17,504.2249657701096,12.054965770109561,2.4493499746245324
2026-05-15,Flipkart,Watch,Apple Watch Ultra,New,490.47,493.53,498.545446391233,5.015446391233013,1.0162394162934396
2026-05-16,Flipkart,Watch,Apple Watch Ultra,New,498.34000000000003,502.59,493.1884452155796,9.401554784420398,1.8706211393820806
2026-05-17,Flipkart,Watch,Apple Watch Ultra,New,493.43,508.32,497.62672056693566,10.693279433064333,2.1036511317800466
2026-05-23,Flipkart,Watch,Apple Watch Ultra,New,502.59,489.76,496.01503548890173,6.25503548890174,1.2771634043004207
2026-05-25,Flipkart,Watch,Apple Watch Ultra,New,496.38,493.07,491.42171305417463,1.6482869458253617,0.3342906576805244
2026-05-27,Flipkart,Watch,Apple Watch Ultra,New,498.63,503.61,489.67998202683435,13.930017973165661,2.76603283754605
2026-06-01,Flipkart,Watch,Apple Watch Ultra,New,493.07,495.37,485.6161504446346,9.753849555365377,1.96900287772077
2026-06-14,Flipkart,Watch,Apple Watch Ultra,New,494.66,502.66,485.0804306413973,17.579569358602726,3.4973081921383686
2026-06-20,Flipkart,Watch,Apple Watch Ultra,New,503.49,501.99,491.66914782008666,10.320852179913345,2.055987605313521
2026-06-21,Flipkart,Watch,Apple Watch Ultra,New,502.66,505.34,491.46975782861466,13.870242171385314,2.744734668022582
2026-06-26,Flipkart,Watch,Apple Watch Ultra,New,500.02,493.68,491.55670813249736,2.123291867502644,0.4300947714111659
2026-07-02,Flipkart,Watch,Apple Watch Ultra,New,505.37,491.36,494.85443184154394,3.4944318415439284,0.711175480613792
2026-07-03,Flipkart,Watch,Apple Watch Ultra,New,493.68,491.78,494.1025894887622,2.322589488762219,0.4722822174066084
2026-07-09,Flipkart,Watch,Apple Watch Ultra,New,491.36,490.875,499.3647063890326,8.48970638903262,1.7295047392987255
2026-07-10,Flipkart,Watch,Apple Watch Ultra,New,491.78,495.37,496.8770956281555,1.5070956281554686,0.3042363542716492
2026-07-14,Flipkart,Watch,Apple Watch Ultra,New,500.46,501.59,487.04708867745376,14.542911322546217,2.89936229241935
2026-07-15,Flipkart,Watch,Apple Watch Ultra,New,500.93,501.23,493.5823275416,7.647672458399995,1.5257810702471908
2026-07-17,Flipkart,Watch,Apple Watch Ultra,New,495.37,507.9,487.5551740578801,20.344825942119883,4.005675515282513
2026-07-22,Flipkart,Watch,Apple Watch Ultra,New,501.23,500.75,490.4743610913822,10.275638908617793,2.0520497071628143
2026-07-24,Flipkart,Watch,Apple Watch Ultra,New,507.9,500.02,491.7329484143442,8.287051585655774,1.6573440233702201
2026-02-05,Flipkart,Watch,Apple Watch Ultra,Renewed/Refurbished,359.48,384.86,372.18483843143247,12.675161568567546,3.2934473752968727
2026-02-07,Flipkart,Watch,Apple Watch Ultra,Renewed/Refurbished,419.42,423.11,395.5195412282122,27.590458771787837,6.5208713506624365
2026-02-10,Flipkart,Watch,Apple Watch Ultra,Renewed/Refurbished,415.54499999999996,349.77,387.57606109954,37.806061099540045,10.808834691237113
2026-03-14,Flipkart,Watch,Apple Watch Ultra,Renewed/Refurbished,349.05,361.8,363.51207371574606,1.712073715746044,0.4732099822404765
2026-04-08,Flipkart,Watch,Apple Watch Ultra,Renewed/Refurbished,387.3,407.07,380.0257712165469,27.044228783453093,6.643631017626721
2026-04-21,Flipkart,Watch,Apple Watch Ultra,Renewed/Refurbished,402.47,395.82,380.1225971020462,15.697402897953793,3.9657932640982754
2026-05-13,Flipkart,Watch,Apple Watch Ultra,Renewed/Refurbished,369.605,350.43,374.55618391379693,24.126183913796922,6.884737012754878
2026-07-11,Flipkart,Watch,Apple Watch Ultra,Renewed/Refurbished,378.99,372.28499999999997,368.79719868875753,3.4878013112424355,0.9368632395187654
2026-07-18,Flipkart,Watch,Apple Watch Ultra,Renewed/Refurbished,372.28499999999997,364.59,359.1740366336299,5.415963366370079,1.4854942171672507
2026-01-25,Flipkart,Watch,Apple Watch Ultra 2,New,595.04,607.93,599.3576499892456,8.572350010754349,1.4100883343072967
2026-02-01,Flipkart,Watch,Apple Watch Ultra 2,New,607.93,600.93,615.0731462146794,14.143146214679405,2.353543044061605
2026-02-02,Flipkart,Watch,Apple Watch Ultra 2,New,592.48,603.11,610.6033200819666,7.493320081966544,1.2424466651135853
2026-02-04,Flipkart,Watch,Apple Watch Ultra 2,New,606.1700000000001,607.97,602.6736903032038,5.296309696796243,0.8711465527569193
2026-02-05,Flipkart,Watch,Apple Watch Ultra 2,New,602.2,593.96,608.483388791504,14.523388791503976,2.445179606624011
2026-02-09,Flipkart,Watch,Apple Watch Ultra 2,New,603.11,601.865,602.9801246015988,1.1151246015988363,0.18527819388049419
2026-02-11,Flipkart,Watch,Apple Watch Ultra 2,New,607.97,601.71,604.4648350906856,2.7548350906855603,0.45783435387239035
2026-02-13,Flipkart,Watch,Apple Watch Ultra 2,New,595.29,601.29,602.3701783604538,1.0801783604538286,0.1796434932318563
2026-02-16,Flipkart,Watch,Apple Watch Ultra 2,New,601.865,595.6949999999999,601.3959713056056,5.700971305605663,0.9570285642158594
2026-02-20,Flipkart,Watch,Apple Watch Ultra 2,New,601.29,597.9200000000001,599.9124648799534,1.9924648799533315,0.3332326866392379
2026-02-21,Flipkart,Watch,Apple Watch Ultra 2,New,603.64,588.67,599.4013955783905,10.731395578390561,1.8229900586730363
2026-02-23,Flipkart,Watch,Apple Watch Ultra 2,New,595.6949999999999,607.47,600.5293621433958,6.940637856604212,1.1425482503834283
2026-02-27,Flipkart,Watch,Apple Watch Ultra 2,New,597.9200000000001,602.48,598.3472252810841,4.132774718915925,0.6859604831556111
2026-03-11,Flipkart,Watch,Apple Watch Ultra 2,New,601.73,593.68,607.9962851458954,14.31628514589545,2.411448111086014
2026-03-14,Flipkart,Watch,Apple Watch Ultra 2,New,594.285,602.55,599.0403198583247,3.5096801416752896,0.5824711877313568
2026-03-18,Flipkart,Watch,Apple Watch Ultra 2,New,593.68,607.54,592.638087267354,14.901912732645997,2.4528282471353324
2026-03-25,Flipkart,Watch,Apple Watch Ultra 2,New,607.54,588.15,593.3824198332516,5.232419833251583,0.8896403695063476
2026-03-26,Flipkart,Watch,Apple Watch Ultra 2,New,590.87,597.46,598.8562295616753,1.3962295616752272,0.23369423253024924
2026-03-31,Flipkart,Watch,Apple Watch Ultra 2,New,591.87,599.82,598.617578048655,1.202421951345059,0.20046379769681882
2026-04-01,Flipkart,Watch,Apple Watch Ultra 2,New,588.15,600.76,594.3691196498979,6.390880350102066,1.063799245972113
2026-04-06,Flipkart,Watch,Apple Watch Ultra 2,New,598.5550000000001,600.98,597.1320051522487,3.8479948477513517,0.6402866730592286
2026-04-08,Flipkart,Watch,Apple Watch Ultra 2,New,600.76,598.67,597.9954798567179,0.6745201432820522,0.11266977521540286
2026-04-11,Flipkart,Watch,Apple Watch Ultra 2,New,591.0,607.635,596.0388490960908,11.596150903909233,1.908407333993143
2026-04-17,Flipkart,Watch,Apple Watch Ultra 2,New,599.37,610.69,595.197832475787,15.492167524213073,2.5368300650433233
2026-04-18,Flipkart,Watch,Apple Watch Ultra 2,New,607.635,598.625,593.0597166890294,5.565283310970585,0.9296777299595882
2026-04-19,Flipkart,Watch,Apple Watch Ultra 2,New,590.68,604.75,598.4973726564913,6.2526273435087205,1.0339193622999125
2026-04-25,Flipkart,Watch,Apple Watch Ultra 2,New,598.625,608.45,605.383448055514,3.0665519444860365,0.5039940742026521
2026-04-26,Flipkart,Watch,Apple Watch Ultra 2,New,604.75,594.85,601.3700109573024,6.520010957302361,1.0960764826935128
2026-04-29,Flipkart,Watch,Apple Watch Ultra 2,New,603.65,604.15,599.5945019551909,4.555498044809042,0.7540342704310257
2026-04-30,Flipkart,Watch,Apple Watch Ultra 2,New,610.23,595.71,601.1380098154607,5.428009815460655,0.9111832629065576
2026-05-03,Flipkart,Watch,Apple Watch Ultra 2,New,594.85,602.845,604.6593203125321,1.814320312532118,0.3009596683280309
2026-05-07,Flipkart,Watch,Apple Watch Ultra 2,New,595.71,606.065,598.3713787843211,7.693621215678945,1.2694382971593714
2026-05-15,Flipkart,Watch,Apple Watch Ultra 2,New,602.9549999999999,592.45,597.3940578124731,4.944057812473034,0.8345105599583144
2026-05-16,Flipkart,Watch,Apple Watch Ultra 2,New,606.99,593.15,591.5703695782995,1.5796304217004717,0.2663121338110886
2026-05-19,Flipkart,Watch,Apple Watch Ultra 2,New,597.775,606.2,608.51340182279,2.313401822789956,0.3816235273490524
2026-05-20,Flipkart,Watch,Apple Watch Ultra 2,New,602.135,597.52,600.7683118149648,3.2483118149648362,0.5436323160672173
2026-05-23,Flipkart,Watch,Apple Watch Ultra 2,New,593.15,604.97,599.5946546866818,5.375345313318235,0.8885308880305196
2026-05-25,Flipkart,Watch,Apple Watch Ultra 2,New,605.02,589.765,596.1961527728481,6.431152772848122,1.0904602295572172
2026-05-26,Flipkart,Watch,Apple Watch Ultra 2,New,606.2,587.29,591.144437641924,3.8544376419240507,0.6563090878312335
2026-05-27,Flipkart,Watch,Apple Watch Ultra 2,New,597.52,590.95,602.4920310819134,11.542031081913365,1.9531315816758381
2026-05-28,Flipkart,Watch,Apple Watch Ultra 2,New,593.62,605.3199999999999,592.2504261009299,13.069573899070065,2.1591181357083964
2026-05-30,Flipkart,Watch,Apple Watch Ultra 2,New,604.97,610.41,596.9840700371462,13.42592996285373,2.199493776781791
2026-06-03,Flipkart,Watch,Apple Watch Ultra 2,New,590.95,600.3,594.666286371923,5.6337136280769755,0.9384830298312471
2026-06-04,Flipkart,Watch,Apple Watch Ultra 2,New,605.3199999999999,596.37,599.0018124251965,2.631812425196472,0.4413053012721082
2026-06-06,Flipkart,Watch,Apple Watch Ultra 2,New,610.41,601.26,597.415453056351,3.844546943648993,0.6394150523316025
2026-06-14,Flipkart,Watch,Apple Watch Ultra 2,New,602.43,593.6700000000001,600.1655177954996,6.495517795499495,1.0941293640405434
2026-06-21,Flipkart,Watch,Apple Watch Ultra 2,New,593.6700000000001,596.91,598.2783128788753,1.368312878875372,0.22923269485774608
2026-06-25,Flipkart,Watch,Apple Watch Ultra 2,New,599.38,588.67,594.4260273515331,5.756027351533135,0.9778020540426954
2026-06-27,Flipkart,Watch,Apple Watch Ultra 2,New,593.2,603.0699999999999,594.5477723113438,8.52222768865613,1.4131407114690056
2026-06-28,Flipkart,Watch,Apple Watch Ultra 2,New,596.91,604.81,595.9646990681839,8.845300931816041,1.4624925070379196
2026-06-30,Flipkart,Watch,Apple Watch Ultra 2,New,591.54,590.55,594.4690525370813,3.9190525370813702,0.6636275568675591
2026-07-01,Flipkart,Watch,Apple Watch Ultra 2,New,595.95,608.16,596.7020175926205,11.457982407379518,1.8840407799558534
2026-07-02,Flipkart,Watch,Apple Watch Ultra 2,New,588.67,601.455,596.4276691232084,5.027330876791666,0.8358615152906976
2026-07-03,Flipkart,Watch,Apple Watch Ultra 2,New,590.86,603.595,595.7986162953247,7.79638370467535,1.2916580993340483
2026-07-04,Flipkart,Watch,Apple Watch Ultra 2,New,603.0699999999999,607.73,598.6794194281136,9.050580571886371,1.4892436726648959
2026-07-05,Flipkart,Watch,Apple Watch Ultra 2,New,604.81,598.26,599.6632977867614,1.4032977867614136,0.23456319773366321
2026-07-07,Flipkart,Watch,Apple Watch Ultra 2,New,590.55,587.25,596.9861094795439,9.73610947954387,1.6579156201862697
2026-07-09,Flipkart,Watch,Apple Watch Ultra 2,New,601.455,596.875,603.6083108520775,6.733310852077466,1.1280939647459627
2026-07-10,Flipkart,Watch,Apple Watch Ultra 2,New,603.595,599.615,595.4089782552408,4.206021744759255,0.7014537235991853
2026-07-11,Flipkart,Watch,Apple Watch Ultra 2,New,607.73,598.93,593.00288134257,5.927118657429901,0.9896179282102919
2026-07-12,Flipkart,Watch,Apple Watch Ultra 2,New,598.26,590.4,605.7146307163796,15.314630716379611,2.593941517001967
2026-07-17,Flipkart,Watch,Apple Watch Ultra 2,New,599.615,599.05,596.2584555426187,2.791544457381292,0.46599523535285736
2026-07-18,Flipkart,Watch,Apple Watch Ultra 2,New,598.93,589.58,595.4494779034594,5.869477903459369,0.9955354495504205
2026-07-19,Flipkart,Watch,Apple Watch Ultra 2,New,590.4,608.04,594.5206541324876,13.519345867512357,2.2234303446339645
2026-02-09,Flipkart,Watch,Apple Watch Ultra 2,Renewed/Refurbished,480.78,451.15,442.47244680057946,8.677553199420515,1.9234297239101221
2026-02-22,Flipkart,Watch,Apple Watch Ultra 2,Renewed/Refurbished,489.62,483.66,456.5028533587925,27.157146641207532,5.614925079851038
2026-02-28,Flipkart,Watch,Apple Watch Ultra 2,Renewed/Refurbished,488.105,482.99,460.54807230831193,22.44192769168808,4.646458040888647
2026-03-26,Flipkart,Watch,Apple Watch Ultra 2,Renewed/Refurbished,496.79,436.16,465.4841864663678,29.32418646636779,6.72326358821712
2026-05-16,Flipkart,Watch,Apple Watch Ultra 2,Renewed/Refurbished,489.505,456.16999999999996,474.73534237309485,18.565342373094893,4.069829750552403
2026-06-05,Flipkart,Watch,Apple Watch Ultra 2,Renewed/Refurbished,478.04,472.28,463.87503586181265,8.404964138187324,1.77965701240521
2026-06-29,Flipkart,Watch,Apple Watch Ultra 2,Renewed/Refurbished,491.505,455.23,466.49910013457804,11.269100134578025,2.4754739658146487
2026-07-06,Flipkart,Watch,Apple Watch Ultra 2,Renewed/Refurbished,455.23,473.85,456.0775115237706,17.772488476229398,3.7506570594553965
2026-01-26,Flipkart,Mac,MacBook Air M1 256GB,New,601.94,593.02,600.5130587351616,7.49305873516164,1.2635423316518228
2026-01-30,Flipkart,Mac,MacBook Air M1 256GB,New,590.51,605.29,597.2919146324455,7.998085367554495,1.3213642002270805
2026-02-02,Flipkart,Mac,MacBook Air M1 256GB,New,593.02,587.79,592.6956854570841,4.905685457084132,0.8345983186315066
2026-02-06,Flipkart,Mac,MacBook Air M1 256GB,New,605.29,602.37,600.3037346245192,2.066265375480839,0.343022623218427
2026-02-13,Flipkart,Mac,MacBook Air M1 256GB,New,602.37,609.53,601.5900030698101,7.939996930189864,1.3026425163962174
2026-02-21,Flipkart,Mac,MacBook Air M1 256GB,New,607.32,605.93,610.5423667170207,4.612366717020791,0.7612045478885004
2026-02-28,Flipkart,Mac,MacBook Air M1 256GB,New,605.93,597.25,605.2982960681,8.048296068099944,1.3475589900544067
2026-03-07,Flipkart,Mac,MacBook Air M1 256GB,New,597.25,589.67,605.1448854055888,15.474885405588793,2.624329778620041
2026-03-10,Flipkart,Mac,MacBook Air M1 256GB,New,600.03,603.24,596.7082355638407,6.531764436159278,1.0827803919102312
2026-03-14,Flipkart,Mac,MacBook Air M1 256GB,New,589.67,591.1,590.0548325946563,1.0451674053437046,0.17681735837315252
2026-03-26,Flipkart,Mac,MacBook Air M1 256GB,New,603.18,596.28,598.6632055015968,2.3832055015968763,0.3996789262757222
2026-03-30,Flipkart,Mac,MacBook Air M1 256GB,New,592.84,605.47,590.8488650994537,14.62113490054628,2.4148405206775365
2026-04-06,Flipkart,Mac,MacBook Air M1 256GB,New,605.47,600.28,595.5445098434709,4.7354901565290675,0.7888802153210281
2026-04-11,Flipkart,Mac,MacBook Air M1 256GB,New,601.42,601.44,603.2248379634564,1.7848379634563116,0.2967607680660268
2026-04-13,Flipkart,Mac,MacBook Air M1 256GB,New,600.28,589.95,600.9060950694134,10.956095069413323,1.8571226492776205
2026-04-18,Flipkart,Mac,MacBook Air M1 256GB,New,601.44,594.07,603.3362808938421,9.266280893842008,1.5597961340990132
2026-04-20,Flipkart,Mac,MacBook Air M1 256GB,New,589.95,603.15,596.4447187252775,6.705281274722438,1.1117103995229112
2026-04-21,Flipkart,Mac,MacBook Air M1 256GB,New,609.56,589.465,603.5907704534314,14.125770453431414,2.3963713627495125
2026-04-25,Flipkart,Mac,MacBook Air M1 256GB,New,594.07,606.6,601.5688066864437,5.031193313556287,0.829408722973341
2026-04-28,Flipkart,Mac,MacBook Air M1 256GB,New,589.465,594.16,582.814797760131,11.345202239868968,1.909452376442199
2026-06-08,Flipkart,Mac,MacBook Air M1 256GB,New,596.48,596.63,608.1661469683384,11.536146968338358,1.9335512743808319
2026-06-15,Flipkart,Mac,MacBook Air M1 256GB,New,596.63,597.8050000000001,599.4222488373115,1.617248837311422,0.2705311660677682
2026-06-17,Flipkart,Mac,MacBook Air M1 256GB,New,603.33,595.69,590.8943945967255,4.7956054032745214,0.8050505134003461
2026-06-18,Flipkart,Mac,MacBook Air M1 256GB,New,594.76,594.56,588.435978166048,6.124021833951929,1.030009054418718
2026-06-25,Flipkart,Mac,MacBook Air M1 256GB,New,594.56,605.1600000000001,587.3012091196779,17.858790880322204,2.951085808764988
2026-07-05,Flipkart,Mac,MacBook Air M1 256GB,New,605.42,595.76,597.8669329033023,2.1069329033023223,0.35365464336348906
2026-02-04,Flipkart,Mac,MacBook Air M1 256GB,Renewed/Refurbished,465.83,449.92,439.93120480950927,9.988795190490748,2.220126953789729
2026-02-11,Flipkart,Mac,MacBook Air M1 256GB,Renewed/Refurbished,449.92,490.62,462.67585240978906,27.944147590210946,5.695680483920539
2026-03-24,Flipkart,Mac,MacBook Air M1 256GB,Renewed/Refurbished,477.49,485.56,467.72600080860684,17.83399919139316,3.6728723929881295
2026-03-31,Flipkart,Mac,MacBook Air M1 256GB,Renewed/Refurbished,485.56,481.18,472.52088131361893,8.659118686381078,1.7995591434351133
2026-05-11,Flipkart,Mac,MacBook Air M1 256GB,Renewed/Refurbished,492.46,482.07,461.51613168501024,20.553868314989757,4.263668827139162
2026-05-22,Flipkart,Mac,MacBook Air M1 256GB,Renewed/Refurbished,485.41,507.12,474.7981911544084,32.32180884559159,6.3736016811783385
2026-01-25,Flipkart,Mac,MacBook Air M2 256GB,New,895.12,914.89,897.0115503942253,17.878449605774676,1.9541638454649932
2026-01-27,Flipkart,Mac,MacBook Air M2 256GB,New,887.52,890.57,891.0576719628464,0.48767196284632064,0.05475953185558918
2026-01-31,Flipkart,Mac,MacBook Air M2 256GB,New,883.61,896.27,887.554610740168,8.715389259832023,0.9724066698463658
2026-02-03,Flipkart,Mac,MacBook Air M2 256GB,New,890.57,892.825,893.8000531791797,0.9750531791796675,0.10920988762407721
2026-02-06,Flipkart,Mac,MacBook Air M2 256GB,New,881.16,896.19,883.8965408305206,12.293459169479434,1.3717469698924818
2026-02-07,Flipkart,Mac,MacBook Air M2 256GB,New,896.27,890.8,899.7702438136245,8.970243813624506,1.0069874061096213
2026-02-09,Flipkart,Mac,MacBook Air M2 256GB,New,903.69,916.57,883.8683872718432,32.701612728156874,3.567824904607054
2026-02-10,Flipkart,Mac,MacBook Air M2 256GB,New,892.825,898.22,907.3838953986899,9.163895398689874,1.0202283848823088
2026-02-16,Flipkart,Mac,MacBook Air M2 256GB,New,916.57,909.84,903.0057085552838,6.8342914447162,0.7511531087571661
2026-02-17,Flipkart,Mac,MacBook Air M2 256GB,New,898.22,903.455,905.1970824968797,1.742082496879675,0.192824490083034
2026-02-23,Flipkart,Mac,MacBook Air M2 256GB,New,909.84,887.55,908.5600079994728,21.010007999472805,2.36719148211062
2026-02-24,Flipkart,Mac,MacBook Air M2 256GB,New,903.455,898.06,903.6675151763975,5.6075151763975555,0.6244031775602472
2026-02-25,Flipkart,Mac,MacBook Air M2 256GB,New,902.4849999999999,903.81,904.8054293457182,0.9954293457182075,0.11013701394299771
2026-03-02,Flipkart,Mac,MacBook Air M2 256GB,New,887.55,903.04,897.3058239505056,5.734176049494408,0.634985831136429
2026-03-23,Flipkart,Mac,MacBook Air M2 256GB,New,907.45,886.04,897.6114913519766,11.571491351976647,1.3059784379911343
2026-03-30,Flipkart,Mac,MacBook Air M2 256GB,New,886.04,889.465,882.1145390047427,7.350460995257322,0.8263912571329194
2026-04-01,Flipkart,Mac,MacBook Air M2 256GB,New,883.77,895.13,879.7937561252111,15.33624387478892,1.713297942733337
2026-04-03,Flipkart,Mac,MacBook Air M2 256GB,New,890.855,885.44,893.1523374851846,7.712337485184548,0.8710175150416232
2026-04-05,Flipkart,Mac,MacBook Air M2 256GB,New,897.63,883.33,894.3924863580605,11.062486358060482,1.2523616720886284
2026-04-06,Flipkart,Mac,MacBook Air M2 256GB,New,889.465,886.01,889.0083632683496,2.9983632683496353,0.3384118992279585
2026-04-12,Flipkart,Mac,MacBook Air M2 256GB,New,883.33,905.18,874.0143150801905,31.16568491980945,3.4430372875902533
2026-04-19,Flipkart,Mac,MacBook Air M2 256GB,New,905.18,902.67,889.2079296558845,13.462070344115432,1.4913612221648478
2026-04-24,Flipkart,Mac,MacBook Air M2 256GB,New,887.94,900.63,887.7485761452353,12.881423854764648,1.4302681295054183
2026-05-24,Flipkart,Mac,MacBook Air M2 256GB,New,911.635,907.75,899.2558604588522,8.494139541147774,0.935735559476483
2026-05-26,Flipkart,Mac,MacBook Air M2 256GB,New,883.41,911.65,891.3853506125772,20.264649387422764,2.222854098329706
2026-05-31,Flipkart,Mac,MacBook Air M2 256GB,New,907.75,900.58,880.5757048305734,20.004295169426655,2.2212679794606425
2026-06-02,Flipkart,Mac,MacBook Air M2 256GB,New,911.65,898.4,881.8491572911868,16.550842708813207,1.8422576479088608
2026-06-04,Flipkart,Mac,MacBook Air M2 256GB,New,916.78,894.39,889.2130941002059,5.176905899794065,0.5788197430420806
2026-06-07,Flipkart,Mac,MacBook Air M2 256GB,New,900.58,902.0699999999999,907.1525262371979,5.082526237197953,0.563429250191
2026-06-14,Flipkart,Mac,MacBook Air M2 256GB,New,902.0699999999999,903.15,906.3513412287269,3.2013412287269603,0.35446395711974316
2026-06-20,Flipkart,Mac,MacBook Air M2 256GB,New,910.29,911.52,903.2432238184276,8.276776181572359,0.9080191527966868
2026-06-21,Flipkart,Mac,MacBook Air M2 256GB,New,903.15,889.32,902.8923614488049,13.572361448804827,1.5261504800077392
2026-07-01,Flipkart,Mac,MacBook Air M2 256GB,New,900.94,914.95,901.5543704569847,13.395629543015389,1.4640832332931186
2026-07-11,Flipkart,Mac,MacBook Air M2 256GB,New,912.52,794.5,915.7983052540856,121.29830525408556,15.267250503975527
2026-07-18,Flipkart,Mac,MacBook Air M2 256GB,New,794.5,803.0,834.3967536397483,31.39675363974834,3.9099319601180995
2026-07-19,Flipkart,Mac,MacBook Air M2 256GB,New,799.51,797.12,833.6021916254838,36.48219162548378,4.576750254100234
2026-07-21,Flipkart,Mac,MacBook Air M2 256GB,New,798.99,787.26,836.9535285021357,49.69352850213568,6.312213055678642
2026-01-31,Flipkart,Mac,MacBook Air M2 256GB,Renewed/Refurbished,716.22,716.32,694.83930008618,21.480699913820104,2.9987575264993445
2026-02-11,Flipkart,Mac,MacBook Air M2 256GB,Renewed/Refurbished,716.81,647.19,708.3351653014449,61.14516530144488,9.447792039655258
2026-03-17,Flipkart,Mac,MacBook Air M2 256GB,Renewed/Refurbished,652.65,675.185,658.4457062439576,16.739293756042343,2.4792158824681154
2026-03-28,Flipkart,Mac,MacBook Air M2 256GB,Renewed/Refurbished,739.9,729.09,715.6954199287552,13.394580071244832,1.83716414588663
2026-06-13,Flipkart,Mac,MacBook Air M2 256GB,Renewed/Refurbished,681.17,675.45,659.226858654287,16.22314134571309,2.4018271294267657
2026-06-16,Flipkart,Mac,MacBook Air M2 256GB,Renewed/Refurbished,671.83,622.98,661.5680069423456,38.5880069423456,6.1941004434083915
2026-07-16,Flipkart,Mac,MacBook Air M2 256GB,Renewed/Refurbished,650.19,558.96,659.1579017801452,100.19790178014512,17.92577318236459
2026-07-23,Flipkart,Mac,MacBook Air M2 256GB,Renewed/Refurbished,558.96,620.8,619.0263202509137,1.7736797490862273,0.28570872246878665
2026-01-27,Flipkart,Mac,MacBook Air M3 256GB,New,995.94,1011.08,1006.4381070969625,4.641892903037501,0.45910243532040007
2026-01-28,Flipkart,Mac,MacBook Air M3 256GB,New,1001.1600000000001,1007.9,1007.9135998584885,0.013599858488532846,0.0013493261720937439
2026-02-04,Flipkart,Mac,MacBook Air M3 256GB,New,1007.9,994.6,1011.935453569138,17.33545356913794,1.7429573264767684
2026-02-07,Flipkart,Mac,MacBook Air M3 256GB,New,980.265,982.36,1008.0435203257712,25.683520325771156,2.6144713064224065
2026-02-11,Flipkart,Mac,MacBook Air M3 256GB,New,994.6,984.88,1009.7863595483907,24.906359548390697,2.5288725071471343
2026-02-13,Flipkart,Mac,MacBook Air M3 256GB,New,994.55,985.9,999.5100060292049,13.610006029204897,1.3804651617004662
2026-02-14,Flipkart,Mac,MacBook Air M3 256GB,New,982.36,988.5799999999999,998.1148469234308,9.534846923430905,0.9644992740527732
2026-02-15,Flipkart,Mac,MacBook Air M3 256GB,New,1011.68,985.64,997.6004789157869,11.960478915786894,1.2134733691598243
2026-02-17,Flipkart,Mac,MacBook Air M3 256GB,New,996.17,992.565,1027.0533677520841,34.48836775208406,3.4746709537495333
2026-02-18,Flipkart,Mac,MacBook Air M3 256GB,New,984.88,992.66,1008.682423687953,16.02242368795305,1.6140897878380362
2026-02-19,Flipkart,Mac,MacBook Air M3 256GB,New,995.785,1009.19,1010.6514191496269,1.4614191496268631,0.14481110094500174
2026-02-22,Flipkart,Mac,MacBook Air M3 256GB,New,985.64,995.94,996.0010230854422,0.0610230854421161,0.0061271849149663726
2026-02-24,Flipkart,Mac,MacBook Air M3 256GB,New,992.565,1009.45,993.9022167253197,15.547783274680341,1.5402232180573916
2026-02-25,Flipkart,Mac,MacBook Air M3 256GB,New,992.66,1017.76,996.9010491484333,20.858950851566647,2.0494960355650296
2026-02-26,Flipkart,Mac,MacBook Air M3 256GB,New,1009.19,991.835,983.356680152767,8.478319847233024,0.8548115207905573
2026-03-01,Flipkart,Mac,MacBook Air M3 256GB,New,995.94,998.825,993.9670531446276,4.857946855372461,0.48636616578203995
2026-03-03,Flipkart,Mac,MacBook Air M3 256GB,New,1009.45,882.34,981.795025988611,99.45502598861094,11.271734930821559
2026-03-08,Flipkart,Mac,MacBook Air M3 256GB,New,998.825,897.475,963.9515543003897,66.4765543003897,7.407064742793916
2026-03-13,Flipkart,Mac,MacBook Air M3 256GB,New,887.62,901.18,872.4784841469262,28.701515853073715,3.184881583376652
2026-03-15,Flipkart,Mac,MacBook Air M3 256GB,New,897.475,885.87,890.1861510567423,4.316151056742342,0.48722172065227876
2026-03-19,Flipkart,Mac,MacBook Air M3 256GB,New,913.62,907.48,915.1329360053778,7.652936005377796,0.843317318880614
2026-03-21,Flipkart,Mac,MacBook Air M3 256GB,New,893.54,885.47,885.1109611691246,0.35903883087542,0.04054782554749681
2026-03-23,Flipkart,Mac,MacBook Air M3 256GB,New,902.2750000000001,893.44,896.2175845888461,2.7775845888460253,0.31088652722578186
2026-03-30,Flipkart,Mac,MacBook Air M3 256GB,New,893.44,895.52,894.4499584289991,1.0700415710008429,0.1194882940638783
2026-04-09,Flipkart,Mac,MacBook Air M3 256GB,New,910.69,910.26,908.646732335805,1.6132676641949502,0.17723152332245184
2026-04-14,Flipkart,Mac,MacBook Air M3 256GB,New,895.21,911.79,899.7117148386543,12.078285161345661,1.3246783975855911
2026-04-16,Flipkart,Mac,MacBook Air M3 256GB,New,910.26,899.62,909.2965359909198,9.676535990919774,1.0756248183588375
2026-04-20,Flipkart,Mac,MacBook Air M3 256GB,New,906.88,903.2,911.5605017927629,8.360501792762875,0.9256534314396452
2026-04-21,Flipkart,Mac,MacBook Air M3 256GB,New,911.79,908.19,927.2147783003576,19.024778300357525,2.094801561386662
2026-04-23,Flipkart,Mac,MacBook Air M3 256GB,New,899.62,885.36,917.3842450173034,32.02424501730343,3.617087401430314
2026-04-28,Flipkart,Mac,MacBook Air M3 256GB,New,908.19,890.5,919.3841152508912,28.884115250891227,3.243583969780037
2026-05-01,Flipkart,Mac,MacBook Air M3 256GB,New,891.93,904.865,904.4285262894257,0.43647371057431883,0.04823633476533171
2026-05-02,Flipkart,Mac,MacBook Air M3 256GB,New,916.25,912.31,928.774571746718,16.464571746718093,1.8047124055110757
2026-05-03,Flipkart,Mac,MacBook Air M3 256GB,New,903.61,904.08,907.0586672613504,2.9786672613503242,0.3294694342702332
2026-05-05,Flipkart,Mac,MacBook Air M3 256GB,New,890.5,908.825,893.5132122079498,15.311787792050268,1.6847894580420069
2026-05-09,Flipkart,Mac,MacBook Air M3 256GB,New,912.31,905.43,903.0641098789423,2.365890121057646,0.26130016909729586
2026-05-12,Flipkart,Mac,MacBook Air M3 256GB,New,908.825,891.62,918.342567027933,26.722567027932996,2.997080261538884
2026-05-14,Flipkart,Mac,MacBook Air M3 256GB,New,883.7,901.875,900.641559030126,1.2334409698739819,0.1367640715036986
2026-05-18,Flipkart,Mac,MacBook Air M3 256GB,New,895.31,893.1949999999999,890.6732626504019,2.5217373495980837,0.28232775033425894
2026-05-25,Flipkart,Mac,MacBook Air M3 256GB,New,893.1949999999999,906.78,893.3001406205761,13.479859379423829,1.4865633758380015
2026-06-01,Flipkart,Mac,MacBook Air M3 256GB,New,906.78,899.0899999999999,899.4862986255471,0.39629862554716055,0.04407774811722526
2026-06-03,Flipkart,Mac,MacBook Air M3 256GB,New,909.37,883.13,907.848546769422,24.718546769422005,2.798970340654491
2026-06-07,Flipkart,Mac,MacBook Air M3 256GB,New,904.5250000000001,906.87,901.1281254865647,5.7418745134352775,0.6331529892305708
2026-06-08,Flipkart,Mac,MacBook Air M3 256GB,New,899.0899999999999,905.845,901.4189863797084,4.426013620291656,0.4886060661914185
2026-06-11,Flipkart,Mac,MacBook Air M3 256GB,New,887.465,911.66,887.1031039623118,24.556896037688148,2.6936463196463754
2026-06-12,Flipkart,Mac,MacBook Air M3 256GB,New,904.06,898.79,897.9476575667122,0.8423424332877403,0.09371960450024369
2026-06-13,Flipkart,Mac,MacBook Air M3 256GB,New,894.3,883.61,892.545643638937,8.935643638936995,1.0112655627411407
2026-06-15,Flipkart,Mac,MacBook Air M3 256GB,New,905.845,905.4649999999999,903.0832254262153,2.3817745737845826,0.2630443555283289
2026-06-16,Flipkart,Mac,MacBook Air M3 256GB,New,887.42,884.935,887.2921203529443,2.357120352944321,0.266360846044548
2026-06-18,Flipkart,Mac,MacBook Air M3 256GB,New,911.66,897.46,909.8590580751502,12.399058075150151,1.3815722232913057
2026-06-19,Flipkart,Mac,MacBook Air M3 256GB,New,898.79,916.52,900.5127649398949,16.00723506010513,1.7465232684616954
2026-06-20,Flipkart,Mac,MacBook Air M3 256GB,New,883.61,892.76,893.9429471092392,1.182947109239194,0.13250449272359807
2026-06-22,Flipkart,Mac,MacBook Air M3 256GB,New,905.4649999999999,890.7,899.9526042521325,9.252604252132414,1.0388014204706875
2026-06-23,Flipkart,Mac,MacBook Air M3 256GB,New,884.935,904.99,893.1772728685598,11.81272713144017,1.305288139254596
2026-06-24,Flipkart,Mac,MacBook Air M3 256GB,New,891.47,895.09,891.7342730275465,3.355726972453567,0.3749038613383645
2026-06-25,Flipkart,Mac,MacBook Air M3 256GB,New,897.46,915.56,887.9800442397787,27.579955760221196,3.012359185659181
2026-06-27,Flipkart,Mac,MacBook Air M3 256GB,New,892.76,887.91,895.4288267207702,7.518826720770221,0.8468005451870372
2026-06-28,Flipkart,Mac,MacBook Air M3 256GB,New,907.5550000000001,898.0550000000001,905.0032075463756,6.948207546375556,0.7736951017894846
2026-06-30,Flipkart,Mac,MacBook Air M3 256GB,New,904.99,892.01,899.9954053467593,7.985405346759308,0.8952147786189961
2026-07-01,Flipkart,Mac,MacBook Air M3 256GB,New,895.09,887.84,896.9436557137927,9.103655713792705,1.0253712058245523
2026-07-02,Flipkart,Mac,MacBook Air M3 256GB,New,915.56,895.16,910.9010948895871,15.741094889587089,1.758467189059731
2026-07-04,Flipkart,Mac,MacBook Air M3 256GB,New,887.91,907.01,908.128712246855,1.1187122468550115,0.12334067395673824
2026-07-09,Flipkart,Mac,MacBook Air M3 256GB,New,895.16,894.18,894.4542216306387,0.27422163063874905,0.030667385832690183
2026-07-11,Flipkart,Mac,MacBook Air M3 256GB,New,907.01,901.86,907.3156358013244,5.4556358013244335,0.6049315638041862
2026-07-13,Flipkart,Mac,MacBook Air M3 256GB,New,899.58,903.245,907.5984399705688,4.353439970568843,0.4819777547142628
2026-07-16,Flipkart,Mac,MacBook Air M3 256GB,New,894.18,898.9000000000001,899.4214845410495,0.5214845410494036,0.05801363233389737
2026-07-17,Flipkart,Mac,MacBook Air M3 256GB,New,899.43,899.2,901.1816591767199,1.9816591767198588,0.22038024652133661
2026-07-18,Flipkart,Mac,MacBook Air M3 256GB,New,901.86,904.41,903.1298042039278,1.280195796072121,0.14155038047700946
2026-07-19,Flipkart,Mac,MacBook Air M3 256GB,New,887.52,883.96,888.3121394824548,4.3521394824547315,0.49234574895410776
2026-07-20,Flipkart,Mac,MacBook Air M3 256GB,New,903.245,906.53,897.1767077724254,9.35329222757457,1.031768637284433
2026-07-23,Flipkart,Mac,MacBook Air M3 256GB,New,898.9000000000001,901.3,904.7580968871372,3.4580968871372306,0.38367878477057926
2026-07-24,Flipkart,Mac,MacBook Air M3 256GB,New,899.2,883.83,897.5173163487057,13.687316348705622,1.548636768236609
2026-02-12,Flipkart,Mac,MacBook Air M3 256GB,Renewed/Refurbished,810.03,807.535,776.711459314801,30.823540685198964,3.8169912988537913
2026-03-06,Flipkart,Mac,MacBook Air M3 256GB,Renewed/Refurbished,758.81,768.55,742.2181983189134,26.331801681086517,3.426166375783816
2026-03-08,Flipkart,Mac,MacBook Air M3 256GB,Renewed/Refurbished,758.61,680.56,739.2203842485487,58.66038424854878,8.619428742292932
2026-03-09,Flipkart,Mac,MacBook Air M3 256GB,Renewed/Refurbished,771.83,719.15,716.8474293058814,2.3025706941185717,0.3201794749521757
2026-03-14,Flipkart,Mac,MacBook Air M3 256GB,Renewed/Refurbished,732.85,674.29,718.6650585245462,44.37505852454626,6.581004986659488
2026-03-21,Flipkart,Mac,MacBook Air M3 256GB,Renewed/Refurbished,674.29,700.36,684.853843906128,15.50615609387205,2.2140265140602047
2026-04-27,Flipkart,Mac,MacBook Air M3 256GB,Renewed/Refurbished,728.34,741.06,711.3622463421092,29.697753657890757,4.007469524450215
2026-05-02,Flipkart,Mac,MacBook Air M3 256GB,Renewed/Refurbished,708.5,732.46,711.0624694923279,21.397530507672172,2.921324100656988
2026-05-04,Flipkart,Mac,MacBook Air M3 256GB,Renewed/Refurbished,741.06,668.38,724.4282233897679,56.04822338976794,8.385682304941492
2026-05-09,Flipkart,Mac,MacBook Air M3 256GB,Renewed/Refurbished,732.46,703.83,712.985276378631,9.155276378631015,1.300779503378801
2026-05-20,Flipkart,Mac,MacBook Air M3 256GB,Renewed/Refurbished,660.31,744.53,682.1275581419875,62.40244185801248,8.381454321251324
2026-05-27,Flipkart,Mac,MacBook Air M3 256GB,Renewed/Refurbished,744.53,699.34,732.499019962825,33.159019962824914,4.7414733838797885
2026-06-30,Flipkart,Mac,MacBook Air M3 256GB,Renewed/Refurbished,662.44,755.74,685.1385906815169,70.60140931848309,9.342023621679822
2026-07-05,Flipkart,Mac,MacBook Air M3 256GB,Renewed/Refurbished,630.85,732.46,670.9093440716819,61.55065592831818,8.403278804073693
2026-07-12,Flipkart,Mac,MacBook Air M3 256GB,Renewed/Refurbished,732.46,694.84,719.6689024234314,24.828902423431373,3.5733265821529234
2026-01-26,Flipkart,Mac,MacBook Pro 14-inch M1 Pro 512GB,New,1588.04,1608.14,1578.017714111785,30.122285888215174,1.873113403572772
2026-02-16,Flipkart,Mac,MacBook Pro 14-inch M1 Pro 512GB,New,1570.82,1628.99,1546.7226505565136,82.26734944348641,5.05020592167456
2026-03-01,Flipkart,Mac,MacBook Pro 14-inch M1 Pro 512GB,New,1581.49,1622.41,1559.7338373005598,62.67616269944028,3.8631518974513397
2026-03-06,Flipkart,Mac,MacBook Pro 14-inch M1 Pro 512GB,New,1593.87,1615.58,1546.2293292911236,69.35067070887635,4.292617555854637
2026-03-08,Flipkart,Mac,MacBook Pro 14-inch M1 Pro 512GB,New,1622.41,1589.31,1561.3557245373281,27.95427546267183,1.7588938257905524
2026-03-09,Flipkart,Mac,MacBook Pro 14-inch M1 Pro 512GB,New,1617.29,1597.17,1578.9996327713034,18.170367228696705,1.1376601882515138
2026-03-11,Flipkart,Mac,MacBook Pro 14-inch M1 Pro 512GB,New,1617.77,1609.4850000000001,1579.1740638815706,30.31093611842948,1.8832692518681118
2026-03-13,Flipkart,Mac,MacBook Pro 14-inch M1 Pro 512GB,New,1615.58,1578.25,1572.0294506224445,6.220549377555471,0.3941422067198145
2026-03-18,Flipkart,Mac,MacBook Pro 14-inch M1 Pro 512GB,New,1609.4850000000001,1607.5900000000001,1562.0621231448135,45.527876855186605,2.832057729594399
2026-04-12,Flipkart,Mac,MacBook Pro 14-inch M1 Pro 512GB,New,1582.22,1614.585,1545.0756815733762,69.50931842662385,4.305088826331463
2026-04-13,Flipkart,Mac,MacBook Pro 14-inch M1 Pro 512GB,New,1583.02,1592.6399999999999,1543.6343387029178,49.00566129708204,3.0770080681812617
2026-05-06,Flipkart,Mac,MacBook Pro 14-inch M1 Pro 512GB,New,1567.36,1583.795,1549.3933362378002,34.40166376219986,2.1721033190659056
2026-05-07,Flipkart,Mac,MacBook Pro 14-inch M1 Pro 512GB,New,1570.89,1579.1,1559.763840418299,19.33615958170094,1.2245050713508292
2026-05-08,Flipkart,Mac,MacBook Pro 14-inch M1 Pro 512GB,New,1577.26,1571.94,1552.2226140493894,19.717385950610606,1.2543345134426636
2026-05-09,Flipkart,Mac,MacBook Pro 14-inch M1 Pro 512GB,New,1575.02,1579.66,1543.831491195584,35.82850880441606,2.268115214946005
2026-05-24,Flipkart,Mac,MacBook Pro 14-inch M1 Pro 512GB,New,1590.6799999999998,1576.55,1547.9172273503254,28.632772649674507,1.8161664805857416
2026-06-03,Flipkart,Mac,MacBook Pro 14-inch M1 Pro 512GB,New,1575.49,1620.88,1562.3542006030816,58.5257993969185,3.6107422756106864
2026-06-19,Flipkart,Mac,MacBook Pro 14-inch M1 Pro 512GB,New,1619.87,1617.28,1553.377752486626,63.90224751337405,3.9512173225028473
2026-07-04,Flipkart,Mac,MacBook Pro 14-inch M1 Pro 512GB,New,1598.73,1613.7,1553.7413502551317,59.95864974486835,3.7156007773978033
2026-07-05,Flipkart,Mac,MacBook Pro 14-inch M1 Pro 512GB,New,1597.64,1587.6599999999999,1552.2313887056262,35.428611294373695,2.231498639152822
2026-07-12,Flipkart,Mac,MacBook Pro 14-inch M1 Pro 512GB,New,1587.6599999999999,1569.96,1544.4537059502682,25.506294049731878,1.6246461088009807
2026-07-23,Flipkart,Mac,MacBook Pro 14-inch M1 Pro 512GB,New,1576.58,1578.65,1548.9299750633477,29.720024936652408,1.8826228066165653
2026-03-19,Flipkart,Mac,MacBook Pro 14-inch M1 Pro 512GB,Renewed/Refurbished,1209.15,1316.4,1291.31288073263,25.0871192673701,1.9057368024437935
2026-01-31,Flipkart,Mac,MacBook Pro 14-inch M2 Pro 512GB,New,1721.81,1698.5,1719.5426051482743,21.042605148274333,1.2388934441138848
2026-02-05,Flipkart,Mac,MacBook Pro 14-inch M2 Pro 512GB,New,1706.57,1720.26,1687.3294142644042,32.93058573559574,1.9142795702740134
2026-02-06,Flipkart,Mac,MacBook Pro 14-inch M2 Pro 512GB,New,1697.65,1673.13,1684.1928790953075,11.06287909530738,0.6612085788496638
2026-02-08,Flipkart,Mac,MacBook Pro 14-inch M2 Pro 512GB,New,1718.88,1706.01,1704.5344000091156,1.4755999908843478,0.08649421696733008
2026-02-09,Flipkart,Mac,MacBook Pro 14-inch M2 Pro 512GB,New,1690.52,1697.88,1688.4197562416207,9.46024375837942,0.5571797629031155
2026-02-12,Flipkart,Mac,MacBook Pro 14-inch M2 Pro 512GB,New,1720.26,1693.29,1686.6666111786792,6.623388821320759,0.3911550190056493
2026-02-16,Flipkart,Mac,MacBook Pro 14-inch M2 Pro 512GB,New,1697.88,1715.12,1706.5506189210896,8.569381078910283,0.49963740606548135
2026-02-19,Flipkart,Mac,MacBook Pro 14-inch M2 Pro 512GB,New,1693.29,1695.37,1689.2681124036817,6.101887596318193,0.35991480304111745
2026-02-23,Flipkart,Mac,MacBook Pro 14-inch M2 Pro 512GB,New,1715.12,1711.52,1693.818325702111,17.701674297888985,1.0342662836478091
2026-02-25,Flipkart,Mac,MacBook Pro 14-inch M2 Pro 512GB,New,1713.075,1697.89,1698.52328643161,0.6332864316098039,0.037298436978237925
2026-03-04,Flipkart,Mac,MacBook Pro 14-inch M2 Pro 512GB,New,1697.89,1694.8,1686.3917368445805,8.40826315541949,0.4961212624155942
2026-03-08,Flipkart,Mac,MacBook Pro 14-inch M2 Pro 512GB,New,1684.7,1690.55,1705.1041916641243,14.554191664124346,0.8609145937194609
2026-03-28,Flipkart,Mac,MacBook Pro 14-inch M2 Pro 512GB,New,1692.53,1708.62,1686.452536169185,22.167463830814995,1.297389930517903
2026-03-29,Flipkart,Mac,MacBook Pro 14-inch M2 Pro 512GB,New,1717.4,1671.98,1687.262323611027,15.282323611027095,0.9140255033569239
2026-03-31,Flipkart,Mac,MacBook Pro 14-inch M2 Pro 512GB,New,1727.56,1697.85,1694.3283507560222,3.521649243977663,0.2074181608491718
2026-04-03,Flipkart,Mac,MacBook Pro 14-inch M2 Pro 512GB,New,1678.59,1669.57,1664.970301273925,4.599698726074848,0.2755019990820899
2026-04-04,Flipkart,Mac,MacBook Pro 14-inch M2 Pro 512GB,New,1708.62,1673.23,1673.993110053042,0.7631100530420554,0.04560700280547536
2026-04-05,Flipkart,Mac,MacBook Pro 14-inch M2 Pro 512GB,New,1671.98,1705.6999999999998,1650.7698571076958,54.93014289230405,3.2203871074810375
2026-04-09,Flipkart,Mac,MacBook Pro 14-inch M2 Pro 512GB,New,1683.19,1713.05,1686.687085407227,26.362914592772995,1.5389460081593063
2026-04-10,Flipkart,Mac,MacBook Pro 14-inch M2 Pro 512GB,New,1669.57,1711.205,1655.6387880486666,55.566211951333344,3.247197848962184
2026-04-11,Flipkart,Mac,MacBook Pro 14-inch M2 Pro 512GB,New,1673.23,1697.755,1663.411349002016,34.343650997984014,2.022886164257152
2026-04-12,Flipkart,Mac,MacBook Pro 14-inch M2 Pro 512GB,New,1705.6999999999998,1727.25,1688.8455516515276,38.40444834847244,2.223444686552175
2026-04-15,Flipkart,Mac,MacBook Pro 14-inch M2 Pro 512GB,New,1732.46,1700.92,1714.2407452338748,13.320745233874732,0.7831494270086031
2026-04-17,Flipkart,Mac,MacBook Pro 14-inch M2 Pro 512GB,New,1711.205,1698.565,1690.4457902716686,8.119209728331498,0.4780040639205151
2026-04-19,Flipkart,Mac,MacBook Pro 14-inch M2 Pro 512GB,New,1727.25,1691.77,1692.015705539333,0.24570553933313022,0.014523578224766381
2026-04-26,Flipkart,Mac,MacBook Pro 14-inch M2 Pro 512GB,New,1691.77,1695.68,1692.1647526779338,3.515247322066216,0.20730605550966077
2026-05-07,Flipkart,Mac,MacBook Pro 14-inch M2 Pro 512GB,New,1678.83,1711.99,1702.730472608367,9.2595273916329,0.540863404087226
2026-05-12,Flipkart,Mac,MacBook Pro 14-inch M2 Pro 512GB,New,1677.95,1694.62,1696.3537713615174,1.7337713615174835,0.10231033278950347
2026-05-14,Flipkart,Mac,MacBook Pro 14-inch M2 Pro 512GB,New,1711.99,1679.6,1689.7300863447126,10.130086344712709,0.6031249312165223
2026-05-15,Flipkart,Mac,MacBook Pro 14-inch M2 Pro 512GB,New,1667.99,1704.79,1673.923579264811,30.866420735188967,1.8105702599844538
2026-05-18,Flipkart,Mac,MacBook Pro 14-inch M2 Pro 512GB,New,1691.73,1681.255,1684.4053240064832,3.1503240064830607,0.1873793092947269
2026-05-19,Flipkart,Mac,MacBook Pro 14-inch M2 Pro 512GB,New,1694.62,1723.065,1689.0740649766803,33.99093502331971,1.9727018437098836
2026-05-21,Flipkart,Mac,MacBook Pro 14-inch M2 Pro 512GB,New,1679.6,1707.51,1678.8738870973834,28.63611290261656,1.6770685326947754
2026-05-27,Flipkart,Mac,MacBook Pro 14-inch M2 Pro 512GB,New,1720.69,1685.82,1693.8206370004032,8.00063700040323,0.4745842972798538
2026-05-28,Flipkart,Mac,MacBook Pro 14-inch M2 Pro 512GB,New,1707.51,1709.67,1672.0261188082795,37.64388119172054,2.201821473835333
2026-06-03,Flipkart,Mac,MacBook Pro 14-inch M2 Pro 512GB,New,1685.82,1692.455,1674.4031292730956,18.051870726904326,1.0666086086131878
2026-06-09,Flipkart,Mac,MacBook Pro 14-inch M2 Pro 512GB,New,1727.33,1696.35,1722.7592606679782,26.409260667978288,1.5568285240650979
2026-06-13,Flipkart,Mac,MacBook Pro 14-inch M2 Pro 512GB,New,1706.69,1701.59,1692.8269697110695,8.763030288930395,0.5149907021627064
2026-06-16,Flipkart,Mac,MacBook Pro 14-inch M2 Pro 512GB,New,1696.35,1694.15,1695.4746541633922,1.324654163392097,0.07818989837925196
2026-06-20,Flipkart,Mac,MacBook Pro 14-inch M2 Pro 512GB,New,1701.59,1686.55,1730.8584774782385,44.3084774782385,2.6271665517321456
2026-06-23,Flipkart,Mac,MacBook Pro 14-inch M2 Pro 512GB,New,1694.15,1732.97,1712.1114543892436,20.858545610756437,1.2036299307406613
2026-06-27,Flipkart,Mac,MacBook Pro 14-inch M2 Pro 512GB,New,1686.55,1724.47,1705.9215883110796,18.548411688920396,1.0756007172592388
2026-07-06,Flipkart,Mac,MacBook Pro 14-inch M2 Pro 512GB,New,1724.17,1713.33,1691.7422202522707,21.5877797477292,1.2599895961507241
2026-07-12,Flipkart,Mac,MacBook Pro 14-inch M2 Pro 512GB,New,1678.94,1695.57,1653.3436477298633,42.22635227013666,2.4903927452205843
2026-07-13,Flipkart,Mac,MacBook Pro 14-inch M2 Pro 512GB,New,1713.33,1696.02,1663.4346428741746,32.58535712582534,1.921283777657418
2026-07-17,Flipkart,Mac,MacBook Pro 14-inch M2 Pro 512GB,New,1730.14,1673.81,1717.1988299826642,43.38882998266422,2.5922195459857584
2026-07-19,Flipkart,Mac,MacBook Pro 14-inch M2 Pro 512GB,New,1695.57,1716.71,1667.527356190008,49.18264380999199,2.8649360585067942
2026-07-20,Flipkart,Mac,MacBook Pro 14-inch M2 Pro 512GB,New,1696.02,1687.48,1673.9064557776176,13.573544222382452,0.8043677093881084
2026-07-24,Flipkart,Mac,MacBook Pro 14-inch M2 Pro 512GB,New,1673.81,1720.53,1684.7733040256592,35.7566959743408,2.078237285856149
2026-02-14,Flipkart,Mac,MacBook Pro 14-inch M2 Pro 512GB,Renewed/Refurbished,1207.63,1357.955,1282.376379750132,75.57862024986798,5.565620381372578
2026-02-15,Flipkart,Mac,MacBook Pro 14-inch M2 Pro 512GB,Renewed/Refurbished,1402.46,1237.1100000000001,1367.99793329968,130.88793329967984,10.580137037100972
2026-02-21,Flipkart,Mac,MacBook Pro 14-inch M2 Pro 512GB,Renewed/Refurbished,1357.955,1341.56,1379.0788972492862,37.51889724928628,2.796661889836182
2026-02-28,Flipkart,Mac,MacBook Pro 14-inch M2 Pro 512GB,Renewed/Refurbished,1341.56,1313.79,1343.1023480618649,29.312348061864895,2.2311288761419172
2026-03-08,Flipkart,Mac,MacBook Pro 14-inch M2 Pro 512GB,Renewed/Refurbished,1285.07,1361.63,1348.5064713436825,13.123528656317603,0.9638101875191941
2026-03-29,Flipkart,Mac,MacBook Pro 14-inch M2 Pro 512GB,Renewed/Refurbished,1325.28,1275.05,1369.0970759582992,94.04707595829927,7.375951998611763
2026-05-19,Flipkart,Mac,MacBook Pro 14-inch M2 Pro 512GB,Renewed/Refurbished,1271.81,1317.89,1327.511238479208,9.621238479207932,0.730048674715487
2026-01-25,Flipkart,Mac,MacBook Pro 14-inch M3 Pro 512GB,New,1830.03,1808.01,1801.5438328838886,6.4661671161113645,0.35764000841319266
2026-01-27,Flipkart,Mac,MacBook Pro 14-inch M3 Pro 512GB,New,1776.435,1778.79,1794.1686617345895,15.378661734589514,0.8645574651639324
2026-01-28,Flipkart,Mac,MacBook Pro 14-inch M3 Pro 512GB,New,1801.2150000000001,1804.9,1816.5124346163998,11.612434616399696,0.643383822727004
2026-01-29,Flipkart,Mac,MacBook Pro 14-inch M3 Pro 512GB,New,1789.83,1819.65,1801.1918836629256,18.458116337074443,1.0143772888783251
2026-02-03,Flipkart,Mac,MacBook Pro 14-inch M3 Pro 512GB,New,1778.79,1764.21,1808.718593632881,44.508593632881,2.5228625635769553
2026-02-04,Flipkart,Mac,MacBook Pro 14-inch M3 Pro 512GB,New,1804.9,1804.52,1814.5779504075244,10.057950407524459,0.5573753911025902
2026-02-05,Flipkart,Mac,MacBook Pro 14-inch M3 Pro 512GB,New,1819.65,1812.8000000000002,1775.2914873346162,37.50851266538393,2.0690927110207378
2026-02-10,Flipkart,Mac,MacBook Pro 14-inch M3 Pro 512GB,New,1764.21,1801.725,1812.3467980375128,10.621798037512917,0.5895349200079323
2026-02-11,Flipkart,Mac,MacBook Pro 14-inch M3 Pro 512GB,New,1804.52,1815.11,1782.1273483439463,32.98265165605358,1.8171158583255878
2026-02-14,Flipkart,Mac,MacBook Pro 14-inch M3 Pro 512GB,New,1763.13,1778.69,1799.0042988269267,20.314298826926688,1.1420932724042236
2026-02-17,Flipkart,Mac,MacBook Pro 14-inch M3 Pro 512GB,New,1801.725,1803.0349999999999,1812.3996439963466,9.364643996346786,0.5193822635914881
2026-02-20,Flipkart,Mac,MacBook Pro 14-inch M3 Pro 512GB,New,1798.795,1800.25,1815.9715836061512,15.721583606151171,0.8733000197834285
2026-02-21,Flipkart,Mac,MacBook Pro 14-inch M3 Pro 512GB,New,1778.69,1779.89,1808.7870516310097,28.897051631009617,1.6235301974284713
2026-02-26,Flipkart,Mac,MacBook Pro 14-inch M3 Pro 512GB,New,1833.1,1783.23,1810.493696826862,27.263696826862088,1.528894019664434
2026-02-28,Flipkart,Mac,MacBook Pro 14-inch M3 Pro 512GB,New,1779.89,1814.5,1819.5814992298958,5.081499229895826,0.2800495579992188
2026-03-04,Flipkart,Mac,MacBook Pro 14-inch M3 Pro 512GB,New,1781.41,1809.61,1812.378609834504,2.7686098345041046,0.15299483504755748
2026-03-05,Flipkart,Mac,MacBook Pro 14-inch M3 Pro 512GB,New,1783.23,1817.605,1806.1760433403301,11.428956659669893,0.6287921005757517
2026-03-10,Flipkart,Mac,MacBook Pro 14-inch M3 Pro 512GB,New,1804.98,1789.43,1800.3184642107553,10.888464210755274,0.6084878542751196
2026-03-11,Flipkart,Mac,MacBook Pro 14-inch M3 Pro 512GB,New,1809.61,1785.455,1814.8884060944683,29.43340609446841,1.6485101049574706
2026-03-12,Flipkart,Mac,MacBook Pro 14-inch M3 Pro 512GB,New,1817.605,1791.04,1808.326282258101,17.286282258100982,0.96515333315286
2026-03-13,Flipkart,Mac,MacBook Pro 14-inch M3 Pro 512GB,New,1823.05,1817.275,1818.0327539786676,0.7577539786675516,0.04169726533780256
2026-03-16,Flipkart,Mac,MacBook Pro 14-inch M3 Pro 512GB,New,1794.79,1789.445,1810.645174812779,21.200174812779096,1.1847346419017684
2026-03-18,Flipkart,Mac,MacBook Pro 14-inch M3 Pro 512GB,New,1785.455,1806.44,1811.9223092670863,5.482309267086293,0.30348692827253015
2026-03-19,Flipkart,Mac,MacBook Pro 14-inch M3 Pro 512GB,New,1791.04,1821.54,1782.2879457051731,39.25205429482685,2.154882917466915
2026-03-20,Flipkart,Mac,MacBook Pro 14-inch M3 Pro 512GB,New,1817.275,1811.44,1815.0345796711242,3.5945796711241655,0.1984376888621299
2026-03-22,Flipkart,Mac,MacBook Pro 14-inch M3 Pro 512GB,New,1799.805,1824.39,1797.764310175031,26.625689824969186,1.4594297176025512
2026-03-29,Flipkart,Mac,MacBook Pro 14-inch M3 Pro 512GB,New,1824.39,1784.29,1802.7131410596935,18.423141059693535,1.032519436845666
2026-04-07,Flipkart,Mac,MacBook Pro 14-inch M3 Pro 512GB,New,1771.05,1778.6,1789.5325692682711,10.932569268271209,0.6146727352002254
2026-04-13,Flipkart,Mac,MacBook Pro 14-inch M3 Pro 512GB,New,1768.98,1825.24,1800.3503658678962,24.889634132103765,1.3636362413766827
2026-04-19,Flipkart,Mac,MacBook Pro 14-inch M3 Pro 512GB,New,1799.895,1803.8,1808.5088107537908,4.708810753790885,0.2610494929477151
2026-04-20,Flipkart,Mac,MacBook Pro 14-inch M3 Pro 512GB,New,1825.24,1783.72,1790.9768114269812,7.25681142698113,0.406835794125823
2026-04-22,Flipkart,Mac,MacBook Pro 14-inch M3 Pro 512GB,New,1778.1599999999999,1809.025,1805.913823209143,3.1111767908571437,0.17198086211396435
2026-04-23,Flipkart,Mac,MacBook Pro 14-inch M3 Pro 512GB,New,1832.32,1800.4499999999998,1794.241967769029,6.20803223097073,0.34480447837877926
2026-04-26,Flipkart,Mac,MacBook Pro 14-inch M3 Pro 512GB,New,1803.8,1808.79,1813.6432130144187,4.85321301441877,0.2683126849672306
2026-04-27,Flipkart,Mac,MacBook Pro 14-inch M3 Pro 512GB,New,1783.72,1776.79,1805.9443036548873,29.15430365488737,1.6408412730197361
2026-04-28,Flipkart,Mac,MacBook Pro 14-inch M3 Pro 512GB,New,1786.86,1783.645,1798.638691169986,14.99369116998605,0.8406208169218679
2026-05-01,Flipkart,Mac,MacBook Pro 14-inch M3 Pro 512GB,New,1769.7,1812.22,1801.9651780510392,10.254821948960853,0.5658706972089952
2026-05-02,Flipkart,Mac,MacBook Pro 14-inch M3 Pro 512GB,New,1805.36,1793.93,1818.7340496232985,24.804049623298397,1.382665411877743
2026-05-03,Flipkart,Mac,MacBook Pro 14-inch M3 Pro 512GB,New,1808.79,1820.79,1793.6508144416007,27.139185558399276,1.4905170589908379
2026-05-04,Flipkart,Mac,MacBook Pro 14-inch M3 Pro 512GB,New,1776.79,1814.13,1802.4265642939777,11.703435706022447,0.6451266285228978
2026-05-05,Flipkart,Mac,MacBook Pro 14-inch M3 Pro 512GB,New,1783.645,1778.1550000000002,1785.8780333686882,7.723033368687993,0.43432846791691343
2026-05-08,Flipkart,Mac,MacBook Pro 14-inch M3 Pro 512GB,New,1812.22,1788.03,1819.0254391763076,30.995439176307627,1.733496595488198
2026-05-09,Flipkart,Mac,MacBook Pro 14-inch M3 Pro 512GB,New,1793.93,1783.41,1815.1409318776707,31.730931877670628,1.7792281010912032
2026-05-10,Flipkart,Mac,MacBook Pro 14-inch M3 Pro 512GB,New,1820.79,1776.05,1814.6750028057363,38.62500280573636,2.174770012428499
2026-05-11,Flipkart,Mac,MacBook Pro 14-inch M3 Pro 512GB,New,1814.13,1810.8899999999999,1798.9433589402229,11.946641059776994,0.6597110293710272
2026-05-12,Flipkart,Mac,MacBook Pro 14-inch M3 Pro 512GB,New,1778.1550000000002,1834.25,1812.8086273220297,21.44137267797032,1.1689449463252186
2026-05-13,Flipkart,Mac,MacBook Pro 14-inch M3 Pro 512GB,New,1814.9099999999999,1774.68,1811.7578152875553,37.07781528755527,2.0892676588204786
2026-05-15,Flipkart,Mac,MacBook Pro 14-inch M3 Pro 512GB,New,1788.03,1813.35,1811.4057787015586,1.9442212984413345,0.10721710085980835
2026-05-17,Flipkart,Mac,MacBook Pro 14-inch M3 Pro 512GB,New,1776.05,1777.46,1798.8288604649697,21.368860464969657,1.2022132967813428
2026-05-18,Flipkart,Mac,MacBook Pro 14-inch M3 Pro 512GB,New,1810.8899999999999,1813.06,1781.7405823450176,31.319417654982317,1.7274341530331219
2026-05-19,Flipkart,Mac,MacBook Pro 14-inch M3 Pro 512GB,New,1834.25,1793.72,1796.9574009195017,3.2374009195016242,0.18048529979604533
2026-05-24,Flipkart,Mac,MacBook Pro 14-inch M3 Pro 512GB,New,1777.46,1794.67,1804.2763177238403,9.60631772384022,0.5352693098920815
2026-05-26,Flipkart,Mac,MacBook Pro 14-inch M3 Pro 512GB,New,1793.72,1783.2350000000001,1803.5581331172682,20.32313311726807,1.1396777832012084
2026-05-31,Flipkart,Mac,MacBook Pro 14-inch M3 Pro 512GB,New,1794.67,1830.9,1804.0672393998254,26.83276060017465,1.4655503086009423
2026-06-02,Flipkart,Mac,MacBook Pro 14-inch M3 Pro 512GB,New,1783.2350000000001,1806.64,1807.1322210041726,0.4922210041725066,0.027245107169801764
2026-06-03,Flipkart,Mac,MacBook Pro 14-inch M3 Pro 512GB,New,1795.64,1772.25,1772.6798300499738,0.42983004997381613,0.024253353080762655
2026-06-08,Flipkart,Mac,MacBook Pro 14-inch M3 Pro 512GB,New,1798.8400000000001,1792.42,1811.30756204442,18.887562044419838,1.0537464458341146
2026-06-10,Flipkart,Mac,MacBook Pro 14-inch M3 Pro 512GB,New,1772.25,1814.59,1798.480507668734,16.109492331265983,0.8877758794695212
2026-06-13,Flipkart,Mac,MacBook Pro 14-inch M3 Pro 512GB,New,1829.365,1794.05,1802.5310085032424,8.481008503242492,0.47272977359842216
2026-06-17,Flipkart,Mac,MacBook Pro 14-inch M3 Pro 512GB,New,1814.59,1768.22,1814.1500469648604,45.93004696486037,2.597530113043647
2026-06-18,Flipkart,Mac,MacBook Pro 14-inch M3 Pro 512GB,New,1799.315,1809.83,1812.2036981264994,2.3736981264994483,0.131155861406842
2026-06-29,Flipkart,Mac,MacBook Pro 14-inch M3 Pro 512GB,New,1780.1,1793.15,1794.0265159900714,0.8765159900713115,0.04888135348806912
2026-06-30,Flipkart,Mac,MacBook Pro 14-inch M3 Pro 512GB,New,1772.8200000000002,1774.42,1809.939741349751,35.51974134975103,2.0017662869980626
2026-07-06,Flipkart,Mac,MacBook Pro 14-inch M3 Pro 512GB,New,1793.15,1822.42,1792.2772552373517,30.142744762648363,1.653995498438799
2026-07-08,Flipkart,Mac,MacBook Pro 14-inch M3 Pro 512GB,New,1824.92,1781.565,1775.5448142591356,6.020185740864463,0.3379155821350589
2026-07-13,Flipkart,Mac,MacBook Pro 14-inch M3 Pro 512GB,New,1822.42,1806.69,1797.9124135316138,8.77758646838629,0.4858379948074263
2026-07-17,Flipkart,Mac,MacBook Pro 14-inch M3 Pro 512GB,New,1796.9250000000002,1812.92,1797.5272612704734,15.392738729526627,0.8490578034070243
2026-07-23,Flipkart,Mac,MacBook Pro 14-inch M3 Pro 512GB,New,1833.62,1830.65,1801.4373057287607,29.212694271239343,1.5957552929964407
2026-07-24,Flipkart,Mac,MacBook Pro 14-inch M3 Pro 512GB,New,1812.92,1789.0,1794.463797685823,5.46379768582301,0.305410714691057
2026-01-28,Flipkart,Mac,MacBook Pro 14-inch M3 Pro 512GB,Renewed/Refurbished,1385.37,1319.38,1392.061317273632,72.68131727363198,5.508747841685638
2026-02-21,Flipkart,Mac,MacBook Pro 14-inch M3 Pro 512GB,Renewed/Refurbished,1435.59,1408.655,1428.3010360435114,19.646036043511458,1.394666262747902
2026-02-28,Flipkart,Mac,MacBook Pro 14-inch M3 Pro 512GB,Renewed/Refurbished,1408.655,1488.09,1402.7219240712043,85.36807592879563,5.7367548957923
2026-03-09,Flipkart,Mac,MacBook Pro 14-inch M3 Pro 512GB,Renewed/Refurbished,1474.12,1404.345,1390.9504948675572,13.394505132442873,0.9537902105567273
2026-03-18,Flipkart,Mac,MacBook Pro 14-inch M3 Pro 512GB,Renewed/Refurbished,1442.39,1391.67,1433.5541116276463,41.884111627646234,3.0096295549696577
2026-03-25,Flipkart,Mac,MacBook Pro 14-inch M3 Pro 512GB,Renewed/Refurbished,1391.67,1398.69,1413.9851985111704,15.295198511170383,1.0935374179532549
2026-04-01,Flipkart,Mac,MacBook Pro 14-inch M3 Pro 512GB,Renewed/Refurbished,1398.69,1413.53,1428.370449310445,14.840449310445138,1.049885698248013
2026-04-07,Flipkart,Mac,MacBook Pro 14-inch M3 Pro 512GB,Renewed/Refurbished,1304.96,1540.56,1366.097903054833,174.46209694516688,11.32458956127427
2026-04-10,Flipkart,Mac,MacBook Pro 14-inch M3 Pro 512GB,Renewed/Refurbished,1326.94,1378.68,1384.9254471759214,6.245447175921299,0.453001942141853
2026-04-22,Flipkart,Mac,MacBook Pro 14-inch M3 Pro 512GB,Renewed/Refurbished,1392.23,1401.74,1374.0846259730276,27.655374026972368,1.9729317867059775
2026-04-29,Flipkart,Mac,MacBook Pro 14-inch M3 Pro 512GB,Renewed/Refurbished,1401.74,1367.81,1395.8235250920022,28.013525092002283,2.0480567543739467
2026-04-30,Flipkart,Mac,MacBook Pro 14-inch M3 Pro 512GB,Renewed/Refurbished,1475.86,1396.37,1371.7083259724252,24.66167402757469,1.7661274610292896
2026-05-05,Flipkart,Mac,MacBook Pro 14-inch M3 Pro 512GB,Renewed/Refurbished,1304.07,1429.77,1373.3145047120493,56.455495287950725,3.948571818400912
2026-05-07,Flipkart,Mac,MacBook Pro 14-inch M3 Pro 512GB,Renewed/Refurbished,1396.37,1446.3899999999999,1368.8256715474024,77.56432845259747,5.3626150936191115
2026-05-12,Flipkart,Mac,MacBook Pro 14-inch M3 Pro 512GB,Renewed/Refurbished,1429.77,1277.21,1404.4217482923953,127.21174829239521,9.960127801410511
2026-05-27,Flipkart,Mac,MacBook Pro 14-inch M3 Pro 512GB,Renewed/Refurbished,1555.84,1389.91,1458.0273902359108,68.11739023591076,4.900848992806064
2026-06-03,Flipkart,Mac,MacBook Pro 14-inch M3 Pro 512GB,Renewed/Refurbished,1389.91,1528.34,1410.0059548149843,118.33404518501561,7.74265184350443
2026-06-06,Flipkart,Mac,MacBook Pro 14-inch M3 Pro 512GB,Renewed/Refurbished,1542.73,1420.45,1410.3722903326866,10.077709667313457,0.7094730308925662
2026-06-13,Flipkart,Mac,MacBook Pro 14-inch M3 Pro 512GB,Renewed/Refurbished,1420.45,1253.77,1436.2010073985116,182.4310073985116,14.550595994361935
2026-06-28,Flipkart,Mac,MacBook Pro 14-inch M3 Pro 512GB,Renewed/Refurbished,1545.09,1355.41,1463.1885627041138,107.77856270411371,7.951731409987657
2026-07-16,Flipkart,Mac,MacBook Pro 14-inch M3 Pro 512GB,Renewed/Refurbished,1484.21,1427.98,1437.8481794553081,9.868179455308109,0.6910586601568726
2026-01-25,Flipkart,Mac,MacBook Pro 14-inch M4 Pro 512GB,New,1931.615,1915.93,1903.829145279,12.100854721000132,0.6315916928593494
2026-01-29,Flipkart,Mac,MacBook Pro 14-inch M4 Pro 512GB,New,1928.27,1931.68,1906.4346141422736,25.245385857726433,1.3069134565624965
2026-01-30,Flipkart,Mac,MacBook Pro 14-inch M4 Pro 512GB,New,1877.31,1869.87,1890.4485165946398,20.57851659463995,1.1005319404364984
2026-01-31,Flipkart,Mac,MacBook Pro 14-inch M4 Pro 512GB,New,1885.04,1900.665,1887.5950241088574,13.069975891142576,0.687652789478555
2026-02-01,Flipkart,Mac,MacBook Pro 14-inch M4 Pro 512GB,New,1915.93,1933.61,1875.473024821411,58.136975178588955,3.006654660380788
2026-02-05,Flipkart,Mac,MacBook Pro 14-inch M4 Pro 512GB,New,1931.68,1862.86,1893.3799182647483,30.519918264748412,1.6383366578673877
2026-02-06,Flipkart,Mac,MacBook Pro 14-inch M4 Pro 512GB,New,1869.87,1916.78,1915.279484070565,1.5005159294348687,0.07828315870547839
2026-02-07,Flipkart,Mac,MacBook Pro 14-inch M4 Pro 512GB,New,1900.665,1896.125,1891.7742155617436,4.350784438256369,0.22945662539423134
2026-02-08,Flipkart,Mac,MacBook Pro 14-inch M4 Pro 512GB,New,1933.61,1929.66,1902.8348546272612,26.825145372738916,1.3901488020034056
2026-02-10,Flipkart,Mac,MacBook Pro 14-inch M4 Pro 512GB,New,1875.02,1918.245,1888.3016172754653,29.94338272453456,1.5609780150363775
2026-02-12,Flipkart,Mac,MacBook Pro 14-inch M4 Pro 512GB,New,1862.86,1915.835,1873.8346886431755,42.00031135682457,2.1922718478796224
2026-02-13,Flipkart,Mac,MacBook Pro 14-inch M4 Pro 512GB,New,1916.78,1881.59,1889.4737510131965,7.8837510131966155,0.4189940961206541
2026-02-14,Flipkart,Mac,MacBook Pro 14-inch M4 Pro 512GB,New,1896.125,1876.46,1893.8586204101036,17.398620410103604,0.9272044386826047
2026-02-16,Flipkart,Mac,MacBook Pro 14-inch M4 Pro 512GB,New,1897.98,1884.8,1910.1241410868943,25.324141086894315,1.3435983174286035
2026-02-17,Flipkart,Mac,MacBook Pro 14-inch M4 Pro 512GB,New,1918.245,1903.6,1891.511200114512,12.088799885488015,0.6350493741063257
2026-02-19,Flipkart,Mac,MacBook Pro 14-inch M4 Pro 512GB,New,1915.835,1880.8,1871.8940432893598,8.905956710640112,0.4735196039259949
2026-02-20,Flipkart,Mac,MacBook Pro 14-inch M4 Pro 512GB,New,1881.59,1896.89,1898.9618809665185,2.0718809665183926,0.10922515098494864
2026-02-21,Flipkart,Mac,MacBook Pro 14-inch M4 Pro 512GB,New,1876.46,1874.75,1893.1830028692793,18.433002869279335,0.9832245829726275
2026-02-23,Flipkart,Mac,MacBook Pro 14-inch M4 Pro 512GB,New,1884.8,1929.94,1876.1885537076184,53.751446292381615,2.7851356152202458
2026-02-24,Flipkart,Mac,MacBook Pro 14-inch M4 Pro 512GB,New,1903.6,1882.73,1902.1914604285853,19.46146042858527,1.0336830256375193
2026-02-25,Flipkart,Mac,MacBook Pro 14-inch M4 Pro 512GB,New,1912.145,1874.69,1904.6617037731387,29.971703773138643,1.5987551954263712
2026-02-27,Flipkart,Mac,MacBook Pro 14-inch M4 Pro 512GB,New,1896.89,1927.2199999999998,1888.0821983294713,39.13780167052846,2.0307905517028915
2026-02-28,Flipkart,Mac,MacBook Pro 14-inch M4 Pro 512GB,New,1874.75,1868.875,1864.735655798693,4.13934420130704,0.22148855334396578
2026-03-01,Flipkart,Mac,MacBook Pro 14-inch M4 Pro 512GB,New,1906.26,1921.3,1870.545741314908,50.754258685092054,2.6416623476340004
2026-03-02,Flipkart,Mac,MacBook Pro 14-inch M4 Pro 512GB,New,1929.94,1935.31,1879.3681908577669,55.94180914223307,2.8905864767005323
2026-03-03,Flipkart,Mac,MacBook Pro 14-inch M4 Pro 512GB,New,1882.73,1897.9250000000002,1906.2391582329249,8.314158232924683,0.4380656892619404
2026-03-04,Flipkart,Mac,MacBook Pro 14-inch M4 Pro 512GB,New,1874.69,1874.13,1884.6204882628826,10.490488262882536,0.5597524324824071
2026-03-06,Flipkart,Mac,MacBook Pro 14-inch M4 Pro 512GB,New,1927.2199999999998,1874.34,1898.3543231175283,24.01432311752842,1.281214887241825
2026-03-07,Flipkart,Mac,MacBook Pro 14-inch M4 Pro 512GB,New,1868.875,1882.24,1892.94009153493,10.700091534929925,0.5684764713814352
2026-03-11,Flipkart,Mac,MacBook Pro 14-inch M4 Pro 512GB,New,1874.13,1900.815,1873.7351398830956,27.079860116904456,1.4246446980323944
2026-03-12,Flipkart,Mac,MacBook Pro 14-inch M4 Pro 512GB,New,1891.9450000000002,1904.5549999999998,1879.958997841742,24.59600215825776,1.2914303949351824
2026-03-18,Flipkart,Mac,MacBook Pro 14-inch M4 Pro 512GB,New,1900.815,1924.77,1890.3119567094898,34.458043290510204,1.7902421219423728
2026-03-19,Flipkart,Mac,MacBook Pro 14-inch M4 Pro 512GB,New,1904.5549999999998,1899.37,1908.7767625510726,9.406762551072688,0.49525698263490997
2026-03-22,Flipkart,Mac,MacBook Pro 14-inch M4 Pro 512GB,New,1934.28,1898.65,1885.8500961092363,12.799903890763744,0.6741581592586177
2026-03-23,Flipkart,Mac,MacBook Pro 14-inch M4 Pro 512GB,New,1913.095,1877.97,1904.0029606371668,26.032960637166752,1.3862287809265725
2026-03-25,Flipkart,Mac,MacBook Pro 14-inch M4 Pro 512GB,New,1924.77,1869.54,1902.077706111641,32.537706111641,1.7404124068830302
2026-03-26,Flipkart,Mac,MacBook Pro 14-inch M4 Pro 512GB,New,1899.37,1883.38,1907.2440156424143,23.864015642414188,1.2670844780349257
2026-03-27,Flipkart,Mac,MacBook Pro 14-inch M4 Pro 512GB,New,1894.34,1865.19,1879.186130617279,13.99613061727905,0.7503863208187397
2026-03-28,Flipkart,Mac,MacBook Pro 14-inch M4 Pro 512GB,New,1908.04,1896.97,1898.9005492897893,1.930549289789269,0.1017701539712947
2026-03-29,Flipkart,Mac,MacBook Pro 14-inch M4 Pro 512GB,New,1898.65,1871.0,1868.3962449988967,2.603755001103309,0.13916381620006996
2026-03-31,Flipkart,Mac,MacBook Pro 14-inch M4 Pro 512GB,New,1903.53,1886.31,1904.0817571871978,17.771757187197863,0.9421440371517865
2026-04-01,Flipkart,Mac,MacBook Pro 14-inch M4 Pro 512GB,New,1869.54,1904.895,1885.522863645366,19.372136354633994,1.0169660981121793
2026-04-02,Flipkart,Mac,MacBook Pro 14-inch M4 Pro 512GB,New,1883.38,1863.01,1859.7008979294885,3.3091020705114715,0.17762127259174518
2026-04-03,Flipkart,Mac,MacBook Pro 14-inch M4 Pro 512GB,New,1865.19,1868.29,1868.5938259430534,0.30382594305342536,0.016262247459089614
2026-04-07,Flipkart,Mac,MacBook Pro 14-inch M4 Pro 512GB,New,1886.31,1903.025,1856.6050327055,46.41996729450011,2.43927259465851
2026-04-08,Flipkart,Mac,MacBook Pro 14-inch M4 Pro 512GB,New,1904.895,1866.94,1903.8652689200414,36.92526892004139,1.9778497927111418
2026-04-09,Flipkart,Mac,MacBook Pro 14-inch M4 Pro 512GB,New,1863.01,1902.325,1879.7743917071334,22.550608292866627,1.1854235366126518
2026-04-10,Flipkart,Mac,MacBook Pro 14-inch M4 Pro 512GB,New,1868.29,1869.12,1851.1091488004738,18.010851199526087,0.9636005820667527
2026-04-13,Flipkart,Mac,MacBook Pro 14-inch M4 Pro 512GB,New,1913.1,1893.42,1888.9846924606609,4.435307539339192,0.23424847837982019
2026-04-14,Flipkart,Mac,MacBook Pro 14-inch M4 Pro 512GB,New,1903.025,1895.605,1884.883480447641,10.721519552359041,0.5655988221364177
2026-04-15,Flipkart,Mac,MacBook Pro 14-inch M4 Pro 512GB,New,1866.94,1869.96,1874.3146154255946,4.354615425594602,0.2328721162802735
2026-04-16,Flipkart,Mac,MacBook Pro 14-inch M4 Pro 512GB,New,1902.325,1907.125,1877.8462914400618,29.278708559938195,1.535227557707974
2026-04-17,Flipkart,Mac,MacBook Pro 14-inch M4 Pro 512GB,New,1869.12,1918.82,1894.5361480621366,24.283851937863346,1.265561748254831
2026-04-18,Flipkart,Mac,MacBook Pro 14-inch M4 Pro 512GB,New,1870.9,1890.75,1872.06181880758,18.68818119241996,0.9884004332894334
2026-04-19,Flipkart,Mac,MacBook Pro 14-inch M4 Pro 512GB,New,1876.97,1920.77,1887.6789950004186,33.0910049995814,1.72279892957415
2026-04-20,Flipkart,Mac,MacBook Pro 14-inch M4 Pro 512GB,New,1893.42,1894.89,1881.5146051838792,13.375394816120888,0.7058665577485177
2026-04-21,Flipkart,Mac,MacBook Pro 14-inch M4 Pro 512GB,New,1895.605,1872.665,1876.5672460821272,3.902246082127249,0.20837929272599473
2026-04-23,Flipkart,Mac,MacBook Pro 14-inch M4 Pro 512GB,New,1907.125,1880.86,1854.9566523617752,25.90334763822466,1.3772076410910254
2026-04-24,Flipkart,Mac,MacBook Pro 14-inch M4 Pro 512GB,New,1918.82,1917.41,1873.9628428416868,43.4471571583133,2.2659294130265986
2026-04-25,Flipkart,Mac,MacBook Pro 14-inch M4 Pro 512GB,New,1890.75,1900.9099999999999,1894.6843307462193,6.225669253780552,0.3275099428053171
2026-04-26,Flipkart,Mac,MacBook Pro 14-inch M4 Pro 512GB,New,1920.77,1875.81,1893.407004847513,17.597004847513062,0.9381016652812952
2026-04-27,Flipkart,Mac,MacBook Pro 14-inch M4 Pro 512GB,New,1894.89,1894.99,1890.3236789181628,4.666321081837168,0.24624515600806168
2026-04-28,Flipkart,Mac,MacBook Pro 14-inch M4 Pro 512GB,New,1872.665,1925.82,1881.1320861922811,44.687913807718814,2.320461611558651
2026-04-30,Flipkart,Mac,MacBook Pro 14-inch M4 Pro 512GB,New,1880.86,1877.8,1881.8195092683147,4.019509268314778,0.21405417341116081
2026-05-02,Flipkart,Mac,MacBook Pro 14-inch M4 Pro 512GB,New,1900.9099999999999,1887.2,1895.2119173101132,8.011917310113176,0.42453991681396647
2026-05-03,Flipkart,Mac,MacBook Pro 14-inch M4 Pro 512GB,New,1875.81,1896.1,1889.3404061137453,6.759593886254606,0.3564998621515008
2026-05-06,Flipkart,Mac,MacBook Pro 14-inch M4 Pro 512GB,New,1933.47,1901.44,1891.6657982317954,9.774201768204648,0.5140420822221394
2026-05-09,Flipkart,Mac,MacBook Pro 14-inch M4 Pro 512GB,New,1887.2,1864.43,1886.499883724099,22.069883724098872,1.1837335659745267
2026-05-10,Flipkart,Mac,MacBook Pro 14-inch M4 Pro 512GB,New,1896.1,1890.21,1897.5503377642617,7.340337764261676,0.3883345112057219
2026-05-13,Flipkart,Mac,MacBook Pro 14-inch M4 Pro 512GB,New,1901.44,1883.645,1887.3160024219721,3.6710024219721618,0.19488823116734638
2026-05-15,Flipkart,Mac,MacBook Pro 14-inch M4 Pro 512GB,New,1899.67,1882.935,1894.339890362037,11.404890362037122,0.6056975074570882
2026-05-16,Flipkart,Mac,MacBook Pro 14-inch M4 Pro 512GB,New,1864.43,1906.2,1886.6384379436568,19.56156205634329,1.026207221505786
2026-05-17,Flipkart,Mac,MacBook Pro 14-inch M4 Pro 512GB,New,1890.21,1884.82,1878.0847488509592,6.735251149040778,0.3573418760964325
2026-05-20,Flipkart,Mac,MacBook Pro 14-inch M4 Pro 512GB,New,1883.645,1920.13,1867.3156941228008,52.81430587719933,2.750558862014516
2026-05-21,Flipkart,Mac,MacBook Pro 14-inch M4 Pro 512GB,New,1930.67,1896.96,1879.555941477042,17.40405852295794,0.9174710338097766
2026-05-23,Flipkart,Mac,MacBook Pro 14-inch M4 Pro 512GB,New,1906.2,1901.7,1882.603995521645,19.0960044783551,1.0041544133330755
2026-05-26,Flipkart,Mac,MacBook Pro 14-inch M4 Pro 512GB,New,1868.28,1931.74,1875.5502096512264,56.18979034877361,2.9087656904538712
2026-05-27,Flipkart,Mac,MacBook Pro 14-inch M4 Pro 512GB,New,1920.13,1924.68,1898.2011954862216,26.478804513778414,1.3757510086756455
2026-05-28,Flipkart,Mac,MacBook Pro 14-inch M4 Pro 512GB,New,1896.96,1911.0,1865.542735043069,45.45726495693111,2.3787161149623817
2026-05-30,Flipkart,Mac,MacBook Pro 14-inch M4 Pro 512GB,New,1901.7,1894.58,1890.3779661636554,4.202033836344526,0.22179236750860487
2026-06-01,Flipkart,Mac,MacBook Pro 14-inch M4 Pro 512GB,New,1881.83,1880.23,1882.1196254167373,1.8896254167373172,0.10049969507652347
2026-06-02,Flipkart,Mac,MacBook Pro 14-inch M4 Pro 512GB,New,1931.74,1918.96,1889.647953858408,29.312046141591964,1.527496463792469
2026-06-03,Flipkart,Mac,MacBook Pro 14-inch M4 Pro 512GB,New,1924.68,1880.17,1885.3441080996008,5.174108099600744,0.2751936314057103
2026-06-04,Flipkart,Mac,MacBook Pro 14-inch M4 Pro 512GB,New,1911.0,1861.68,1871.4160514377616,9.736051437761489,0.5229712645439328
2026-06-05,Flipkart,Mac,MacBook Pro 14-inch M4 Pro 512GB,New,1884.12,1915.245,1906.2797989186056,8.965201081394298,0.46809682737165736
2026-06-06,Flipkart,Mac,MacBook Pro 14-inch M4 Pro 512GB,New,1894.58,1911.6599999999999,1882.326630417661,29.333369582338946,1.5344449108282303
2026-06-07,Flipkart,Mac,MacBook Pro 14-inch M4 Pro 512GB,New,1909.43,1885.565,1894.0858162003726,8.520816200372565,0.4518972403694683
2026-06-08,Flipkart,Mac,MacBook Pro 14-inch M4 Pro 512GB,New,1880.23,1897.73,1900.4198732388056,2.6898732388056033,0.14174161966168017
2026-06-09,Flipkart,Mac,MacBook Pro 14-inch M4 Pro 512GB,New,1918.96,1896.46,1893.7196955718725,2.7403044281275015,0.14449576727837665
2026-06-10,Flipkart,Mac,MacBook Pro 14-inch M4 Pro 512GB,New,1880.17,1892.0,1909.5867349355271,17.586734935527147,0.9295314447953038
2026-06-11,Flipkart,Mac,MacBook Pro 14-inch M4 Pro 512GB,New,1861.68,1898.66,1857.062409618876,41.597590381124064,2.1908920175873545
2026-06-12,Flipkart,Mac,MacBook Pro 14-inch M4 Pro 512GB,New,1915.245,1909.86,1880.17611855609,29.683881443909968,1.5542438421617275
2026-06-13,Flipkart,Mac,MacBook Pro 14-inch M4 Pro 512GB,New,1911.6599999999999,1895.42,1904.4431829467005,9.023182946700445,0.47605190125146113
2026-06-14,Flipkart,Mac,MacBook Pro 14-inch M4 Pro 512GB,New,1885.565,1922.9,1904.0023057122241,18.89769428777595,0.9827705178519917
2026-06-15,Flipkart,Mac,MacBook Pro 14-inch M4 Pro 512GB,New,1897.73,1889.225,1888.0719061864522,1.1530938135476845,0.06103528238021858
2026-06-16,Flipkart,Mac,MacBook Pro 14-inch M4 Pro 512GB,New,1896.46,1910.76,1900.8001292287915,9.959870771208443,0.5212517935904271
2026-06-17,Flipkart,Mac,MacBook Pro 14-inch M4 Pro 512GB,New,1892.0,1932.73,1873.1887628881993,59.54123711180068,3.080680545746208
2026-06-18,Flipkart,Mac,MacBook Pro 14-inch M4 Pro 512GB,New,1898.66,1890.845,1865.59767313715,25.24732686285006,1.3352404275786782
2026-06-19,Flipkart,Mac,MacBook Pro 14-inch M4 Pro 512GB,New,1909.86,1913.135,1880.7173646222438,32.41763537775614,1.6944771476009872
2026-06-22,Flipkart,Mac,MacBook Pro 14-inch M4 Pro 512GB,New,1889.225,1904.72,1904.4211349031173,0.2988650968827642,0.01569076278312635
2026-06-23,Flipkart,Mac,MacBook Pro 14-inch M4 Pro 512GB,New,1910.76,1877.37,1877.7656932661348,0.39569326613491285,0.021076999533118822
2026-06-24,Flipkart,Mac,MacBook Pro 14-inch M4 Pro 512GB,New,1932.73,1873.22,1881.589871351203,8.369871351203074,0.4468173173040579
2026-06-25,Flipkart,Mac,MacBook Pro 14-inch M4 Pro 512GB,New,1890.845,1910.185,1895.131735076788,15.053264923212055,0.7880527238572209
2026-06-26,Flipkart,Mac,MacBook Pro 14-inch M4 Pro 512GB,New,1913.135,1922.08,1882.4703717168275,39.60962828317247,2.0607689733607586
2026-06-29,Flipkart,Mac,MacBook Pro 14-inch M4 Pro 512GB,New,1904.72,1919.6799999999998,1861.914638878155,57.76536112184476,3.0091140774423217
2026-06-30,Flipkart,Mac,MacBook Pro 14-inch M4 Pro 512GB,New,1877.37,1879.295,1889.1683090079437,9.87330900794359,0.5253730259455588
2026-07-01,Flipkart,Mac,MacBook Pro 14-inch M4 Pro 512GB,New,1873.22,1902.845,1882.6165922859514,20.22840771404867,1.0630612432462272
2026-07-02,Flipkart,Mac,MacBook Pro 14-inch M4 Pro 512GB,New,1910.185,1915.45,1887.9292179560455,27.52078204395457,1.436778931528078
2026-07-04,Flipkart,Mac,MacBook Pro 14-inch M4 Pro 512GB,New,1924.27,1929.15,1901.8950723778094,27.254927622190735,1.4127946309095059
2026-07-06,Flipkart,Mac,MacBook Pro 14-inch M4 Pro 512GB,New,1919.6799999999998,1883.6,1912.3350815975575,28.73508159755761,1.5255405392629864
2026-07-07,Flipkart,Mac,MacBook Pro 14-inch M4 Pro 512GB,New,1879.295,1886.185,1901.2351455664852,15.050145566485298,0.7979146036303597
2026-07-08,Flipkart,Mac,MacBook Pro 14-inch M4 Pro 512GB,New,1902.845,1902.93,1886.6653111049272,16.264688895072823,0.8547181922126837
2026-07-11,Flipkart,Mac,MacBook Pro 14-inch M4 Pro 512GB,New,1929.15,1874.005,1906.423696246046,32.41869624604578,1.7299151414241574
2026-07-13,Flipkart,Mac,MacBook Pro 14-inch M4 Pro 512GB,New,1883.6,1907.1399999999999,1882.0302271996213,25.10977280037855,1.3166192728577113
2026-07-14,Flipkart,Mac,MacBook Pro 14-inch M4 Pro 512GB,New,1886.185,1894.665,1885.8115878455217,8.853412154478292,0.4672811370072436
2026-07-15,Flipkart,Mac,MacBook Pro 14-inch M4 Pro 512GB,New,1902.93,1898.125,1870.0311368543848,28.09386314561516,1.4800849862688263
2026-07-18,Flipkart,Mac,MacBook Pro 14-inch M4 Pro 512GB,New,1874.005,1927.53,1887.6677403127774,39.862259687222604,2.068048730096165
2026-07-20,Flipkart,Mac,MacBook Pro 14-inch M4 Pro 512GB,New,1907.1399999999999,1907.835,1876.8712022249613,30.963797775038756,1.6229809063697205
2026-07-21,Flipkart,Mac,MacBook Pro 14-inch M4 Pro 512GB,New,1894.665,1889.1599999999999,1877.7618460185852,11.39815398141468,0.6033450836040717
2026-07-22,Flipkart,Mac,MacBook Pro 14-inch M4 Pro 512GB,New,1898.125,1894.59,1873.1771023321678,21.412897667832112,1.1302127461789682
2026-01-31,Flipkart,Mac,MacBook Pro 14-inch M4 Pro 512GB,Renewed/Refurbished,1522.4299999999998,1448.92,1462.1713096204476,13.2513096204475,0.9145646150544887
2026-02-23,Flipkart,Mac,MacBook Pro 14-inch M4 Pro 512GB,Renewed/Refurbished,1429.35,1564.62,1393.290870608948,171.329129391052,10.950207040115298
2026-03-04,Flipkart,Mac,MacBook Pro 14-inch M4 Pro 512GB,Renewed/Refurbished,1359.43,1442.24,1440.978192286043,1.2618077139570687,0.08748944100545462
2026-03-10,Flipkart,Mac,MacBook Pro 14-inch M4 Pro 512GB,Renewed/Refurbished,1345.18,1487.22,1427.717560604242,59.502439395758074,4.000917106800479
2026-03-11,Flipkart,Mac,MacBook Pro 14-inch M4 Pro 512GB,Renewed/Refurbished,1442.24,1362.51,1422.703039076865,60.193039076865034,4.417805306152984
2026-03-13,Flipkart,Mac,MacBook Pro 14-inch M4 Pro 512GB,Renewed/Refurbished,1554.33,1513.75,1468.7395968930427,45.010403106957256,2.9734370343159213
2026-03-16,Flipkart,Mac,MacBook Pro 14-inch M4 Pro 512GB,Renewed/Refurbished,1395.21,1446.67,1447.113546609759,0.4435466097588687,0.030659833255605545
2026-03-20,Flipkart,Mac,MacBook Pro 14-inch M4 Pro 512GB,Renewed/Refurbished,1513.75,1594.25,1430.8326120094098,163.4173879905902,10.250424211421686
2026-03-21,Flipkart,Mac,MacBook Pro 14-inch M4 Pro 512GB,Renewed/Refurbished,1425.74,1498.73,1465.0676574829015,33.66234251709852,2.246057830102722
2026-03-23,Flipkart,Mac,MacBook Pro 14-inch M4 Pro 512GB,Renewed/Refurbished,1446.67,1576.12,1492.158461983383,83.96153801661694,5.327103140409166
2026-03-30,Flipkart,Mac,MacBook Pro 14-inch M4 Pro 512GB,Renewed/Refurbished,1576.12,1550.63,1482.0924510500804,68.53754894991971,4.419980843264977
2026-04-06,Flipkart,Mac,MacBook Pro 14-inch M4 Pro 512GB,Renewed/Refurbished,1550.63,1483.435,1446.2767216723478,37.15827832765217,2.5048807886865396
2026-04-08,Flipkart,Mac,MacBook Pro 14-inch M4 Pro 512GB,Renewed/Refurbished,1363.53,1380.8,1468.0567958422453,87.25679584224531,6.319292862271532
2026-04-12,Flipkart,Mac,MacBook Pro 14-inch M4 Pro 512GB,Renewed/Refurbished,1404.41,1385.42,1471.1339762897946,85.71397628979457,6.186858590881796
2026-04-13,Flipkart,Mac,MacBook Pro 14-inch M4 Pro 512GB,Renewed/Refurbished,1483.435,1593.93,1468.0765814893712,125.8534185106289,7.895793322832803
2026-04-15,Flipkart,Mac,MacBook Pro 14-inch M4 Pro 512GB,Renewed/Refurbished,1380.8,1617.08,1425.3934770021851,191.6865229978148,11.853867650197566
2026-04-18,Flipkart,Mac,MacBook Pro 14-inch M4 Pro 512GB,Renewed/Refurbished,1433.51,1599.91,1458.2231057829208,141.68689421707927,8.855929034575649
2026-04-20,Flipkart,Mac,MacBook Pro 14-inch M4 Pro 512GB,Renewed/Refurbished,1593.93,1541.985,1452.26992674758,89.71507325241987,5.818154732531113
2026-04-22,Flipkart,Mac,MacBook Pro 14-inch M4 Pro 512GB,Renewed/Refurbished,1617.08,1551.26,1479.4463069965173,71.81369300348274,4.629378247584721
2026-04-27,Flipkart,Mac,MacBook Pro 14-inch M4 Pro 512GB,Renewed/Refurbished,1541.985,1385.28,1519.4388504853805,134.15885048538053,9.684601704015112
2026-04-29,Flipkart,Mac,MacBook Pro 14-inch M4 Pro 512GB,Renewed/Refurbished,1551.26,1562.425,1472.360837043465,90.06416295653503,5.7643831196079836
2026-05-09,Flipkart,Mac,MacBook Pro 14-inch M4 Pro 512GB,Renewed/Refurbished,1585.73,1479.76,1495.1775987858846,15.417598785884593,1.04189860422532
2026-05-16,Flipkart,Mac,MacBook Pro 14-inch M4 Pro 512GB,Renewed/Refurbished,1479.76,1465.98,1476.866685519119,10.886685519119055,0.7426216946424272
2026-05-23,Flipkart,Mac,MacBook Pro 14-inch M4 Pro 512GB,Renewed/Refurbished,1465.98,1576.9,1470.2967188403634,106.60328115963671,6.76030700485996
2026-05-29,Flipkart,Mac,MacBook Pro 14-inch M4 Pro 512GB,Renewed/Refurbished,1461.87,1572.33,1477.1427151141916,95.18728488580837,6.0538999374055305
2026-05-30,Flipkart,Mac,MacBook Pro 14-inch M4 Pro 512GB,Renewed/Refurbished,1576.9,1423.38,1482.2996183429527,58.91961834295262,4.139415921465288
2026-06-01,Flipkart,Mac,MacBook Pro 14-inch M4 Pro 512GB,Renewed/Refurbished,1523.88,1430.34,1448.0913447354637,17.751344735463817,1.2410577020473328
2026-06-05,Flipkart,Mac,MacBook Pro 14-inch M4 Pro 512GB,Renewed/Refurbished,1572.33,1527.75,1497.763342718442,29.98665728155811,1.9627987093148818
2026-06-06,Flipkart,Mac,MacBook Pro 14-inch M4 Pro 512GB,Renewed/Refurbished,1423.38,1454.8,1422.6584982733807,32.14150172661925,2.209341608923512
2026-06-08,Flipkart,Mac,MacBook Pro 14-inch M4 Pro 512GB,Renewed/Refurbished,1430.34,1441.14,1438.0703922899716,3.0696077100285493,0.21299857821089896
2026-06-21,Flipkart,Mac,MacBook Pro 14-inch M4 Pro 512GB,Renewed/Refurbished,1600.93,1374.21,1440.6494557668364,66.43945576683632,4.834738196260856
2026-06-28,Flipkart,Mac,MacBook Pro 14-inch M4 Pro 512GB,Renewed/Refurbished,1374.21,1472.205,1395.2900574117157,76.91494258828425,5.224472311144456
2026-07-03,Flipkart,Mac,MacBook Pro 14-inch M4 Pro 512GB,Renewed/Refurbished,1503.67,1350.67,1457.2689597356398,106.59895973563971,7.8923023192667126
2026-07-20,Flipkart,Mac,MacBook Pro 14-inch M4 Pro 512GB,Renewed/Refurbished,1459.47,1494.9850000000001,1449.7658009443917,45.21919905560844,3.024725937424686
2026-01-25,Flipkart,iPad,iPad (9th Gen) 64GB,New,196.23,194.21,196.62247768321697,2.412477683216963,1.2422005474573723
2026-01-27,Flipkart,iPad,iPad (9th Gen) 64GB,New,195.78,199.55,197.7497319757099,1.8002680242901192,0.9021638808770329
2026-01-31,Flipkart,iPad,iPad (9th Gen) 64GB,New,196.85,198.24,197.5945491598302,0.6454508401698149,0.3255906175190753
2026-02-22,Flipkart,iPad,iPad (9th Gen) 64GB,New,200.07,198.1,197.06796037028448,1.0320396297155128,0.52096902055301
2026-02-28,Flipkart,iPad,iPad (9th Gen) 64GB,New,194.27,193.76,198.10885395498394,4.3488539549839516,2.2444539404335013
2026-03-07,Flipkart,iPad,iPad (9th Gen) 64GB,New,193.76,194.10500000000002,200.00317751616058,5.898177516160558,3.0386530569333905
2026-03-13,Flipkart,iPad,iPad (9th Gen) 64GB,New,201.34,199.2,196.1969745584454,3.0030254415545983,1.507542892346686
2026-03-15,Flipkart,iPad,iPad (9th Gen) 64GB,New,198.47,197.86,193.7723461269079,4.087653873092108,2.0659324133691035
2026-04-06,Flipkart,iPad,iPad (9th Gen) 64GB,New,195.85,198.17,196.6373249106507,1.5326750893492829,0.7734142853859227
2026-04-07,Flipkart,iPad,iPad (9th Gen) 64GB,New,196.42,197.195,197.50849870578907,0.3134987057890726,0.1589790338442012
2026-04-13,Flipkart,iPad,iPad (9th Gen) 64GB,New,198.17,193.49,199.89963744011675,6.4096374401167395,3.3126453254001444
2026-04-16,Flipkart,iPad,iPad (9th Gen) 64GB,New,198.12,195.87,197.5656859730758,1.695685973075797,0.8657201067421233
2026-04-17,Flipkart,iPad,iPad (9th Gen) 64GB,New,199.2,195.31,199.25787049935695,3.9478704993569522,2.0213355687660397
2026-04-23,Flipkart,iPad,iPad (9th Gen) 64GB,New,195.87,200.12,195.07124399922782,5.048756000772187,2.5228642818170033
2026-04-25,Flipkart,iPad,iPad (9th Gen) 64GB,New,198.85,200.59,194.27760264164237,6.312397358357629,3.1469152791054533
2026-04-28,Flipkart,iPad,iPad (9th Gen) 64GB,New,199.98,193.7,198.44692233217972,4.746922332179736,2.4506568570881444
2026-04-30,Flipkart,iPad,iPad (9th Gen) 64GB,New,200.12,195.25,199.29882043984333,4.048820439843325,2.0736596362833932
2026-05-02,Flipkart,iPad,iPad (9th Gen) 64GB,New,200.59,197.61,197.84522129601908,0.23522129601906272,0.11903309347657644
2026-05-05,Flipkart,iPad,iPad (9th Gen) 64GB,New,193.7,197.9,199.24168054073232,1.3416805407323125,0.6779588381669087
2026-05-07,Flipkart,iPad,iPad (9th Gen) 64GB,New,195.25,201.11,200.39485998979728,0.715140010202731,0.3555964448325448
2026-05-09,Flipkart,iPad,iPad (9th Gen) 64GB,New,197.61,193.61,198.34463614276638,4.734636142766362,2.44545020544722
2026-05-11,Flipkart,iPad,iPad (9th Gen) 64GB,New,198.095,199.54000000000002,197.62594384806084,1.914056151939178,0.9592343148938448
2026-05-14,Flipkart,iPad,iPad (9th Gen) 64GB,New,201.11,199.29,198.83057576064198,0.4594242393580146,0.23053050296453137
2026-05-16,Flipkart,iPad,iPad (9th Gen) 64GB,New,193.61,201.29,198.5008364173358,2.7891635826642016,1.3856443850485378
2026-05-21,Flipkart,iPad,iPad (9th Gen) 64GB,New,199.29,198.81,198.27848273401992,0.5315172659800851,0.2673493616921106
2026-05-28,Flipkart,iPad,iPad (9th Gen) 64GB,New,198.81,198.47,199.57602420616797,1.106024206167973,0.5572752588139129
2026-06-01,Flipkart,iPad,iPad (9th Gen) 64GB,New,197.725,196.8,196.35337576677796,0.44662423322205314,0.22694320793803513
2026-06-08,Flipkart,iPad,iPad (9th Gen) 64GB,New,196.8,197.44,199.8545044556389,2.4145044556389053,1.222905417159089
2026-06-09,Flipkart,iPad,iPad (9th Gen) 64GB,New,195.67000000000002,193.76,199.1266659098336,5.366665909833614,2.769749127701081
2026-06-12,Flipkart,iPad,iPad (9th Gen) 64GB,New,200.25,198.21,197.95413669964285,0.25586330035716287,0.12908697863738605
2026-06-29,Flipkart,iPad,iPad (9th Gen) 64GB,New,200.61,196.96,198.15307657366998,1.1930765736699698,0.6057456202629822
2026-07-02,Flipkart,iPad,iPad (9th Gen) 64GB,New,196.07,200.96,197.2426970934374,3.717302906562594,1.8497725450649851
2026-07-09,Flipkart,iPad,iPad (9th Gen) 64GB,New,200.96,195.17,191.86698772842294,3.303012271577046,1.692377041336807
2026-07-16,Flipkart,iPad,iPad (9th Gen) 64GB,New,195.17,195.85,195.50184526270857,0.34815473729142354,0.17776601342426526
2026-07-19,Flipkart,iPad,iPad (9th Gen) 64GB,New,196.16,199.9,197.30540975132976,2.5945902486702437,1.2979440963833135
2026-07-24,Flipkart,iPad,iPad (9th Gen) 64GB,New,200.29,193.67,193.3344356824549,0.335564317545078,0.1732660285770011
2026-01-25,Flipkart,iPad,iPad (9th Gen) 64GB,Renewed/Refurbished,152.6,156.83,164.40057647987942,7.570576479879406,4.827250194401202
2026-01-27,Flipkart,iPad,iPad (9th Gen) 64GB,Renewed/Refurbished,159.15,155.85,165.66858376589164,9.818583765891645,6.300021665634678
2026-03-29,Flipkart,iPad,iPad (9th Gen) 64GB,Renewed/Refurbished,164.27,157.33,153.35261734374228,3.9773826562577312,2.528051011414054
2026-04-18,Flipkart,iPad,iPad (9th Gen) 64GB,Renewed/Refurbished,159.81,156.11,151.8518768293868,4.258123170613203,2.727642797138686
2026-05-03,Flipkart,iPad,iPad (9th Gen) 64GB,Renewed/Refurbished,158.95,162.73,156.69110349490813,6.038896505091856,3.7109915228242216
2026-05-11,Flipkart,iPad,iPad (9th Gen) 64GB,Renewed/Refurbished,161.2,142.65,151.2895672904682,8.639567290468193,6.0564789978746525
2026-05-14,Flipkart,iPad,iPad (9th Gen) 64GB,Renewed/Refurbished,164.04,143.52,162.106221391516,18.586221391515977,12.950265741022838
2026-05-23,Flipkart,iPad,iPad (9th Gen) 64GB,Renewed/Refurbished,145.37,146.58499999999998,148.7230183928508,2.1380183928508245,1.458551961558703
2026-07-11,Flipkart,iPad,iPad (9th Gen) 64GB,Renewed/Refurbished,160.1,161.58,150.2897533992267,11.290246600773315,6.98740351576514
2026-07-18,Flipkart,iPad,iPad (9th Gen) 64GB,Renewed/Refurbished,161.58,156.805,152.37688754030535,4.42811245969466,2.82396126379558
2026-01-29,Flipkart,iPad,iPad Air (4th Gen) 64GB,New,360.42499999999995,363.78,353.9789600639015,9.801039936098448,2.6942217648299653
2026-02-01,Flipkart,iPad,iPad Air (4th Gen) 64GB,New,354.775,360.63,359.53296710067514,1.0970328993248586,0.30419901265143184
2026-02-07,Flipkart,iPad,iPad Air (4th Gen) 64GB,New,354.83,360.78499999999997,358.74911489394617,2.0358851060537972,0.5642931679681243
2026-02-14,Flipkart,iPad,iPad Air (4th Gen) 64GB,New,360.78499999999997,358.57,355.8181004316333,2.751899568366696,0.7674650886484358
2026-02-18,Flipkart,iPad,iPad Air (4th Gen) 64GB,New,356.735,355.9,356.47303595375115,0.5730359537511731,0.16101038318380814
2026-02-19,Flipkart,iPad,iPad Air (4th Gen) 64GB,New,358.16499999999996,354.43,355.6755197030605,1.245519703060495,0.35141486416513695
2026-02-25,Flipkart,iPad,iPad Air (4th Gen) 64GB,New,355.9,358.54,360.49362969735506,1.9536296973550407,0.5448847262104759
2026-03-12,Flipkart,iPad,iPad Air (4th Gen) 64GB,New,357.63,354.16,358.12476790480537,3.964767904805342,1.1194849516617749
2026-03-21,Flipkart,iPad,iPad Air (4th Gen) 64GB,New,353.06,364.06,358.41799949199554,5.6420005080044575,1.549744687140707
2026-04-01,Flipkart,iPad,iPad Air (4th Gen) 64GB,New,362.46000000000004,363.85,359.49541915263734,4.3545808473626835,1.196806609141867
2026-04-14,Flipkart,iPad,iPad Air (4th Gen) 64GB,New,360.75,357.63,355.00179027167144,2.6282097283285566,0.7348963253442263
2026-05-01,Flipkart,iPad,iPad Air (4th Gen) 64GB,New,365.93,362.105,353.5584608249483,8.546539175051691,2.360237824678392
2026-05-08,Flipkart,iPad,iPad Air (4th Gen) 64GB,New,362.105,365.31,361.4875362437568,3.8224637562432235,1.0463616534568514
2026-05-28,Flipkart,iPad,iPad Air (4th Gen) 64GB,New,364.29,355.22,366.90854737064745,11.688547370647427,3.290509366208948
2026-06-18,Flipkart,iPad,iPad Air (4th Gen) 64GB,New,361.06,352.52,361.38696341118447,8.866963411184486,2.5153079005969836
2026-06-25,Flipkart,iPad,iPad Air (4th Gen) 64GB,New,352.52,365.51,365.3192251127835,0.1907748872164916,0.05219416355680873
2026-06-28,Flipkart,iPad,iPad Air (4th Gen) 64GB,New,358.74,360.24,362.568082323964,2.328082323963997,0.6462586953042408
2026-07-01,Flipkart,iPad,iPad Air (4th Gen) 64GB,New,364.3,364.49,362.7525889909523,1.7374110090477188,0.4766690469005237
2026-07-03,Flipkart,iPad,iPad Air (4th Gen) 64GB,New,356.86,356.03,358.86795594316675,2.837955943166776,0.7971114634066724
2026-07-05,Flipkart,iPad,iPad Air (4th Gen) 64GB,New,360.24,356.23,357.17535754907584,0.9453575490758226,0.26537842098526865
2026-07-08,Flipkart,iPad,iPad Air (4th Gen) 64GB,New,364.49,365.26,365.63940682661826,0.37940682661826486,0.103873083999963
2026-07-16,Flipkart,iPad,iPad Air (4th Gen) 64GB,New,364.21,353.41,366.7379962114185,13.327996211418451,3.771256108038383
2026-07-21,Flipkart,iPad,iPad Air (4th Gen) 64GB,New,357.25,362.1,359.0865435035186,3.0134564964814103,0.8322166518866088
2026-07-23,Flipkart,iPad,iPad Air (4th Gen) 64GB,New,353.41,356.44,363.50867393901854,7.068673939018538,1.9831315057284644
2026-03-26,Flipkart,iPad,iPad Air (4th Gen) 64GB,Renewed/Refurbished,303.97,279.37,284.3889677903882,5.018967790388217,1.796530690621118
2026-04-01,Flipkart,iPad,iPad Air (4th Gen) 64GB,Renewed/Refurbished,290.73,299.25,289.5985866468583,9.65141335314172,3.2252007863464396
2026-04-16,Flipkart,iPad,iPad Air (4th Gen) 64GB,Renewed/Refurbished,277.15999999999997,269.63,282.47705833137866,12.847058331378662,4.764699154908082
2026-05-21,Flipkart,iPad,iPad Air (4th Gen) 64GB,Renewed/Refurbished,260.28,297.57,272.25478944343956,25.31521055656043,8.50731275214586
2026-01-27,Flipkart,iPad,iPad Air (5th Gen) 64GB,New,352.68,365.12,358.08446114114054,7.035538858859468,1.926911387724438
2026-01-28,Flipkart,iPad,iPad Air (5th Gen) 64GB,New,360.51,360.73,356.2902891049738,4.439710895026224,1.2307573240446381
2026-01-29,Flipkart,iPad,iPad Air (5th Gen) 64GB,New,354.47,358.49,356.9317902602934,1.5582097397066264,0.4346591926432052
2026-02-04,Flipkart,iPad,iPad Air (5th Gen) 64GB,New,360.73,355.86,356.88356080165966,1.0235608016596416,0.2876301921147759
2026-02-09,Flipkart,iPad,iPad Air (5th Gen) 64GB,New,359.0,363.4,358.1764632850563,5.223536714943691,1.4374069111017314
2026-02-19,Flipkart,iPad,iPad Air (5th Gen) 64GB,New,353.29,358.19,359.7176111829582,1.5276111829581964,0.4264806898456675
2026-02-25,Flipkart,iPad,iPad Air (5th Gen) 64GB,New,361.75,363.22,357.1610404665923,6.058959533407744,1.6681238735223127
2026-03-09,Flipkart,iPad,iPad Air (5th Gen) 64GB,New,355.15,363.23,358.7801696754408,4.44983032455923,1.225072357613421
2026-03-13,Flipkart,iPad,iPad Air (5th Gen) 64GB,New,356.13,355.39,357.77266227325816,2.382662273258177,0.6704359360866026
2026-03-19,Flipkart,iPad,iPad Air (5th Gen) 64GB,New,355.05,354.53,359.3169076459943,4.786907645994347,1.3502122940214785
2026-03-21,Flipkart,iPad,iPad Air (5th Gen) 64GB,New,355.71,354.78,357.0482536813689,2.2682536813689467,0.6393409102454892
2026-03-22,Flipkart,iPad,iPad Air (5th Gen) 64GB,New,357.755,358.95,359.25965120618525,0.309651206185265,0.08626583261882295
2026-03-26,Flipkart,iPad,iPad Air (5th Gen) 64GB,New,354.53,364.7,359.0412309393171,5.658769060682914,1.5516229944290962
2026-03-28,Flipkart,iPad,iPad Air (5th Gen) 64GB,New,354.78,357.6,359.05174643874045,1.4517464387404289,0.4059693620638783
2026-03-29,Flipkart,iPad,iPad Air (5th Gen) 64GB,New,358.95,361.67,357.1728341223272,4.497165877672842,1.243444542724816
2026-04-02,Flipkart,iPad,iPad Air (5th Gen) 64GB,New,364.7,359.77,360.4316631830093,0.6616631830092956,0.1839128284763309
2026-04-05,Flipkart,iPad,iPad Air (5th Gen) 64GB,New,361.67,358.435,359.92420290371166,1.4892029037116572,0.41547362944792143
2026-04-09,Flipkart,iPad,iPad Air (5th Gen) 64GB,New,359.77,361.1,358.17701506485906,2.92298493514096,0.8094668887125338
2026-04-10,Flipkart,iPad,iPad Air (5th Gen) 64GB,New,362.54,363.26,356.25210859453205,7.007891405467944,1.9291668241666973
2026-04-17,Flipkart,iPad,iPad Air (5th Gen) 64GB,New,363.26,363.7,356.3124827772115,7.3875172227884605,2.0312117742063407
2026-04-27,Flipkart,iPad,iPad Air (5th Gen) 64GB,New,354.74,353.11,360.6350648159892,7.525064815989197,2.1310823301490176
2026-05-04,Flipkart,iPad,iPad Air (5th Gen) 64GB,New,353.11,359.03499999999997,358.9918402919489,0.04315970805106417,0.012021030832945026
2026-05-06,Flipkart,iPad,iPad Air (5th Gen) 64GB,New,357.32,361.54499999999996,360.0507923979582,1.4942076020417403,0.41328399010959643
2026-05-22,Flipkart,iPad,iPad Air (5th Gen) 64GB,New,362.62,361.71,356.1283353300115,5.58166466998847,1.543132528818244
2026-06-08,Flipkart,iPad,iPad Air (5th Gen) 64GB,New,361.005,363.29,362.4421719938291,0.8478280061709143,0.2333749913762873
2026-06-11,Flipkart,iPad,iPad Air (5th Gen) 64GB,New,358.07,363.21,361.3506768909043,1.8593231090956692,0.5119140742533711
2026-06-15,Flipkart,iPad,iPad Air (5th Gen) 64GB,New,363.29,359.8,362.7997467705028,2.9997467705027816,0.8337261730135579
2026-06-19,Flipkart,iPad,iPad Air (5th Gen) 64GB,New,359.01,362.5,358.1054170808274,4.394582919172592,1.2122987363234738
2026-06-28,Flipkart,iPad,iPad Air (5th Gen) 64GB,New,355.27,359.045,361.1411082062818,2.0961082062817695,0.5838009737725827
2026-07-04,Flipkart,iPad,iPad Air (5th Gen) 64GB,New,354.59,352.95,364.53529425432106,11.58529425432107,3.2824179782748466
2026-07-06,Flipkart,iPad,iPad Air (5th Gen) 64GB,New,356.47,366.46,361.3732726632212,5.086727336778779,1.3880716413193197
2026-07-07,Flipkart,iPad,iPad Air (5th Gen) 64GB,New,356.04,357.255,360.53987388887396,3.2848738888739604,0.9194759734290523
2026-07-09,Flipkart,iPad,iPad Air (5th Gen) 64GB,New,361.33500000000004,353.46,356.24537806197657,2.785378061976587,0.7880320437889965
2026-07-11,Flipkart,iPad,iPad Air (5th Gen) 64GB,New,352.95,361.29,357.62331108875316,3.6666889112468652,1.0148880155129854
2026-07-14,Flipkart,iPad,iPad Air (5th Gen) 64GB,New,357.255,356.47,356.04722034081806,0.4227796591819697,0.11860175026845728
2026-07-18,Flipkart,iPad,iPad Air (5th Gen) 64GB,New,361.29,356.135,351.43493325734335,4.700066742656645,1.319743002697473
2026-01-30,Flipkart,iPad,iPad Air (5th Gen) 64GB,Renewed/Refurbished,274.71,257.16,289.3326543183232,32.17265431832317,12.510753740209662
2026-05-26,Flipkart,iPad,iPad Air (5th Gen) 64GB,Renewed/Refurbished,292.9,253.49,279.2558986012633,25.765898601263302,10.164463529631663
2026-05-29,Flipkart,iPad,iPad Air (5th Gen) 64GB,Renewed/Refurbished,282.11,294.53,284.54526436077356,9.984735639226415,3.3900572570625793
2026-06-02,Flipkart,iPad,iPad Air (5th Gen) 64GB,Renewed/Refurbished,253.49,298.02,269.9654522139797,28.054547786020294,9.413645992222097
2026-06-20,Flipkart,iPad,iPad Air (5th Gen) 64GB,Renewed/Refurbished,255.9,285.44,284.3541728053979,1.085827194602075,0.38040470662909015
2026-06-21,Flipkart,iPad,iPad Air (5th Gen) 64GB,Renewed/Refurbished,275.79,258.04,287.5899279465315,29.549927946531454,11.451684989354927
2026-07-06,Flipkart,iPad,iPad Air (5th Gen) 64GB,Renewed/Refurbished,286.87,274.63,279.3414816635607,4.711481663560733,1.7155742866987338
2026-01-27,Flipkart,iPad,iPad Pro 11-inch (M1) 128GB,New,469.99,483.77,471.5236084203317,12.246391579668284,2.531449155521898
2026-01-31,Flipkart,iPad,iPad Pro 11-inch (M1) 128GB,New,479.07,472.45,479.87153199455025,7.421531994550264,1.5708608306805514
2026-02-04,Flipkart,iPad,iPad Pro 11-inch (M1) 128GB,New,478.09,484.86,473.9870477506084,10.87295224939163,2.242493142224896
2026-02-11,Flipkart,iPad,iPad Pro 11-inch (M1) 128GB,New,484.86,480.52,477.9235995663329,2.5964004336670996,0.5403313979994797
2026-02-18,Flipkart,iPad,iPad Pro 11-inch (M1) 128GB,New,480.52,477.17,479.7486091927981,2.578609192798069,0.5403963352260346
2026-02-21,Flipkart,iPad,iPad Pro 11-inch (M1) 128GB,New,478.5,470.25,481.37373633622576,11.123736336225761,2.365494170382937
2026-02-22,Flipkart,iPad,iPad Pro 11-inch (M1) 128GB,New,470.8,483.54,478.2186322249604,5.321367775039619,1.1005020836000368
2026-02-25,Flipkart,iPad,iPad Pro 11-inch (M1) 128GB,New,477.17,485.73,479.8930691863392,5.836930813660842,1.201682171918729
2026-03-02,Flipkart,iPad,iPad Pro 11-inch (M1) 128GB,New,485.78,482.525,476.23892232067413,6.286077679325842,1.3027465269832326
2026-03-06,Flipkart,iPad,iPad Pro 11-inch (M1) 128GB,New,486.71,471.05,483.38108503588336,12.331085035883348,2.617786866762201
2026-03-09,Flipkart,iPad,iPad Pro 11-inch (M1) 128GB,New,482.525,484.98,479.4139951710146,5.566004828985399,1.1476771885408468
2026-03-30,Flipkart,iPad,iPad Pro 11-inch (M1) 128GB,New,478.38,474.89,471.2795214615007,3.610478538499308,0.7602768090503712
2026-04-03,Flipkart,iPad,iPad Pro 11-inch (M1) 128GB,New,484.07,487.23,481.2398850151256,5.990114984874424,1.229422446252165
2026-04-14,Flipkart,iPad,iPad Pro 11-inch (M1) 128GB,New,487.92,480.46,478.39512274051543,2.064877259484547,0.42977089861477474
2026-04-19,Flipkart,iPad,iPad Pro 11-inch (M1) 128GB,New,470.6,474.57,480.58744957402456,6.0174495740245675,1.2679793442536544
2026-04-20,Flipkart,iPad,iPad Pro 11-inch (M1) 128GB,New,477.605,475.89,471.6528431806254,4.237156819374604,0.8903647522273224
2026-04-21,Flipkart,iPad,iPad Pro 11-inch (M1) 128GB,New,480.46,481.24,481.11797704033137,0.12202295966864085,0.025355947067708596
2026-04-23,Flipkart,iPad,iPad Pro 11-inch (M1) 128GB,New,471.8,473.03,478.7415450669173,5.711545066917324,1.207438231595739
2026-04-26,Flipkart,iPad,iPad Pro 11-inch (M1) 128GB,New,474.57,480.34,472.1371963252402,8.202803674759764,1.70770780587912
2026-04-27,Flipkart,iPad,iPad Pro 11-inch (M1) 128GB,New,475.89,485.26,471.9579570459173,13.302042954082708,2.74121974901758
2026-04-30,Flipkart,iPad,iPad Pro 11-inch (M1) 128GB,New,473.03,471.16,481.1163403263356,9.956340326335578,2.1131548362203025
2026-05-04,Flipkart,iPad,iPad Pro 11-inch (M1) 128GB,New,485.26,488.65,483.34943556914516,5.30056443085482,1.0847364025078932
2026-05-09,Flipkart,iPad,iPad Pro 11-inch (M1) 128GB,New,479.735,477.53,480.66088865112016,3.1308886511201877,0.6556422949595183
2026-05-12,Flipkart,iPad,iPad Pro 11-inch (M1) 128GB,New,477.04,488.78,474.17553737546774,14.604462624532232,2.9879419420868762
2026-05-15,Flipkart,iPad,iPad Pro 11-inch (M1) 128GB,New,488.9,479.64,483.2500810927872,3.6100810927871976,0.752664726208656
2026-06-08,Flipkart,iPad,iPad Pro 11-inch (M1) 128GB,New,482.92,478.2,471.20371991976015,6.996280080239842,1.4630447679297034
2026-06-11,Flipkart,iPad,iPad Pro 11-inch (M1) 128GB,New,473.53999999999996,488.03,477.315446509583,10.71455349041696,2.195470256012327
2026-06-15,Flipkart,iPad,iPad Pro 11-inch (M1) 128GB,New,478.2,470.96,478.00779690769866,7.047796907698682,1.4964746279299053
2026-06-23,Flipkart,iPad,iPad Pro 11-inch (M1) 128GB,New,475.38,474.09000000000003,480.336876139707,6.246876139706956,1.3176561707074512
2026-06-28,Flipkart,iPad,iPad Pro 11-inch (M1) 128GB,New,473.93,483.94,479.46425004029163,4.4757499597083665,0.9248563788296826
2026-07-05,Flipkart,iPad,iPad Pro 11-inch (M1) 128GB,New,483.94,479.69,481.4737343057879,1.7837343057879025,0.37185146777875344
2026-07-09,Flipkart,iPad,iPad Pro 11-inch (M1) 128GB,New,488.52,475.91,480.2766838648274,4.366683864827394,0.9175440450562908
2026-07-14,Flipkart,iPad,iPad Pro 11-inch (M1) 128GB,New,487.74,486.32,475.19971650294383,11.120283497056164,2.2866185838658013
2026-07-18,Flipkart,iPad,iPad Pro 11-inch (M1) 128GB,New,474.91,478.34,481.30025496281,2.9602549628100405,0.6188600081134843
2026-02-21,Flipkart,iPad,iPad Pro 11-inch (M1) 128GB,Renewed/Refurbished,338.99,338.21,366.055148061995,27.84514806199502,8.23309424972503
2026-02-28,Flipkart,iPad,iPad Pro 11-inch (M1) 128GB,Renewed/Refurbished,338.21,373.42,373.1262924516386,0.2937075483613967,0.0786534059132871
2026-05-15,Flipkart,iPad,iPad Pro 11-inch (M1) 128GB,Renewed/Refurbished,360.84,401.86,375.4380433404826,26.421956659517434,6.574915806379693
2026-01-26,Flipkart,iPad,iPad Pro 11-inch (M4) 256GB,New,911.14,916.85,895.65923733587,21.190762664130034,2.311257311897261
2026-01-27,Flipkart,iPad,iPad Pro 11-inch (M4) 256GB,New,903.315,887.05,908.4641749091792,21.414174909179224,2.414088823536354
2026-01-29,Flipkart,iPad,iPad Pro 11-inch (M4) 256GB,New,893.49,903.51,905.107491620206,1.5974916202060285,0.1768095118156997
2026-01-30,Flipkart,iPad,iPad Pro 11-inch (M4) 256GB,New,900.465,915.09,902.8766696405487,12.213330359451334,1.3346589252916472
2026-02-01,Flipkart,iPad,iPad Pro 11-inch (M4) 256GB,New,895.47,900.73,903.0129997844774,2.282999784477397,0.2534610576396253
2026-02-04,Flipkart,iPad,iPad Pro 11-inch (M4) 256GB,New,890.345,890.37,897.556024318852,7.186024318851992,0.8070829339321844
2026-02-05,Flipkart,iPad,iPad Pro 11-inch (M4) 256GB,New,903.51,897.15,898.1467623083156,0.9967623083156241,0.11110319437280544
2026-02-11,Flipkart,iPad,iPad Pro 11-inch (M4) 256GB,New,890.37,883.66,894.5357107641455,10.875710764145538,1.2307573913208179
2026-02-12,Flipkart,iPad,iPad Pro 11-inch (M4) 256GB,New,897.15,891.24,922.1582188481455,30.918218848145443,3.4691237879971104
2026-02-14,Flipkart,iPad,iPad Pro 11-inch (M4) 256GB,New,889.24,899.81,894.4783520469438,5.3316479530561764,0.5925304178722371
2026-02-19,Flipkart,iPad,iPad Pro 11-inch (M4) 256GB,New,891.24,888.18,889.1820898253942,1.0020898253942505,0.11282508336083347
2026-02-23,Flipkart,iPad,iPad Pro 11-inch (M4) 256GB,New,907.52,906.64,886.0465641862002,20.59343581379983,2.271401638334932
2026-03-02,Flipkart,iPad,iPad Pro 11-inch (M4) 256GB,New,906.64,897.9649999999999,890.870949364543,7.094050635456938,0.790014158175089
2026-03-04,Flipkart,iPad,iPad Pro 11-inch (M4) 256GB,New,903.68,890.72,902.2949426274665,11.574942627466498,1.2995040672115254
2026-03-10,Flipkart,iPad,iPad Pro 11-inch (M4) 256GB,New,909.0,892.02,894.5268603186416,2.5068603186416567,0.2810318511515052
2026-03-11,Flipkart,iPad,iPad Pro 11-inch (M4) 256GB,New,890.72,904.74,889.046193019169,15.693806980831027,1.734620662381571
2026-03-12,Flipkart,iPad,iPad Pro 11-inch (M4) 256GB,New,886.8399999999999,881.57,886.4414636679478,4.871463667947751,0.5525895468252947
2026-03-15,Flipkart,iPad,iPad Pro 11-inch (M4) 256GB,New,900.02,903.7850000000001,892.16158862485,11.623411375150113,1.2860814657413115
2026-03-17,Flipkart,iPad,iPad Pro 11-inch (M4) 256GB,New,892.02,883.71,888.4133046718573,4.703304671857268,0.5322226377269995
2026-03-18,Flipkart,iPad,iPad Pro 11-inch (M4) 256GB,New,904.74,916.41,897.2702159220887,19.13978407791126,2.0885612420108095
2026-03-19,Flipkart,iPad,iPad Pro 11-inch (M4) 256GB,New,881.57,907.97,883.4736028881136,24.49639711188638,2.6979302302814387
2026-03-21,Flipkart,iPad,iPad Pro 11-inch (M4) 256GB,New,905.78,900.915,889.4055302887988,11.509469711201177,1.277531144580918
2026-03-23,Flipkart,iPad,iPad Pro 11-inch (M4) 256GB,New,894.74,908.755,893.1182757292027,15.636724270797345,1.7206754593699451
2026-03-24,Flipkart,iPad,iPad Pro 11-inch (M4) 256GB,New,883.71,901.82,885.1430129889559,16.67698701104416,1.8492589442509768
2026-03-25,Flipkart,iPad,iPad Pro 11-inch (M4) 256GB,New,916.41,902.675,898.20365004485,4.4713499551500036,0.4953443880854132
2026-03-26,Flipkart,iPad,iPad Pro 11-inch (M4) 256GB,New,907.97,899.4449999999999,921.4996624589148,22.05466245891489,2.4520301362412256
2026-03-27,Flipkart,iPad,iPad Pro 11-inch (M4) 256GB,New,891.93,887.595,907.3137127789441,19.71871277894411,2.221588988102018
2026-03-28,Flipkart,iPad,iPad Pro 11-inch (M4) 256GB,New,900.915,904.145,900.3272886943412,3.817711305658804,0.42224547010256147
2026-03-31,Flipkart,iPad,iPad Pro 11-inch (M4) 256GB,New,901.82,899.85,897.1891281330711,2.6608718669289146,0.2957017132776479
2026-04-01,Flipkart,iPad,iPad Pro 11-inch (M4) 256GB,New,902.675,901.62,899.1531555472425,2.4668444527575275,0.2736013456619782
2026-04-02,Flipkart,iPad,iPad Pro 11-inch (M4) 256GB,New,899.4449999999999,901.38,903.3590118416087,1.979011841608667,0.2195535558375676
2026-04-03,Flipkart,iPad,iPad Pro 11-inch (M4) 256GB,New,887.595,900.22,891.1823511520847,9.037648847915307,1.0039377983065592
2026-04-04,Flipkart,iPad,iPad Pro 11-inch (M4) 256GB,New,904.145,898.3,897.8776660317646,0.4223339682353071,0.047014802208093856
2026-04-05,Flipkart,iPad,iPad Pro 11-inch (M4) 256GB,New,909.86,885.99,900.7078638722805,14.717863872280532,1.6611771997743239
2026-04-07,Flipkart,iPad,iPad Pro 11-inch (M4) 256GB,New,899.85,900.995,900.6697188530275,0.32528114697254296,0.03610243641446877
2026-04-09,Flipkart,iPad,iPad Pro 11-inch (M4) 256GB,New,901.38,899.365,896.0961592010245,3.268840798975475,0.36346097512972764
2026-04-12,Flipkart,iPad,iPad Pro 11-inch (M4) 256GB,New,885.99,885.11,880.8171304308673,4.292869569132677,0.4850097241170788
2026-04-14,Flipkart,iPad,iPad Pro 11-inch (M4) 256GB,New,900.995,881.96,891.6089595880475,9.648959588047433,1.0940359639946746
2026-04-16,Flipkart,iPad,iPad Pro 11-inch (M4) 256GB,New,899.365,905.385,898.3082638560883,7.076736143911717,0.7816272794349053
2026-04-19,Flipkart,iPad,iPad Pro 11-inch (M4) 256GB,New,885.11,890.13,873.361010157701,16.768989842298993,1.8838809884285435
2026-04-20,Flipkart,iPad,iPad Pro 11-inch (M4) 256GB,New,887.66,904.68,885.1145710743842,19.56542892561572,2.162690556397369
2026-04-21,Flipkart,iPad,iPad Pro 11-inch (M4) 256GB,New,881.96,907.49,881.491211463637,25.99878853636301,2.8649118487656073
2026-04-23,Flipkart,iPad,iPad Pro 11-inch (M4) 256GB,New,905.385,906.34,884.4252565546195,21.91474344538051,2.4179384607741583
2026-04-26,Flipkart,iPad,iPad Pro 11-inch (M4) 256GB,New,890.13,912.11,897.4385426317192,14.671457368280812,1.6085184208352952
2026-04-27,Flipkart,iPad,iPad Pro 11-inch (M4) 256GB,New,904.68,902.595,891.9026841682743,10.69231583172575,1.1846194396961816
2026-04-28,Flipkart,iPad,iPad Pro 11-inch (M4) 256GB,New,907.49,896.185,886.0439107669096,10.141089233090383,1.131584352905972
2026-04-29,Flipkart,iPad,iPad Pro 11-inch (M4) 256GB,New,903.835,887.08,902.0382563566714,14.958256356671313,1.6862353290200787
2026-05-02,Flipkart,iPad,iPad Pro 11-inch (M4) 256GB,New,913.71,890.625,907.8186239049971,17.19362390499714,1.930512157754065
2026-05-03,Flipkart,iPad,iPad Pro 11-inch (M4) 256GB,New,912.11,890.99,911.5189639414463,20.52896394144625,2.3040622163488083
2026-05-04,Flipkart,iPad,iPad Pro 11-inch (M4) 256GB,New,902.595,906.06,903.7984697293838,2.261530270616163,0.2496004978275349
2026-05-06,Flipkart,iPad,iPad Pro 11-inch (M4) 256GB,New,887.08,911.89,887.1993831641831,24.690616835816854,2.7076310559186805
2026-05-09,Flipkart,iPad,iPad Pro 11-inch (M4) 256GB,New,890.625,795.33,887.8312424492875,92.50124244928747,11.630548633810804
2026-05-10,Flipkart,iPad,iPad Pro 11-inch (M4) 256GB,New,890.99,793.17,880.0164936107908,86.84649361079084,10.949291275614414
2026-05-11,Flipkart,iPad,iPad Pro 11-inch (M4) 256GB,New,906.06,798.17,886.7212603184568,88.5512603184568,11.094285718387912
2026-05-13,Flipkart,iPad,iPad Pro 11-inch (M4) 256GB,New,911.89,802.51,870.4758592414316,67.96585924143164,8.469160414378841
2026-05-14,Flipkart,iPad,iPad Pro 11-inch (M4) 256GB,New,885.01,791.9,851.966401983608,60.06640198360799,7.585099379165045
2026-05-15,Flipkart,iPad,iPad Pro 11-inch (M4) 256GB,New,898.96,803.41,845.4726094681621,42.06260946816212,5.235509822900154
2026-05-16,Flipkart,iPad,iPad Pro 11-inch (M4) 256GB,New,795.33,799.905,799.2816860907558,0.6233139092441888,0.07792349207020695
2026-05-18,Flipkart,iPad,iPad Pro 11-inch (M4) 256GB,New,798.17,793.995,819.5210181810276,25.526018181027553,3.2148839956205713
2026-05-20,Flipkart,iPad,iPad Pro 11-inch (M4) 256GB,New,802.51,791.26,824.8412596423311,33.58125964233113,4.244023411057191
2026-05-25,Flipkart,iPad,iPad Pro 11-inch (M4) 256GB,New,793.995,805.82,801.4896580878745,4.330341912125505,0.537383275685079
2026-05-27,Flipkart,iPad,iPad Pro 11-inch (M4) 256GB,New,791.26,788.35,795.9595989690044,7.6095989690044235,0.965256417708432
2026-06-01,Flipkart,iPad,iPad Pro 11-inch (M4) 256GB,New,805.82,788.27,790.7763774033276,2.506377403327633,0.3179592529625171
2026-06-03,Flipkart,iPad,iPad Pro 11-inch (M4) 256GB,New,788.35,810.89,792.6592486806438,18.23075131935616,2.248239751304882
2026-06-04,Flipkart,iPad,iPad Pro 11-inch (M4) 256GB,New,800.565,805.4549999999999,783.1637254917622,22.291274508237734,2.767538162682923
2026-06-07,Flipkart,iPad,iPad Pro 11-inch (M4) 256GB,New,812.79,784.45,776.3409066335578,8.109093366442266,1.033729793669739
2026-06-09,Flipkart,iPad,iPad Pro 11-inch (M4) 256GB,New,810.82,804.48,776.6913604343506,27.78863956564942,3.454236222858172
2026-06-10,Flipkart,iPad,iPad Pro 11-inch (M4) 256GB,New,810.89,792.5550000000001,785.9049984277057,6.6500015722944,0.8390586864374586
2026-06-11,Flipkart,iPad,iPad Pro 11-inch (M4) 256GB,New,805.4549999999999,799.59,773.7062546887223,25.88374531127772,3.2371271915954076
2026-06-12,Flipkart,iPad,iPad Pro 11-inch (M4) 256GB,New,813.93,791.11,799.1162503931513,8.006250393151277,1.0120274542290297
2026-06-14,Flipkart,iPad,iPad Pro 11-inch (M4) 256GB,New,784.45,797.55,799.5364456258824,1.9864456258824248,0.24906847544134222
2026-06-17,Flipkart,iPad,iPad Pro 11-inch (M4) 256GB,New,792.5550000000001,787.815,798.2188941256856,10.403894125685497,1.3206011723165332
2026-06-20,Flipkart,iPad,iPad Pro 11-inch (M4) 256GB,New,813.06,794.04,793.6247755963719,0.4152244036280308,0.052292630551109616
2026-06-21,Flipkart,iPad,iPad Pro 11-inch (M4) 256GB,New,797.55,804.7,798.8649221626008,5.83507783739924,0.7251246225176139
2026-06-24,Flipkart,iPad,iPad Pro 11-inch (M4) 256GB,New,787.815,805.97,802.1788246737586,3.7911753262413868,0.47038665536451557
2026-06-27,Flipkart,iPad,iPad Pro 11-inch (M4) 256GB,New,794.04,792.85,794.5766155628062,1.7266155628061597,0.21777329416739102
2026-07-01,Flipkart,iPad,iPad Pro 11-inch (M4) 256GB,New,805.97,792.99,797.9508233145893,4.960823314589334,0.6255845993756962
2026-07-07,Flipkart,iPad,iPad Pro 11-inch (M4) 256GB,New,793.08,801.6300000000001,796.7113729340408,4.918627065959299,0.6135782176264983
2026-07-12,Flipkart,iPad,iPad Pro 11-inch (M4) 256GB,New,796.825,812.64,796.4910196610332,16.148980338966794,1.987224396899832
2026-07-14,Flipkart,iPad,iPad Pro 11-inch (M4) 256GB,New,801.6300000000001,800.21,798.2818686633896,1.9281313366104769,0.24095316687000623
2026-07-16,Flipkart,iPad,iPad Pro 11-inch (M4) 256GB,New,804.67,803.06,798.9925910447133,4.0674089552866235,0.5064887997517774
2026-07-17,Flipkart,iPad,iPad Pro 11-inch (M4) 256GB,New,796.87,801.9200000000001,797.6037355626489,4.316264437351151,0.538241275607436
2026-07-18,Flipkart,iPad,iPad Pro 11-inch (M4) 256GB,New,801.4649999999999,803.39,798.7940740537696,4.595925946230409,0.5720666110146266
2026-07-19,Flipkart,iPad,iPad Pro 11-inch (M4) 256GB,New,812.64,804.46,798.5576594989303,5.902340501069716,0.7337021730191329
2026-07-23,Flipkart,iPad,iPad Pro 11-inch (M4) 256GB,New,803.06,810.35,801.9995809030806,8.350419096919381,1.0304706727857569
2026-07-24,Flipkart,iPad,iPad Pro 11-inch (M4) 256GB,New,801.9200000000001,787.2,803.3530700070746,16.153070007074575,2.051965193988132
2026-02-12,Flipkart,iPad,iPad Pro 11-inch (M4) 256GB,Renewed/Refurbished,709.16,676.44,676.8630165671407,0.4230165671406212,0.06253571153991798
2026-02-14,Flipkart,iPad,iPad Pro 11-inch (M4) 256GB,Renewed/Refurbished,672.92,751.01,671.8867589214691,79.1232410785309,10.53557756601522
2026-02-19,Flipkart,iPad,iPad Pro 11-inch (M4) 256GB,Renewed/Refurbished,676.44,624.91,667.7511363875687,42.84113638756878,6.855569023950454
2026-02-21,Flipkart,iPad,iPad Pro 11-inch (M4) 256GB,Renewed/Refurbished,751.01,663.77,697.1629738824151,33.39297388241516,5.030804929782178
2026-02-24,Flipkart,iPad,iPad Pro 11-inch (M4) 256GB,Renewed/Refurbished,677.59,743.2149999999999,685.9266125677642,57.28838743223571,7.7081850382777155
2026-02-28,Flipkart,iPad,iPad Pro 11-inch (M4) 256GB,Renewed/Refurbished,663.77,643.92,664.9908406893763,21.070840689376382,3.272276166197103
2026-03-01,Flipkart,iPad,iPad Pro 11-inch (M4) 256GB,Renewed/Refurbished,706.5799999999999,707.395,678.2262180500612,29.16878194993876,4.1234079898697
2026-03-03,Flipkart,iPad,iPad Pro 11-inch (M4) 256GB,Renewed/Refurbished,743.2149999999999,647.24,709.7264229610889,62.48642296108892,9.654289438398262
2026-04-12,Flipkart,iPad,iPad Pro 11-inch (M4) 256GB,Renewed/Refurbished,670.5,750.48,680.8420593660941,69.63794063390594,9.279120114314297
2026-04-18,Flipkart,iPad,iPad Pro 11-inch (M4) 256GB,Renewed/Refurbished,631.99,645.44,659.2562715001637,13.81627150016368,2.140597344472558
2026-04-25,Flipkart,iPad,iPad Pro 11-inch (M4) 256GB,Renewed/Refurbished,645.44,669.87,674.659051180169,4.78905118016894,0.7149224745351994
2026-05-24,Flipkart,iPad,iPad Pro 11-inch (M4) 256GB,Renewed/Refurbished,645.01,659.105,640.8220923554011,18.282907644598936,2.773899097199829
2026-05-26,Flipkart,iPad,iPad Pro 11-inch (M4) 256GB,Renewed/Refurbished,589.32,681.3,621.7885530511646,59.51144694883533,8.734984140442585
2026-05-29,Flipkart,iPad,iPad Pro 11-inch (M4) 256GB,Renewed/Refurbished,664.84,657.43,638.2179105350613,19.212089464938686,2.9223019127418413
2026-06-02,Flipkart,iPad,iPad Pro 11-inch (M4) 256GB,Renewed/Refurbished,681.3,631.53,640.8071070533213,9.277107053321288,1.46898913010012
2026-06-06,Flipkart,iPad,iPad Pro 11-inch (M4) 256GB,Renewed/Refurbished,606.32,668.62,633.4099517098635,35.210048290136456,5.266077636046851
2026-06-13,Flipkart,iPad,iPad Pro 11-inch (M4) 256GB,Renewed/Refurbished,668.62,613.34,645.7407504412128,32.40075044121272,5.282673629832185
2026-06-28,Flipkart,iPad,iPad Pro 11-inch (M4) 256GB,Renewed/Refurbished,645.53,645.76,635.0935901543211,10.666409845678913,1.651760692157909
2026-07-10,Flipkart,iPad,iPad Pro 11-inch (M4) 256GB,Renewed/Refurbished,592.89,569.51,630.8438523979489,61.33385239794893,10.76958304471369
2026-07-17,Flipkart,iPad,iPad Pro 11-inch (M4) 256GB,Renewed/Refurbished,569.51,574.84,612.273340960973,37.43334096097294,6.511958277255052
2026-07-19,Flipkart,iPad,iPad Pro 11-inch (M4) 256GB,Renewed/Refurbished,616.905,616.6700000000001,632.4275349433465,15.7575349433464,2.555262124531175
2026-01-26,Flipkart,iPad,iPad Pro 12.9-inch (M2) 256GB,New,905.8199999999999,911.025,896.5746891399106,14.450310860089417,1.5861596399757876
2026-01-31,Flipkart,iPad,iPad Pro 12.9-inch (M2) 256GB,New,912.57,890.61,907.0040518677072,16.394051867707162,1.840766650689658
2026-02-02,Flipkart,iPad,iPad Pro 12.9-inch (M2) 256GB,New,911.025,892.23,904.0036854734121,11.773685473412115,1.3195796457653426
2026-02-03,Flipkart,iPad,iPad Pro 12.9-inch (M2) 256GB,New,892.9749999999999,903.4,897.6629948908267,5.73700510917331,0.6350459496538976
2026-02-09,Flipkart,iPad,iPad Pro 12.9-inch (M2) 256GB,New,892.23,906.36,892.7090401771273,13.650959822872665,1.5061299950210363
2026-02-16,Flipkart,iPad,iPad Pro 12.9-inch (M2) 256GB,New,906.36,884.74,897.691162435223,12.951162435222955,1.4638382389428481
2026-02-18,Flipkart,iPad,iPad Pro 12.9-inch (M2) 256GB,New,904.07,911.2,898.3065718991077,12.893428100892379,1.4149943043121573
2026-02-19,Flipkart,iPad,iPad Pro 12.9-inch (M2) 256GB,New,885.96,897.74,882.4515486717956,15.28845132820436,1.7029932194404125
2026-02-21,Flipkart,iPad,iPad Pro 12.9-inch (M2) 256GB,New,900.53,882.485,896.2435722834992,13.758572283499234,1.5590715177594219
2026-02-22,Flipkart,iPad,iPad Pro 12.9-inch (M2) 256GB,New,897.75,900.07,895.5717701851703,4.498229814829756,0.49976444219113575
2026-02-23,Flipkart,iPad,iPad Pro 12.9-inch (M2) 256GB,New,884.74,908.9,883.8247675016025,25.07523249839744,2.7588549343599342
2026-02-25,Flipkart,iPad,iPad Pro 12.9-inch (M2) 256GB,New,911.2,900.13,903.4192292864954,3.289229286495356,0.36541713824618177
2026-03-01,Flipkart,iPad,iPad Pro 12.9-inch (M2) 256GB,New,900.07,907.39,887.987248429562,19.402751570438,2.138303438481579
2026-03-02,Flipkart,iPad,iPad Pro 12.9-inch (M2) 256GB,New,908.9,906.69,904.088664984536,2.6013350154640875,0.2869045666616029
2026-03-04,Flipkart,iPad,iPad Pro 12.9-inch (M2) 256GB,New,900.13,881.77,893.9854864564736,12.215486456473627,1.3853370444076831
2026-03-19,Flipkart,iPad,iPad Pro 12.9-inch (M2) 256GB,New,891.81,896.95,906.2098606549056,9.259860654905538,1.0323720001009573
2026-03-22,Flipkart,iPad,iPad Pro 12.9-inch (M2) 256GB,New,888.49,896.78,885.7041334050901,11.075866594909826,1.2350706522123405
2026-03-28,Flipkart,iPad,iPad Pro 12.9-inch (M2) 256GB,New,892.35,891.18,885.1935073972642,5.98649260273578,0.6717489847994547
2026-03-29,Flipkart,iPad,iPad Pro 12.9-inch (M2) 256GB,New,896.78,898.09,891.7037978225302,6.3862021774698405,0.711087104574134
2026-03-31,Flipkart,iPad,iPad Pro 12.9-inch (M2) 256GB,New,912.53,913.05,894.8154500871981,18.234549912801867,1.997103106379921
2026-04-04,Flipkart,iPad,iPad Pro 12.9-inch (M2) 256GB,New,891.18,896.28,885.2770118189632,11.002988181036812,1.2276284398889648
2026-04-07,Flipkart,iPad,iPad Pro 12.9-inch (M2) 256GB,New,913.05,892.17,900.8082339543677,8.638233954367706,0.9682273506582498
2026-04-09,Flipkart,iPad,iPad Pro 12.9-inch (M2) 256GB,New,896.61,903.8199999999999,893.2100277674368,10.60997223256311,1.1739032365474442
2026-04-11,Flipkart,iPad,iPad Pro 12.9-inch (M2) 256GB,New,896.28,888.9,892.6291626303952,3.7291626303951944,0.41952555185006124
2026-04-13,Flipkart,iPad,iPad Pro 12.9-inch (M2) 256GB,New,883.06,894.12,882.7003699759624,11.419630024037588,1.2771921021828825
2026-04-14,Flipkart,iPad,iPad Pro 12.9-inch (M2) 256GB,New,892.17,904.2,889.7073215466905,14.492678453309509,1.602817789571943
2026-04-16,Flipkart,iPad,iPad Pro 12.9-inch (M2) 256GB,New,903.8199999999999,902.01,895.7379250113913,6.272074988608665,0.6953442853858233
2026-04-20,Flipkart,iPad,iPad Pro 12.9-inch (M2) 256GB,New,894.12,911.55,887.640846960337,23.90915303966301,2.622911857787616
2026-04-27,Flipkart,iPad,iPad Pro 12.9-inch (M2) 256GB,New,911.55,892.96,898.5673391735069,5.60733917350683,0.6279496476333576
2026-04-29,Flipkart,iPad,iPad Pro 12.9-inch (M2) 256GB,New,908.92,900.51,904.4337257599025,3.9237257599024815,0.4357226193937304
2026-05-04,Flipkart,iPad,iPad Pro 12.9-inch (M2) 256GB,New,892.96,885.89,891.0404246591991,5.150424659199075,0.5813842191693185
2026-05-06,Flipkart,iPad,iPad Pro 12.9-inch (M2) 256GB,New,900.51,897.36,890.7801783545973,6.579821645402717,0.7332421375370773
2026-05-07,Flipkart,iPad,iPad Pro 12.9-inch (M2) 256GB,New,892.91,899.41,886.4697909964491,12.940209003550876,1.4387441771328846
2026-05-11,Flipkart,iPad,iPad Pro 12.9-inch (M2) 256GB,New,885.89,894.835,878.9467863585214,15.888213641478615,1.775546736714435
2026-05-17,Flipkart,iPad,iPad Pro 12.9-inch (M2) 256GB,New,883.25,889.72,874.4195914852271,15.300408514772926,1.7196880495855917
2026-05-18,Flipkart,iPad,iPad Pro 12.9-inch (M2) 256GB,New,894.835,883.64,882.6990070157178,0.9409929842821612,0.10649053735482336
2026-05-19,Flipkart,iPad,iPad Pro 12.9-inch (M2) 256GB,New,892.89,894.13,884.0731603475639,10.05683965243611,1.124762579539453
2026-05-26,Flipkart,iPad,iPad Pro 12.9-inch (M2) 256GB,New,894.13,897.575,890.765381139516,6.809618860484079,0.7586685079780607
2026-05-29,Flipkart,iPad,iPad Pro 12.9-inch (M2) 256GB,New,903.45,899.43,884.9621550741948,14.467844925805139,1.6085570779054668
2026-06-05,Flipkart,iPad,iPad Pro 12.9-inch (M2) 256GB,New,899.43,885.51,875.4982282824009,10.011771717599117,1.1306220954703072
2026-06-08,Flipkart,iPad,iPad Pro 12.9-inch (M2) 256GB,New,890.44,907.2049999999999,886.2377919733602,20.967208026639696,2.311187441277297
2026-06-16,Flipkart,iPad,iPad Pro 12.9-inch (M2) 256GB,New,885.91,902.95,883.929976257079,19.020023742921012,2.1064315568880905
2026-06-18,Flipkart,iPad,iPad Pro 12.9-inch (M2) 256GB,New,884.98,902.675,872.972868897316,29.702131102684007,3.29045682030454
2026-06-28,Flipkart,iPad,iPad Pro 12.9-inch (M2) 256GB,New,913.42,892.72,901.2417149941924,8.521714994192394,0.9545787026382733
2026-07-05,Flipkart,iPad,iPad Pro 12.9-inch (M2) 256GB,New,892.72,894.69,884.5942801826682,10.095719817331883,1.1284042313350862
2026-07-08,Flipkart,iPad,iPad Pro 12.9-inch (M2) 256GB,New,891.32,914.13,886.2675256217298,27.862474378270235,3.0479772437476327
2026-07-15,Flipkart,iPad,iPad Pro 12.9-inch (M2) 256GB,New,914.13,902.005,892.1007336775165,9.904266322483522,1.098027873735015
2026-01-25,Flipkart,iPad,iPad Pro 12.9-inch (M2) 256GB,Renewed/Refurbished,754.1700000000001,644.86,720.4484139486619,75.58841394866192,11.721678185755344
2026-02-01,Flipkart,iPad,iPad Pro 12.9-inch (M2) 256GB,Renewed/Refurbished,644.86,648.72,676.1236460851178,27.40364608511777,4.224264102404391
2026-02-10,Flipkart,iPad,iPad Pro 12.9-inch (M2) 256GB,Renewed/Refurbished,707.04,689.42,684.2802246832541,5.13977531674584,0.7455216438086857
2026-03-04,Flipkart,iPad,iPad Pro 12.9-inch (M2) 256GB,Renewed/Refurbished,735.8,631.31,695.4119140746844,64.10191407468449,10.153793552246043
2026-05-03,Flipkart,iPad,iPad Pro 12.9-inch (M2) 256GB,Renewed/Refurbished,698.815,701.78,679.7672379344172,22.01276206558282,3.136704104645732
2026-06-17,Flipkart,iPad,iPad Pro 12.9-inch (M2) 256GB,Renewed/Refurbished,721.99,646.74,692.8407311684346,46.10073116843455,7.12817069741079
2026-02-06,Flipkart,iPhone,iPhone 12 64GB,New,487.86,480.31,483.879379860502,3.5693798605020106,0.7431408591330622
2026-02-18,Flipkart,iPhone,iPhone 12 64GB,New,482.31,471.02,480.66020177080156,9.640201770801582,2.046665061101775
2026-02-24,Flipkart,iPhone,iPhone 12 64GB,New,481.28,477.86,485.91617782067317,8.056177820673156,1.685886623838186
2026-03-01,Flipkart,iPhone,iPhone 12 64GB,New,480.02,484.06,485.9704201575409,1.910420157540898,0.3946659830477416
2026-03-03,Flipkart,iPhone,iPhone 12 64GB,New,477.86,481.89,472.81888529906064,9.071114700939347,1.8824035985264993
2026-03-07,Flipkart,iPhone,iPhone 12 64GB,New,475.97,481.65,476.2497851585686,5.400214841431364,1.121190665718128
2026-03-22,Flipkart,iPhone,iPhone 12 64GB,New,482.54,476.34000000000003,483.0275822855927,6.6875822855926685,1.4039514392225445
2026-03-24,Flipkart,iPhone,iPhone 12 64GB,New,475.44,473.28999999999996,482.13922445118834,8.849224451188377,1.8697256335837176
2026-03-26,Flipkart,iPhone,iPhone 12 64GB,New,478.72,488.1,476.68334966740736,11.416650332592667,2.3389982242558216
2026-03-29,Flipkart,iPhone,iPhone 12 64GB,New,476.34000000000003,482.9,479.3263141388118,3.573685861188153,0.740046771834366
2026-03-30,Flipkart,iPhone,iPhone 12 64GB,New,474.06,476.65,479.38051288355695,2.730512883556969,0.5728549005679154
2026-03-31,Flipkart,iPhone,iPhone 12 64GB,New,473.28999999999996,487.81,480.0100550528332,7.799944947166807,1.5989719249639833
2026-04-02,Flipkart,iPhone,iPhone 12 64GB,New,488.1,477.955,480.3720005637375,2.417000563737531,0.5056962608901531
2026-04-06,Flipkart,iPhone,iPhone 12 64GB,New,476.65,476.32,478.7477686017017,2.4277686017017004,0.5096927699239377
2026-04-08,Flipkart,iPhone,iPhone 12 64GB,New,474.05499999999995,485.88,474.66582236161673,11.214177638383262,2.308013838475192
2026-04-13,Flipkart,iPhone,iPhone 12 64GB,New,476.32,474.93499999999995,483.00751353193283,8.072513531932884,1.6997091248134766
2026-04-15,Flipkart,iPhone,iPhone 12 64GB,New,485.88,476.78,479.2174062773625,2.437406277362527,0.5112224248841242
2026-04-20,Flipkart,iPhone,iPhone 12 64GB,New,474.93499999999995,483.125,473.18918581120016,9.935814188799839,2.056572147746409
2026-04-21,Flipkart,iPhone,iPhone 12 64GB,New,485.06,475.66,484.63639238581953,8.976392385819508,1.8871446801958347
2026-04-22,Flipkart,iPhone,iPhone 12 64GB,New,476.78,478.21,480.221917571583,2.0119175715830124,0.4207184231996429
2026-04-24,Flipkart,iPhone,iPhone 12 64GB,New,480.40999999999997,480.23,485.0386222597055,4.808622259705487,1.001316506612558
2026-05-01,Flipkart,iPhone,iPhone 12 64GB,New,480.23,486.59,484.04837957572335,2.54162042427663,0.522333057456304
2026-05-23,Flipkart,iPhone,iPhone 12 64GB,New,486.62,477.92,486.7273722380245,8.80737223802447,1.842854920912385
2026-05-26,Flipkart,iPhone,iPhone 12 64GB,New,487.36,476.81,483.5153393318197,6.705339331819687,1.406291674213982
2026-06-03,Flipkart,iPhone,iPhone 12 64GB,New,484.005,474.95,481.5868220887525,6.636822088752524,1.3973727947684018
2026-06-07,Flipkart,iPhone,iPhone 12 64GB,New,483.03,480.64,485.9962272482794,5.356227248279424,1.1143948169689215
2026-06-10,Flipkart,iPhone,iPhone 12 64GB,New,474.95,471.16,478.6854821968248,7.5254821968247825,1.5972243392530738
2026-06-17,Flipkart,iPhone,iPhone 12 64GB,New,471.16,480.54,481.6508044522451,1.1108044522450768,0.23115754198299343
2026-06-22,Flipkart,iPhone,iPhone 12 64GB,New,473.84,473.185,482.4854854456461,9.300485445646075,1.9655072425470113
2026-06-23,Flipkart,iPhone,iPhone 12 64GB,New,473.65,476.20500000000004,480.6131636025956,4.40816360259555,0.9256861231183103
2026-07-05,Flipkart,iPhone,iPhone 12 64GB,New,484.54,480.32,485.2156142006164,4.895614200616421,1.019240131707283
2026-07-12,Flipkart,iPhone,iPhone 12 64GB,New,480.32,477.39,483.5913534786803,6.201353478680289,1.2990120192463792
2026-07-18,Flipkart,iPhone,iPhone 12 64GB,New,474.6,478.33,472.99942712262845,5.330572877371537,1.1144132455358304
2026-06-26,Flipkart,iPhone,iPhone 12 64GB,Renewed/Refurbished,346.11,357.68,373.7371100871581,16.057110087158094,4.489239008934828
2026-07-02,Flipkart,iPhone,iPhone 12 64GB,Renewed/Refurbished,377.51,377.84,369.6123871299757,8.227612870024302,2.1775388709570986
2026-07-03,Flipkart,iPhone,iPhone 12 64GB,Renewed/Refurbished,357.68,384.44,373.59161681216665,10.848383187833349,2.8218663999150317
2026-02-02,Flipkart,iPhone,iPhone 12 Pro 128GB,New,593.1,589.14,602.6355819828334,13.495581982833414,2.29072580080005
2026-02-09,Flipkart,iPhone,iPhone 12 Pro 128GB,New,589.14,610.07,595.9204732551307,14.149526744869377,2.319328395900368
2026-02-16,Flipkart,iPhone,iPhone 12 Pro 128GB,New,610.07,601.85,597.8730277166812,3.976972283318787,0.6607912741245804
2026-02-22,Flipkart,iPhone,iPhone 12 Pro 128GB,New,590.54,593.19,602.7393397787798,9.549339778779768,1.6098281796354905
2026-02-25,Flipkart,iPhone,iPhone 12 Pro 128GB,New,610.2,600.94,599.1770518508057,1.762948149194358,0.2933650862306317
2026-02-27,Flipkart,iPhone,iPhone 12 Pro 128GB,New,610.19,601.83,612.963430424206,11.133430424205926,1.849929452537415
2026-03-17,Flipkart,iPhone,iPhone 12 Pro 128GB,New,607.62,588.51,596.6117825273604,8.101782527360456,1.3766601293708614
2026-03-25,Flipkart,iPhone,iPhone 12 Pro 128GB,New,587.57,609.49,599.0083858436612,10.481614156338765,1.719735214086985
2026-03-30,Flipkart,iPhone,iPhone 12 Pro 128GB,New,598.92,587.56,595.6204576242235,8.060457624223545,1.3718526829980846
2026-04-01,Flipkart,iPhone,iPhone 12 Pro 128GB,New,609.49,603.9,589.2943433616583,14.605656638341657,2.418555495668431
2026-04-06,Flipkart,iPhone,iPhone 12 Pro 128GB,New,587.56,592.24,580.2985884911675,11.941411508832516,2.0163128982899696
2026-04-22,Flipkart,iPhone,iPhone 12 Pro 128GB,New,606.32,594.94,586.8724608356563,8.06753916434377,1.3560256772689296
2026-04-24,Flipkart,iPhone,iPhone 12 Pro 128GB,New,607.05,606.77,605.3070469462612,1.4629530537388291,0.24110504041709857
2026-05-01,Flipkart,iPhone,iPhone 12 Pro 128GB,New,606.77,598.6600000000001,606.0037176473911,7.343717647391031,1.226692554603787
2026-05-22,Flipkart,iPhone,iPhone 12 Pro 128GB,New,602.85,588.57,598.5099679928902,9.93996799289016,1.6888336124658339
2026-05-29,Flipkart,iPhone,iPhone 12 Pro 128GB,New,588.57,593.89,586.4621144113188,7.4278855886811925,1.2507174036742819
2026-06-03,Flipkart,iPhone,iPhone 12 Pro 128GB,New,593.02,596.13,583.6429921034303,12.487007896569708,2.094678660119388
2026-06-13,Flipkart,iPhone,iPhone 12 Pro 128GB,New,600.49,590.89,591.1291016248342,0.23910162483423392,0.04046465921478345
2026-07-06,Flipkart,iPhone,iPhone 12 Pro 128GB,New,593.21,591.235,592.4919952158739,1.2569952158738715,0.21260500746300057
2026-07-24,Flipkart,iPhone,iPhone 12 Pro 128GB,New,599.95,600.82,586.4263881673032,14.39361183269682,2.39566123509484
2026-04-07,Flipkart,iPhone,iPhone 12 Pro 128GB,Renewed/Refurbished,483.86,463.06,462.5807712445014,0.4792287554985819,0.10349171932332352
2026-04-13,Flipkart,iPhone,iPhone 12 Pro 128GB,Renewed/Refurbished,448.04,518.51,452.1976402532446,66.31235974675542,12.78902234224131
2026-04-20,Flipkart,iPhone,iPhone 12 Pro 128GB,Renewed/Refurbished,518.51,475.86,471.1496510957766,4.710348904223395,0.9898602328885375
2026-06-29,Flipkart,iPhone,iPhone 12 Pro 128GB,Renewed/Refurbished,501.82,449.92,474.68261712601003,24.762617126010014,5.50378225595884
2026-07-06,Flipkart,iPhone,iPhone 12 Pro 128GB,Renewed/Refurbished,449.92,442.28,458.40199382205236,16.12199382205239,3.645200737553674
2026-07-22,Flipkart,iPhone,iPhone 12 Pro 128GB,Renewed/Refurbished,475.28,457.85,464.4108811661314,6.560881166131367,1.432976120155371
2026-02-04,Flipkart,iPhone,iPhone 13 128GB,New,481.96,476.07,485.27330271096326,9.203302710963271,1.9331826645164096
2026-02-08,Flipkart,iPhone,iPhone 13 128GB,New,485.16,471.58,488.12756004428843,16.547560044288446,3.5089613733170295
2026-02-11,Flipkart,iPhone,iPhone 13 128GB,New,476.07,474.61,482.1875859931321,7.577585993132061,1.5965921478966016
2026-02-17,Flipkart,iPhone,iPhone 13 128GB,New,474.65,483.25,480.42507188062655,2.8249281193734532,0.5845686744694161
2026-02-24,Flipkart,iPhone,iPhone 13 128GB,New,483.25,486.8,478.6395901583938,8.160409841606224,1.676337272310235
2026-03-05,Flipkart,iPhone,iPhone 13 128GB,New,472.61,477.885,484.83086196571304,6.94586196571305,1.4534588793774756
2026-03-12,Flipkart,iPhone,iPhone 13 128GB,New,477.885,478.52,474.4131005936449,4.106899406355069,0.8582503147945894
2026-03-17,Flipkart,iPhone,iPhone 13 128GB,New,480.08,477.37,484.30930095821833,6.939300958218325,1.453652503973506
2026-03-19,Flipkart,iPhone,iPhone 13 128GB,New,478.52,488.59,475.2101900326861,13.37980996731386,2.7384535023872494
2026-03-20,Flipkart,iPhone,iPhone 13 128GB,New,479.97,475.15,475.512744276303,0.3627442763030331,0.07634310771399201
2026-03-24,Flipkart,iPhone,iPhone 13 128GB,New,477.37,483.89,477.1002452620738,6.78975473792616,1.4031607881804047
2026-03-26,Flipkart,iPhone,iPhone 13 128GB,New,488.59,470.04,484.47128973721226,14.43128973721224,3.0702258823104924
2026-04-06,Flipkart,iPhone,iPhone 13 128GB,New,478.22,483.04,483.41374275072803,0.3737427507280131,0.0773730437909931
2026-04-13,Flipkart,iPhone,iPhone 13 128GB,New,483.04,481.74,483.5186750113658,1.7786750113658059,0.369218875610455
2026-04-14,Flipkart,iPhone,iPhone 13 128GB,New,488.3,486.67,486.76134427721377,0.09134427721375005,0.018769243473760463
2026-04-20,Flipkart,iPhone,iPhone 13 128GB,New,481.74,487.9,487.2473946307091,0.6526053692908818,0.13375801789114197
2026-04-21,Flipkart,iPhone,iPhone 13 128GB,New,486.67,482.59,480.76337313342094,1.8266268665790335,0.3785049144364851
2026-04-24,Flipkart,iPhone,iPhone 13 128GB,New,472.79,474.99,480.26226284672515,5.272262846725141,1.1099734408566793
2026-04-25,Flipkart,iPhone,iPhone 13 128GB,New,486.28,478.03499999999997,483.63084038919493,5.5958403891949615,1.1705921928718528
2026-04-30,Flipkart,iPhone,iPhone 13 128GB,New,479.27,475.23,475.7970000550134,0.5670000550134091,0.11931066115636829
2026-05-03,Flipkart,iPhone,iPhone 13 128GB,New,472.83,478.06,481.860463736564,3.8004637365639837,0.7949763076944283
2026-05-11,Flipkart,iPhone,iPhone 13 128GB,New,486.68,483.18,479.4040830518582,3.7759169481417985,0.7814721114578
2026-05-15,Flipkart,iPhone,iPhone 13 128GB,New,470.05,482.99,478.6303933180776,4.359606681922401,0.9026287670391521
2026-05-16,Flipkart,iPhone,iPhone 13 128GB,New,471.3,478.08000000000004,482.97412199377703,4.8941219937769915,1.0237035629553612
2026-05-23,Flipkart,iPhone,iPhone 13 128GB,New,478.08000000000004,487.56,481.922737331254,5.637262668746018,1.156219269166055
2026-06-10,Flipkart,iPhone,iPhone 13 128GB,New,478.755,482.05,473.29613999624223,8.75386000375778,1.8159651496230222
2026-06-11,Flipkart,iPhone,iPhone 13 128GB,New,482.5,471.44,484.9496993391262,13.5096993391262,2.8656243295278725
2026-06-12,Flipkart,iPhone,iPhone 13 128GB,New,480.385,484.59,482.57679691892645,2.0132030810735273,0.4154446193841242
2026-06-19,Flipkart,iPhone,iPhone 13 128GB,New,484.59,481.44,482.53843178528865,1.0984317852886534,0.22815548880206327
2026-06-20,Flipkart,iPhone,iPhone 13 128GB,New,478.35,472.99,478.86591480548975,5.875914805489742,1.2422915506648644
2026-06-27,Flipkart,iPhone,iPhone 13 128GB,New,472.99,476.91999999999996,483.5277888657224,6.607788865722455,1.3855130558002298
2026-07-05,Flipkart,iPhone,iPhone 13 128GB,New,473.69,484.6,482.6637811317681,1.936218868231947,0.39954991090217645
2026-04-05,Flipkart,iPhone,iPhone 13 128GB,Renewed/Refurbished,397.51,378.82,382.3297442832789,3.5097442832789056,0.9264939241008673
2026-04-23,Flipkart,iPhone,iPhone 13 128GB,Renewed/Refurbished,397.11,395.62,393.52957685531703,2.0904231446829726,0.5283916750121259
2026-06-22,Flipkart,iPhone,iPhone 13 128GB,Renewed/Refurbished,379.36,362.61,378.59377671019115,15.983776710191137,4.407980119188974
2026-07-16,Flipkart,iPhone,iPhone 13 128GB,Renewed/Refurbished,359.38,347.84,366.7512311203558,18.911231120355808,5.4367614766432295
2026-02-03,Flipkart,iPhone,iPhone 13 Pro Max 256GB,New,789.84,806.65,802.5759316374739,4.074068362526077,0.505060232136128
2026-02-16,Flipkart,iPhone,iPhone 13 Pro Max 256GB,New,806.5350000000001,791.53,801.8092114225612,10.279211422561275,1.2986508941621007
2026-02-19,Flipkart,iPhone,iPhone 13 Pro Max 256GB,New,790.49,797.19,803.1307586813482,5.940758681348143,0.745212393701394
2026-02-24,Flipkart,iPhone,iPhone 13 Pro Max 256GB,New,793.66,807.18,797.6334850476621,9.546514952337816,1.1826996397752443
2026-02-26,Flipkart,iPhone,iPhone 13 Pro Max 256GB,New,797.19,785.08,796.890100629787,11.810100629786916,1.5043181115028934
2026-03-28,Flipkart,iPhone,iPhone 13 Pro Max 256GB,New,814.74,796.32,793.4078296714432,2.91217032855684,0.36570352729516276
2026-05-10,Flipkart,iPhone,iPhone 13 Pro Max 256GB,New,795.29,796.31,800.470338334275,4.160338334275025,0.522452102105339
2026-05-12,Flipkart,iPhone,iPhone 13 Pro Max 256GB,New,793.26,810.98,791.5858077753414,19.394192224658582,2.391451358191149
2026-05-17,Flipkart,iPhone,iPhone 13 Pro Max 256GB,New,796.31,807.76,790.5624742497553,17.197525750244722,2.1290390400917008
2026-05-21,Flipkart,iPhone,iPhone 13 Pro Max 256GB,New,794.4300000000001,792.86,794.5504968004387,1.6904968004387229,0.21321504432544494
2026-05-24,Flipkart,iPhone,iPhone 13 Pro Max 256GB,New,807.76,802.19,795.4054196473975,6.784580352602575,0.8457572835117085
2026-06-11,Flipkart,iPhone,iPhone 13 Pro Max 256GB,New,797.12,798.55,797.3905214078239,1.159478592176015,0.14519799538864378
2026-06-29,Flipkart,iPhone,iPhone 13 Pro Max 256GB,New,784.21,793.9449999999999,788.4804026041097,5.464597395890223,0.6882841249570466
2026-07-04,Flipkart,iPhone,iPhone 13 Pro Max 256GB,New,809.47,809.51,793.5423809312714,15.967619068728595,1.972504239444676
2026-07-06,Flipkart,iPhone,iPhone 13 Pro Max 256GB,New,793.9449999999999,789.61,801.3707570538669,11.760757053866882,1.4894387170713241
2026-07-11,Flipkart,iPhone,iPhone 13 Pro Max 256GB,New,809.51,808.49,800.0165834615556,8.47341653844444,1.0480545879905057
2026-02-18,Flipkart,iPhone,iPhone 13 Pro Max 256GB,Renewed/Refurbished,567.59,570.32,619.5217781201279,49.20177812012787,8.627047643450672
2026-04-28,Flipkart,iPhone,iPhone 13 Pro Max 256GB,Renewed/Refurbished,631.21,604.08,620.6733375033791,16.593337503379075,2.7468774836741945
2026-05-14,Flipkart,iPhone,iPhone 13 Pro Max 256GB,Renewed/Refurbished,562.76,637.385,597.9590530244051,39.42594697559491,6.185578100456539
2026-05-21,Flipkart,iPhone,iPhone 13 Pro Max 256GB,Renewed/Refurbished,637.385,670.48,609.9187675533038,60.56123244669618,9.032518859130203
2026-05-23,Flipkart,iPhone,iPhone 13 Pro Max 256GB,Renewed/Refurbished,579.18,604.6,607.4527895301527,2.852789530152677,0.4718474247688847
2026-07-21,Flipkart,iPhone,iPhone 13 Pro Max 256GB,Renewed/Refurbished,586.55,641.16,590.2981300254859,50.86186997451409,7.932789003449075
2026-01-30,Flipkart,iPhone,iPhone 14 128GB,New,498.165,499.33,494.9232990326307,4.406700967369261,0.8825227739910001
2026-02-03,Flipkart,iPhone,iPhone 14 128GB,New,507.32,495.29,496.4741624894041,1.1841624894040592,0.23908467552425025
2026-02-06,Flipkart,iPhone,iPhone 14 128GB,New,499.33,498.36,499.88729389424304,1.52729389424303,0.3064639807053195
2026-02-14,Flipkart,iPhone,iPhone 14 128GB,New,496.07,502.18,499.68218143368654,2.4978185663134695,0.4973950707542056
2026-02-18,Flipkart,iPhone,iPhone 14 128GB,New,506.11,493.32,502.0069058037979,8.686905803797913,1.7609068766313778
2026-02-22,Flipkart,iPhone,iPhone 14 128GB,New,501.545,504.03,502.3844375701076,1.6455624298923794,0.3264810487257464
2026-02-25,Flipkart,iPhone,iPhone 14 128GB,New,493.32,500.31,498.73086300180836,1.5791369981916432,0.31563170797938145
2026-03-01,Flipkart,iPhone,iPhone 14 128GB,New,504.03,507.3,506.67098515483985,0.6290148451601567,0.12399267596297195
2026-03-03,Flipkart,iPhone,iPhone 14 128GB,New,492.5,494.35,502.76914331733235,8.419143317332328,1.7030733928051638
2026-03-04,Flipkart,iPhone,iPhone 14 128GB,New,500.31,504.59,505.7978871272285,1.2078871272285028,0.23937991780029386
2026-03-08,Flipkart,iPhone,iPhone 14 128GB,New,507.3,501.22,504.576047323419,3.356047323418977,0.6695756999758543
2026-03-11,Flipkart,iPhone,iPhone 14 128GB,New,504.59,503.7,512.1798982848884,8.479898284888407,1.6835215971587068
2026-03-14,Flipkart,iPhone,iPhone 14 128GB,New,501.345,493.83,507.992294388482,14.162294388481996,2.867848123540894
2026-03-18,Flipkart,iPhone,iPhone 14 128GB,New,503.7,501.19,511.0581811688925,9.868181168892477,1.968950132463233
2026-03-25,Flipkart,iPhone,iPhone 14 128GB,New,501.19,504.92,510.6450923278201,5.725092327820107,1.1338612706607198
2026-04-01,Flipkart,iPhone,iPhone 14 128GB,New,504.92,495.235,502.9347103042062,7.699710304206178,1.55475891328484
2026-04-09,Flipkart,iPhone,iPhone 14 128GB,New,503.06,494.93,500.42550458762014,5.4955045876201325,1.1103599675954443
2026-04-22,Flipkart,iPhone,iPhone 14 128GB,New,492.85,502.88,498.26218745242505,4.6178125475749425,0.918273255562946
2026-04-28,Flipkart,iPhone,iPhone 14 128GB,New,501.48,492.7,504.307534933808,11.607534933807983,2.3559031730886915
2026-05-05,Flipkart,iPhone,iPhone 14 128GB,New,492.7,491.28,497.36828117580797,6.088281175807992,1.239269088057318
2026-05-09,Flipkart,iPhone,iPhone 14 128GB,New,493.92,499.23,503.2874926741222,4.057492674122159,0.8127501700863647
2026-05-10,Flipkart,iPhone,iPhone 14 128GB,New,507.55,505.45,503.4844875325581,1.9655124674418971,0.38886387722660937
2026-05-11,Flipkart,iPhone,iPhone 14 128GB,New,503.91,502.3,506.8033671683086,4.503367168308614,0.8965493068502118
2026-05-16,Flipkart,iPhone,iPhone 14 128GB,New,499.23,501.28,504.60149345138797,3.321493451387994,0.6626024280617606
2026-05-17,Flipkart,iPhone,iPhone 14 128GB,New,505.45,499.27,500.9131397473348,1.6431397473348284,0.32910844780075477
2026-05-23,Flipkart,iPhone,iPhone 14 128GB,New,501.28,501.145,505.2312531083516,4.086253108351627,0.8153833936987552
2026-05-24,Flipkart,iPhone,iPhone 14 128GB,New,499.27,497.62,499.6562428923847,2.036242892384678,0.4091963531177762
2026-05-26,Flipkart,iPhone,iPhone 14 128GB,New,503.01,490.14,502.64900328182836,12.50900328182837,2.552128633008604
2026-05-30,Flipkart,iPhone,iPhone 14 128GB,New,501.145,497.13,507.0197345819158,9.889734581915832,1.989365876514359
2026-06-01,Flipkart,iPhone,iPhone 14 128GB,New,495.16,503.29,502.76694998202026,0.5230500179797559,0.1039261694012907
2026-06-06,Flipkart,iPhone,iPhone 14 128GB,New,497.13,498.2,499.4433519193685,1.2433519193685356,0.24956883166771088
2026-06-08,Flipkart,iPhone,iPhone 14 128GB,New,503.29,498.63,498.6626329977697,0.03263299776972417,0.006544531570447861
2026-06-13,Flipkart,iPhone,iPhone 14 128GB,New,498.2,491.15,494.87456811631336,3.724568116313378,0.7583361735342316
2026-06-14,Flipkart,iPhone,iPhone 14 128GB,New,499.11,501.45,494.5981822807756,6.851817719224414,1.3664009809999829
2026-06-15,Flipkart,iPhone,iPhone 14 128GB,New,498.63,496.775,492.9846012760582,3.7903987239417916,0.7630011018955849
2026-06-20,Flipkart,iPhone,iPhone 14 128GB,New,491.15,504.53,494.11858995899524,10.411410041004729,2.063585919767849
2026-06-21,Flipkart,iPhone,iPhone 14 128GB,New,501.45,498.17,495.80161168932955,2.3683883106704684,0.4754176908827244
2026-06-22,Flipkart,iPhone,iPhone 14 128GB,New,496.775,503.21000000000004,496.2272246681871,6.982775331812945,1.3876463766246587
2026-06-27,Flipkart,iPhone,iPhone 14 128GB,New,504.53,494.46,497.7820601501593,3.3220601501593023,0.671856196691199
2026-06-28,Flipkart,iPhone,iPhone 14 128GB,New,498.17,506.48,495.26005562333205,11.219944376667968,2.215278861291259
2026-06-29,Flipkart,iPhone,iPhone 14 128GB,New,503.21000000000004,492.15,509.7294713739116,17.579471373911645,3.57197427083443
2026-07-02,Flipkart,iPhone,iPhone 14 128GB,New,505.96,504.4,502.74302445334314,1.656975546656838,0.32850427174005514
2026-07-06,Flipkart,iPhone,iPhone 14 128GB,New,492.15,496.455,498.6152191465287,2.160219146528732,0.43512889315823833
2026-07-08,Flipkart,iPhone,iPhone 14 128GB,New,498.55,498.27,496.81072051252943,1.4592794874705532,0.29286922501265444
2026-07-09,Flipkart,iPhone,iPhone 14 128GB,New,504.4,499.85,503.7143323370467,3.864332337046676,0.7730983969284136
2026-07-13,Flipkart,iPhone,iPhone 14 128GB,New,496.455,506.22,495.9357452246793,10.284254775320733,2.0315781232113963
2026-07-16,Flipkart,iPhone,iPhone 14 128GB,New,499.85,496.92,497.4029980929005,0.48299809290045914,0.09719836048065264
2026-07-20,Flipkart,iPhone,iPhone 14 128GB,New,506.22,508.27,501.1988108437512,7.071189156248806,1.3912269377002
2026-02-17,Flipkart,iPhone,iPhone 14 128GB,Renewed/Refurbished,407.66,354.17,395.96920049454496,41.79920049454495,11.802016120660968
2026-03-23,Flipkart,iPhone,iPhone 14 128GB,Renewed/Refurbished,421.94,377.58,390.4235593274863,12.843559327486332,3.401546513980172
2026-03-28,Flipkart,iPhone,iPhone 14 128GB,Renewed/Refurbished,378.98,359.48,389.5819864066361,30.10198640663606,8.373758319415838
2026-03-30,Flipkart,iPhone,iPhone 14 128GB,Renewed/Refurbished,377.58,409.78,388.35196632431337,21.428033675686606,5.229155565348872
2026-04-04,Flipkart,iPhone,iPhone 14 128GB,Renewed/Refurbished,359.48,351.05,384.41041210170476,33.36041210170475,9.503037203163297
2026-04-12,Flipkart,iPhone,iPhone 14 128GB,Renewed/Refurbished,422.05,378.97,386.72825459496994,7.758254594969912,2.0471949217536776
2026-05-10,Flipkart,iPhone,iPhone 14 128GB,Renewed/Refurbished,408.75,392.04,382.56262392552264,9.477376074477377,2.4174512994789756
2026-05-17,Flipkart,iPhone,iPhone 14 128GB,Renewed/Refurbished,392.04,384.21000000000004,390.4979275541163,6.287927554116266,1.6365861258468715
2026-05-24,Flipkart,iPhone,iPhone 14 128GB,Renewed/Refurbished,384.21000000000004,343.82,381.4486390043105,37.628639004310514,10.944284510589993
2026-07-01,Flipkart,iPhone,iPhone 14 128GB,Renewed/Refurbished,373.74,380.87,367.7763910075411,13.093608992458883,3.437815788184652
2026-01-25,Flipkart,iPhone,iPhone 14 Pro 128GB,New,695.67,697.83,694.705633608695,3.1243663913049886,0.4477260065209275
2026-01-29,Flipkart,iPhone,iPhone 14 Pro 128GB,New,710.08,702.96,702.4290457817666,0.5309542182334326,0.07553121347351663
2026-02-01,Flipkart,iPhone,iPhone 14 Pro 128GB,New,697.83,695.56,701.4692003668752,5.909200366875211,0.8495601194541393
2026-02-04,Flipkart,iPhone,iPhone 14 Pro 128GB,New,700.07,691.0250000000001,702.4249775924545,11.399977592454434,1.6497199945666847
2026-02-05,Flipkart,iPhone,iPhone 14 Pro 128GB,New,702.96,692.98,698.773472484761,5.793472484760969,0.8360230431990776
2026-02-10,Flipkart,iPhone,iPhone 14 Pro 128GB,New,693.74,687.3,700.9263205720126,13.626320572012673,1.9825870176069653
2026-02-12,Flipkart,iPhone,iPhone 14 Pro 128GB,New,692.98,697.5,694.6911512397155,2.8088487602844907,0.40270233122358284
2026-02-13,Flipkart,iPhone,iPhone 14 Pro 128GB,New,708.63,699.23,699.5734712370686,0.3434712370685702,0.04912135306960087
2026-02-14,Flipkart,iPhone,iPhone 14 Pro 128GB,New,695.47,700.86,703.1410174953512,2.2810174953511932,0.32545979159192895
2026-02-17,Flipkart,iPhone,iPhone 14 Pro 128GB,New,687.3,699.82,692.5968762039645,7.223123796035566,1.0321402354942077
2026-02-20,Flipkart,iPhone,iPhone 14 Pro 128GB,New,699.23,700.01,697.434458521989,2.5755414780110186,0.3679292407267066
2026-02-21,Flipkart,iPhone,iPhone 14 Pro 128GB,New,700.86,699.405,698.2766812547512,1.1283187452487482,0.16132551886943164
2026-02-25,Flipkart,iPhone,iPhone 14 Pro 128GB,New,698.68,710.55,697.2232898711765,13.326710128823493,1.8755485368831881
2026-02-27,Flipkart,iPhone,iPhone 14 Pro 128GB,New,700.01,706.12,699.928318834759,6.191681165240993,0.8768596223362876
2026-03-04,Flipkart,iPhone,iPhone 14 Pro 128GB,New,710.55,706.89,702.7378754883684,4.152124511631541,0.5873791554034632
2026-03-06,Flipkart,iPhone,iPhone 14 Pro 128GB,New,706.12,691.84,703.4450255449142,11.605025544914156,1.6774146543874533
2026-03-17,Flipkart,iPhone,iPhone 14 Pro 128GB,New,690.61,704.89,695.8389844686092,9.051015531390817,1.2840323357390255
2026-03-24,Flipkart,iPhone,iPhone 14 Pro 128GB,New,704.89,712.11,698.4175139771559,13.69248602284415,1.9228049069447348
2026-03-28,Flipkart,iPhone,iPhone 14 Pro 128GB,New,690.83,704.97,700.0241479388235,4.945852061176538,0.7015691534641953
2026-03-31,Flipkart,iPhone,iPhone 14 Pro 128GB,New,712.11,708.325,698.0070194241237,10.31798057587639,1.45667321863218
2026-04-01,Flipkart,iPhone,iPhone 14 Pro 128GB,New,699.36,686.6,696.2049638081189,9.604963808118896,1.3989169542847213
2026-04-05,Flipkart,iPhone,iPhone 14 Pro 128GB,New,701.19,703.05,701.4178088515661,1.6321911484338898,0.23215861580739489
2026-04-07,Flipkart,iPhone,iPhone 14 Pro 128GB,New,708.325,696.06,697.8639078570483,1.8039078570483298,0.25915982200504695
2026-04-12,Flipkart,iPhone,iPhone 14 Pro 128GB,New,703.05,695.86,700.2575537889577,4.39755378895768,0.6319595592443422
2026-04-20,Flipkart,iPhone,iPhone 14 Pro 128GB,New,698.6800000000001,700.03,700.0053482957478,0.024651704252164564,0.0035215211136900653
2026-04-23,Flipkart,iPhone,iPhone 14 Pro 128GB,New,707.585,703.77,698.0062329864354,5.763767013564575,0.8189844712853026
2026-04-27,Flipkart,iPhone,iPhone 14 Pro 128GB,New,700.03,691.89,700.9017679302124,9.011767930212386,1.302485645147695
2026-04-28,Flipkart,iPhone,iPhone 14 Pro 128GB,New,702.36,692.42,701.1745472535591,8.754547253559167,1.2643406102595487
2026-04-29,Flipkart,iPhone,iPhone 14 Pro 128GB,New,710.86,691.21,697.840351291097,6.630351291096986,0.9592383343841937
2026-05-02,Flipkart,iPhone,iPhone 14 Pro 128GB,New,688.3,691.13,695.7882039500764,4.658203950076427,0.6739982275514631
2026-05-05,Flipkart,iPhone,iPhone 14 Pro 128GB,New,692.42,705.78,700.4630320819643,5.31696791803563,0.753346356943471
2026-05-06,Flipkart,iPhone,iPhone 14 Pro 128GB,New,691.21,707.94,698.9602224148414,8.979777585158672,1.2684376621124207
2026-05-08,Flipkart,iPhone,iPhone 14 Pro 128GB,New,709.81,689.25,696.8543246327978,7.604324632797784,1.1032752459626818
2026-05-09,Flipkart,iPhone,iPhone 14 Pro 128GB,New,691.13,690.845,697.0075796034147,6.162579603414656,0.8920350590095688
2026-06-02,Flipkart,iPhone,iPhone 14 Pro 128GB,New,690.45,692.46,700.3392562470965,7.879256247096464,1.1378644610658324
2026-06-04,Flipkart,iPhone,iPhone 14 Pro 128GB,New,698.585,685.57,697.322348537129,11.75234853712891,1.714244867355472
2026-06-09,Flipkart,iPhone,iPhone 14 Pro 128GB,New,692.46,692.8,694.9563750877577,2.1563750877577377,0.31125506463015845
2026-06-12,Flipkart,iPhone,iPhone 14 Pro 128GB,New,687.88,695.28,696.838364581617,1.5583645816170701,0.22413482073654792
2026-06-15,Flipkart,iPhone,iPhone 14 Pro 128GB,New,705.91,705.13,699.2222592360415,5.907740763958486,0.837822921157586
2026-06-20,Flipkart,iPhone,iPhone 14 Pro 128GB,New,700.02,701.315,695.6135688557238,5.701431144276285,0.81296295448925
2026-06-27,Flipkart,iPhone,iPhone 14 Pro 128GB,New,701.315,703.47,702.6103274038046,0.8596725961954235,0.12220458529794069
2026-06-30,Flipkart,iPhone,iPhone 14 Pro 128GB,New,701.665,691.89,695.1252019328574,3.2352019328574215,0.46758905792212946
2026-07-01,Flipkart,iPhone,iPhone 14 Pro 128GB,New,701.46,698.76,690.9298495211424,7.830150478857604,1.1205779493470724
2026-07-03,Flipkart,iPhone,iPhone 14 Pro 128GB,New,703.36,698.1800000000001,695.7206027026053,2.4593972973947302,0.3522583427475336
2026-07-04,Flipkart,iPhone,iPhone 14 Pro 128GB,New,703.47,702.73,700.3811241587575,2.3488758412424886,0.3342501161530728
2026-07-05,Flipkart,iPhone,iPhone 14 Pro 128GB,New,693.75,693.225,700.4390201259703,7.214020125970251,1.0406462729950954
2026-07-07,Flipkart,iPhone,iPhone 14 Pro 128GB,New,691.89,686.01,696.0115696431656,10.001569643165567,1.457933505803934
2026-07-08,Flipkart,iPhone,iPhone 14 Pro 128GB,New,698.76,710.24,700.1711421206533,10.068857879346751,1.4176697847694795
2026-07-10,Flipkart,iPhone,iPhone 14 Pro 128GB,New,698.1800000000001,709.355,699.0681941064241,10.286805893575888,1.4501633023769323
2026-07-11,Flipkart,iPhone,iPhone 14 Pro 128GB,New,702.73,692.26,701.622670663072,9.362670663071981,1.3524789332146854
2026-07-12,Flipkart,iPhone,iPhone 14 Pro 128GB,New,693.225,703.25,702.4960716473358,0.7539283526641611,0.10720630681324723
2026-07-14,Flipkart,iPhone,iPhone 14 Pro 128GB,New,686.01,694.235,686.4680493511645,7.766950648835518,1.1187783169727135
2026-07-15,Flipkart,iPhone,iPhone 14 Pro 128GB,New,710.24,692.5550000000001,689.6315971977556,2.923402802244482,0.4221185035476578
2026-07-16,Flipkart,iPhone,iPhone 14 Pro 128GB,New,701.42,695.96,695.9285196096317,0.031480390368301414,0.004523304553178547
2026-07-18,Flipkart,iPhone,iPhone 14 Pro 128GB,New,692.26,708.34,701.7612067549803,6.57879324501971,0.9287620697715376
2026-07-20,Flipkart,iPhone,iPhone 14 Pro 128GB,New,694.1600000000001,704.9549999999999,690.9538013995702,14.001198600429689,1.9861123902135156
2026-07-22,Flipkart,iPhone,iPhone 14 Pro 128GB,New,692.5550000000001,697.52,699.2512495437986,1.73124954379864,0.24820070303340983
2026-02-04,Flipkart,iPhone,iPhone 14 Pro 128GB,Renewed/Refurbished,572.18,512.9,535.9524157726039,23.052415772603922,4.4945244243719875
2026-05-20,Flipkart,iPhone,iPhone 14 Pro 128GB,Renewed/Refurbished,577.37,486.91,543.6328432472551,56.72284324725507,11.649553972449748
2026-05-24,Flipkart,iPhone,iPhone 14 Pro 128GB,Renewed/Refurbished,550.485,520.29,548.4063788573965,28.116378857396512,5.403982174824908
2026-06-17,Flipkart,iPhone,iPhone 14 Pro 128GB,Renewed/Refurbished,556.75,596.32,529.6454990698389,66.67450093016112,11.180993582331821
2026-07-03,Flipkart,iPhone,iPhone 14 Pro 128GB,Renewed/Refurbished,489.17,579.61,526.2455654213194,53.36443457868063,9.206955466379226
2026-01-25,Flipkart,iPhone,iPhone 15 128GB,New,608.46,596.7,602.7643709873124,6.064370987312373,1.0163182482507744
2026-02-05,Flipkart,iPhone,iPhone 15 128GB,New,600.575,604.4849999999999,604.5681468308342,0.08314683083426644,0.013754986614103983
2026-02-09,Flipkart,iPhone,iPhone 15 128GB,New,592.5350000000001,603.38,609.1047394489283,5.72473944892829,0.9487784561848736
2026-02-11,Flipkart,iPhone,iPhone 15 128GB,New,604.64,597.69,604.3099457131844,6.619945713184393,1.1075885012605853
2026-02-13,Flipkart,iPhone,iPhone 15 128GB,New,601.3,593.28,598.2181093161679,4.938109316167925,0.8323404322019831
2026-02-16,Flipkart,iPhone,iPhone 15 128GB,New,603.38,598.15,607.2097439368088,9.059743936808786,1.514627424025543
2026-02-17,Flipkart,iPhone,iPhone 15 128GB,New,588.75,609.58,604.0928808872619,5.487119112738128,0.9001474970862113
2026-02-18,Flipkart,iPhone,iPhone 15 128GB,New,597.69,605.15,599.1847347932628,5.965265206737172,0.985749848258642
2026-02-20,Flipkart,iPhone,iPhone 15 128GB,New,593.28,590.96,602.0301906259865,11.07019062598647,1.873255487001907
2026-02-23,Flipkart,iPhone,iPhone 15 128GB,New,598.15,593.06,600.7323365908317,7.672336590831719,1.293686404551263
2026-02-24,Flipkart,iPhone,iPhone 15 128GB,New,609.58,604.53,598.7962146599743,5.733785340025634,0.9484699419426056
2026-02-25,Flipkart,iPhone,iPhone 15 128GB,New,605.15,598.59,609.749104263211,11.15910426321102,1.8642316549242417
2026-02-27,Flipkart,iPhone,iPhone 15 128GB,New,590.96,591.79,596.3228432162665,4.532843216266542,0.7659546826182502
2026-03-01,Flipkart,iPhone,iPhone 15 128GB,New,603.8050000000001,596.64,601.0414614222059,4.401461422205898,0.7377080688867489
2026-03-02,Flipkart,iPhone,iPhone 15 128GB,New,593.06,608.99,595.6833973093446,13.306602690655382,2.1850281105856224
2026-03-03,Flipkart,iPhone,iPhone 15 128GB,New,604.53,592.06,603.4478629760828,11.387862976082829,1.923430560430164
2026-03-04,Flipkart,iPhone,iPhone 15 128GB,New,598.59,594.99,604.1413844490756,9.151384449075636,1.5380736565447546
2026-03-05,Flipkart,iPhone,iPhone 15 128GB,New,597.8,588.2,606.4009176316628,18.20091763166272,3.094341657882135
2026-03-06,Flipkart,iPhone,iPhone 15 128GB,New,591.79,587.9,596.7070309996208,8.807030999620792,1.4980491579555695
2026-03-07,Flipkart,iPhone,iPhone 15 128GB,New,592.21,599.65,599.9573839442048,0.30738394420484383,0.05126055936043423
2026-03-08,Flipkart,iPhone,iPhone 15 128GB,New,596.64,601.48,600.1142481597786,1.3657518402213782,0.22706521251269837
2026-03-10,Flipkart,iPhone,iPhone 15 128GB,New,592.06,608.94,608.1576633034156,0.7823366965844798,0.12847516940658846
2026-03-11,Flipkart,iPhone,iPhone 15 128GB,New,594.99,605.15,599.3936236180111,5.756376381988844,0.9512313280986274
2026-03-12,Flipkart,iPhone,iPhone 15 128GB,New,588.2,592.54,598.3711570043729,5.831157004372926,0.9840950829265411
2026-03-15,Flipkart,iPhone,iPhone 15 128GB,New,601.48,600.75,600.5538178255126,0.19618217448737596,0.03265620882020407
2026-03-22,Flipkart,iPhone,iPhone 15 128GB,New,600.75,604.81,600.4586136361636,4.351386363836355,0.7194633626818926
2026-03-23,Flipkart,iPhone,iPhone 15 128GB,New,608.62,596.02,599.638627393979,3.618627393979068,0.6071318737591135
2026-03-27,Flipkart,iPhone,iPhone 15 128GB,New,596.405,592.15,607.1162306752861,14.96623067528617,2.5274391075379836
2026-03-30,Flipkart,iPhone,iPhone 15 128GB,New,596.02,596.99,603.653151044302,6.663151044302026,1.1161243981142106
2026-04-03,Flipkart,iPhone,iPhone 15 128GB,New,592.15,597.7,599.1276747754791,1.4276747754790904,0.23886143140021587
2026-04-06,Flipkart,iPhone,iPhone 15 128GB,New,596.99,594.6400000000001,597.1745664795187,2.5345664795186167,0.42623544993922646
2026-04-07,Flipkart,iPhone,iPhone 15 128GB,New,595.63,596.13,600.8288331226854,4.698833122685414,0.7882228914306298
2026-04-11,Flipkart,iPhone,iPhone 15 128GB,New,604.665,603.385,595.1671771183983,8.217822881601705,1.3619534594996072
2026-04-13,Flipkart,iPhone,iPhone 15 128GB,New,594.6400000000001,587.18,597.2892873232705,10.109287323270564,1.7216675164805622
2026-04-14,Flipkart,iPhone,iPhone 15 128GB,New,596.13,597.61,599.4632548210949,1.853254821094879,0.3101110793150849
2026-04-21,Flipkart,iPhone,iPhone 15 128GB,New,597.61,603.98,598.5361319803121,5.443868019687898,0.9013324977131523
2026-04-24,Flipkart,iPhone,iPhone 15 128GB,New,596.94,603.39,597.2745451091693,6.115454890830733,1.0135161157511283
2026-04-26,Flipkart,iPhone,iPhone 15 128GB,New,590.48,595.24,596.6049785907287,1.3649785907286969,0.22931566943227888
2026-04-28,Flipkart,iPhone,iPhone 15 128GB,New,603.98,600.09,598.969214898842,1.1207851011580487,0.1867695014344596
2026-04-30,Flipkart,iPhone,iPhone 15 128GB,New,598.11,604.01,595.215234442964,8.794765557036044,1.4560629057525611
2026-05-02,Flipkart,iPhone,iPhone 15 128GB,New,610.59,590.39,606.3946960385356,16.0046960385356,2.710868415544911
2026-05-03,Flipkart,iPhone,iPhone 15 128GB,New,595.24,596.94,599.162203502267,2.2222035022668933,0.3722658059883561
2026-05-05,Flipkart,iPhone,iPhone 15 128GB,New,600.09,603.25,602.8555537383929,0.3944462616070723,0.06538686475044714
2026-05-06,Flipkart,iPhone,iPhone 15 128GB,New,602.85,597.31,602.8184258164126,5.508425816412682,0.922205524168804
2026-05-07,Flipkart,iPhone,iPhone 15 128GB,New,604.01,605.26,602.0272672126133,3.2327327873866807,0.5341064645584841
2026-05-10,Flipkart,iPhone,iPhone 15 128GB,New,596.94,598.695,601.9701016808147,3.2751016808146005,0.5470400923365988
2026-05-12,Flipkart,iPhone,iPhone 15 128GB,New,603.25,600.9200000000001,600.2570337323612,0.6629662676389216,0.11032521261381241
2026-05-15,Flipkart,iPhone,iPhone 15 128GB,New,600.76,600.645,594.2689512355033,6.376048764496659,1.0615336454139566
2026-05-17,Flipkart,iPhone,iPhone 15 128GB,New,598.695,596.11,593.2414368578341,2.8685631421659536,0.48121372601800905
2026-05-19,Flipkart,iPhone,iPhone 15 128GB,New,600.9200000000001,603.27,601.5444786855546,1.7255213144453592,0.28602803296125434
2026-05-22,Flipkart,iPhone,iPhone 15 128GB,New,600.645,595.17,598.3628009728061,3.1928009728061397,0.5364519335326277
2026-05-23,Flipkart,iPhone,iPhone 15 128GB,New,590.61,604.14,601.1404874743837,2.9995125256162964,0.4964929528944113
2026-05-24,Flipkart,iPhone,iPhone 15 128GB,New,596.11,597.2,595.8844532912833,1.315546708716738,0.22028578511666744
2026-05-28,Flipkart,iPhone,iPhone 15 128GB,New,606.9649999999999,608.67,594.6652447491749,14.004755250825042,2.3008781853590685
2026-05-29,Flipkart,iPhone,iPhone 15 128GB,New,595.17,597.9,604.7934657278126,6.893465727812668,1.1529462665684342
2026-05-30,Flipkart,iPhone,iPhone 15 128GB,New,604.14,604.91,596.3555593242778,8.554440675722162,1.4141675085090613
2026-05-31,Flipkart,iPhone,iPhone 15 128GB,New,597.2,604.08,598.9484140013316,5.13158599866847,0.849487815962864
2026-06-01,Flipkart,iPhone,iPhone 15 128GB,New,587.69,589.95,597.6014543818055,7.651454381805479,1.2969665873049374
2026-06-05,Flipkart,iPhone,iPhone 15 128GB,New,597.9,600.1600000000001,602.3896764339011,2.229676433900977,0.37151366867185026
2026-06-08,Flipkart,iPhone,iPhone 15 128GB,New,589.95,600.96,601.4155672327848,0.4555672327848015,0.07580658160023986
2026-06-09,Flipkart,iPhone,iPhone 15 128GB,New,598.255,601.815,599.0965196436199,2.718480356380155,0.45171362567901346
2026-06-10,Flipkart,iPhone,iPhone 15 128GB,New,599.83,594.435,602.3531341383498,7.918134138349842,1.3320437286414566
2026-06-12,Flipkart,iPhone,iPhone 15 128GB,New,600.1600000000001,596.12,600.3271410493978,4.207141049397819,0.7057540510967287
2026-06-16,Flipkart,iPhone,iPhone 15 128GB,New,601.815,602.0,594.8163543064884,7.1836456935116075,1.1932966268291707
2026-06-23,Flipkart,iPhone,iPhone 15 128GB,New,602.0,602.045,594.1845735900686,7.860426409931392,1.3056210764862084
2026-06-28,Flipkart,iPhone,iPhone 15 128GB,New,601.63,594.315,597.2549686886887,2.939968688688623,0.494681892378389
2026-07-03,Flipkart,iPhone,iPhone 15 128GB,New,610.03,592.06,598.0006705672539,5.94067056725396,1.0033899549461136
2026-07-05,Flipkart,iPhone,iPhone 15 128GB,New,594.315,610.0050000000001,604.5337888847876,5.471211115212554,0.8969125032110481
2026-07-08,Flipkart,iPhone,iPhone 15 128GB,New,594.605,603.24,598.0618907880324,5.1781092119675804,0.8583829341501857
2026-07-12,Flipkart,iPhone,iPhone 15 128GB,New,610.0050000000001,600.56,595.8378815946121,4.722118405387846,0.7862858674217141
2026-07-13,Flipkart,iPhone,iPhone 15 128GB,New,606.62,587.19,601.7320620653975,14.542062065397431,2.4765513829250208
2026-07-20,Flipkart,iPhone,iPhone 15 128GB,New,587.19,608.72,600.5153831606278,8.204616839372193,1.3478474239999003
2026-07-24,Flipkart,iPhone,iPhone 15 128GB,New,596.24,605.37,592.4816283071248,12.88837169287524,2.129007333180574
2026-01-28,Flipkart,iPhone,iPhone 15 128GB,Renewed/Refurbished,438.73,447.5,452.05042539366747,4.550425393667467,1.0168548365737355
2026-02-05,Flipkart,iPhone,iPhone 15 128GB,Renewed/Refurbished,476.87,438.83,455.44568658205816,16.615686582058174,3.786360682282017
2026-02-23,Flipkart,iPhone,iPhone 15 128GB,Renewed/Refurbished,471.89,429.75,450.2845814453582,20.534581445358185,4.778262116430061
2026-05-19,Flipkart,iPhone,iPhone 15 128GB,Renewed/Refurbished,475.93,489.48,450.75981327950586,38.720186720494155,7.910473710977804
2026-05-21,Flipkart,iPhone,iPhone 15 128GB,Renewed/Refurbished,432.79,489.55,457.5861254778272,31.96387452217283,6.529235935486229
2026-05-28,Flipkart,iPhone,iPhone 15 128GB,Renewed/Refurbished,489.55,468.27,457.3139226682389,10.956077331761094,2.3396923424009857
2026-05-31,Flipkart,iPhone,iPhone 15 128GB,Renewed/Refurbished,512.14,442.27,467.63229894808353,25.36229894808355,5.734573664974688
2026-06-27,Flipkart,iPhone,iPhone 15 128GB,Renewed/Refurbished,481.98,459.63,459.05122152834696,0.5787784716530382,0.1259226925250828
2026-06-29,Flipkart,iPhone,iPhone 15 128GB,Renewed/Refurbished,478.4,444.605,457.8478614795606,13.242861479560588,2.9785678252742516
2026-01-29,Flipkart,iPhone,iPhone 15 Pro Max 256GB,New,1007.77,980.89,997.1797407876799,16.289740787679875,1.6607102516775454
2026-02-01,Flipkart,iPhone,iPhone 15 Pro Max 256GB,New,986.48,981.21,988.3993808165732,7.189380816573134,0.7327056202620371
2026-02-02,Flipkart,iPhone,iPhone 15 Pro Max 256GB,New,998.03,1004.1,994.0401450785944,10.059854921405645,1.0018777931884917
2026-02-04,Flipkart,iPhone,iPhone 15 Pro Max 256GB,New,1001.515,1008.32,1000.1189777209747,8.201022279025324,0.8133352783863578
2026-02-05,Flipkart,iPhone,iPhone 15 Pro Max 256GB,New,980.89,983.46,982.719077019918,0.7409229800820185,0.0753383950625362
2026-02-06,Flipkart,iPhone,iPhone 15 Pro Max 256GB,New,1007.02,987.09,982.8143093998517,4.275690600148323,0.43316117072894295
2026-02-08,Flipkart,iPhone,iPhone 15 Pro Max 256GB,New,981.21,999.475,983.0694282571465,16.405571742853567,1.6414189192179462
2026-02-09,Flipkart,iPhone,iPhone 15 Pro Max 256GB,New,1004.1,1011.9300000000001,985.4889990488468,26.441000951153228,2.612927865677787
2026-02-10,Flipkart,iPhone,iPhone 15 Pro Max 256GB,New,981.13,993.7850000000001,980.4689547654248,13.316045234575313,1.3399322020935425
2026-02-12,Flipkart,iPhone,iPhone 15 Pro Max 256GB,New,983.46,1013.77,994.8529981385259,18.91700186147409,1.8660052932592295
2026-02-13,Flipkart,iPhone,iPhone 15 Pro Max 256GB,New,987.09,1011.89,996.0415677982974,15.848432201702622,1.5662208542136618
2026-02-15,Flipkart,iPhone,iPhone 15 Pro Max 256GB,New,999.475,1011.35,985.8032800987279,25.546719901272127,2.526001868915027
2026-02-16,Flipkart,iPhone,iPhone 15 Pro Max 256GB,New,1011.9300000000001,979.18,984.1148434920206,4.934843492020605,0.503977153538737
2026-02-19,Flipkart,iPhone,iPhone 15 Pro Max 256GB,New,1013.77,1016.97,997.8284798815064,19.141520118493645,1.8822108929952353
2026-02-20,Flipkart,iPhone,iPhone 15 Pro Max 256GB,New,1011.89,1006.4,1010.3259455844483,3.9259455844483,0.3900979316820648
2026-02-22,Flipkart,iPhone,iPhone 15 Pro Max 256GB,New,1011.35,1008.64,1010.5513532469579,1.9113532469579013,0.18949806144490614
2026-02-23,Flipkart,iPhone,iPhone 15 Pro Max 256GB,New,979.18,1000.115,992.2737544486655,7.841245551334509,0.7840343911784654
2026-02-25,Flipkart,iPhone,iPhone 15 Pro Max 256GB,New,993.4,998.61,996.1809916922093,2.4290083077906957,0.24323893289579473
2026-02-26,Flipkart,iPhone,iPhone 15 Pro Max 256GB,New,1016.97,1010.33,1002.8824036439571,7.447596356042936,0.7371449284929613
2026-03-05,Flipkart,iPhone,iPhone 15 Pro Max 256GB,New,1010.33,993.41,1015.476187863052,22.06618786305205,2.221256869072392
2026-03-10,Flipkart,iPhone,iPhone 15 Pro Max 256GB,New,1003.82,1013.59,998.6658021404719,14.924197859528135,1.472409737618577
2026-03-12,Flipkart,iPhone,iPhone 15 Pro Max 256GB,New,993.41,1017.81,1004.5614652504798,13.248534749520104,1.3016707194388053
2026-03-13,Flipkart,iPhone,iPhone 15 Pro Max 256GB,New,995.39,1003.6800000000001,999.3838468450223,4.296153154977787,0.42804012782737394
2026-03-18,Flipkart,iPhone,iPhone 15 Pro Max 256GB,New,994.54,995.56,999.7336523735784,4.17365237357842,0.41922660347728125
2026-03-19,Flipkart,iPhone,iPhone 15 Pro Max 256GB,New,1017.81,999.4,1006.2133812931922,6.813381293192265,0.681747177625802
2026-03-20,Flipkart,iPhone,iPhone 15 Pro Max 256GB,New,1003.6800000000001,996.11,996.9360457695437,0.8260457695437253,0.08292716362085767
2026-03-25,Flipkart,iPhone,iPhone 15 Pro Max 256GB,New,995.56,997.2049999999999,997.0575660533143,0.1474339466856236,0.014784717955247276
2026-03-26,Flipkart,iPhone,iPhone 15 Pro Max 256GB,New,999.4,997.95,997.7995198644217,0.15048013557839113,0.015078925354816485
2026-03-27,Flipkart,iPhone,iPhone 15 Pro Max 256GB,New,996.11,989.55,1003.0189601920918,13.4689601920918,1.3611197202861705
2026-03-31,Flipkart,iPhone,iPhone 15 Pro Max 256GB,New,992.37,991.125,987.3960619491861,3.7289380508138947,0.3762328718187811
2026-04-01,Flipkart,iPhone,iPhone 15 Pro Max 256GB,New,997.2049999999999,981.9,1003.1328715375447,21.232871537544725,2.1624270839744093
2026-04-02,Flipkart,iPhone,iPhone 15 Pro Max 256GB,New,997.95,1008.675,995.6870873196242,12.987912680375757,1.2876211545220966
2026-04-03,Flipkart,iPhone,iPhone 15 Pro Max 256GB,New,989.55,1003.5999999999999,980.4332238063131,23.166776193686815,2.308367496381708
2026-04-04,Flipkart,iPhone,iPhone 15 Pro Max 256GB,New,1008.77,990.4449999999999,993.1865624939446,2.7415624939446843,0.2768010837496968
2026-04-08,Flipkart,iPhone,iPhone 15 Pro Max 256GB,New,981.9,1010.0450000000001,988.4799134720678,21.565086527932294,2.135061955450727
2026-04-15,Flipkart,iPhone,iPhone 15 Pro Max 256GB,New,1010.0450000000001,1003.35,1001.5135210248079,1.836478975192108,0.183034731169792
2026-04-20,Flipkart,iPhone,iPhone 15 Pro Max 256GB,New,1014.85,987.43,1001.2146226539815,13.7846226539815,1.3960101125124313
2026-04-24,Flipkart,iPhone,iPhone 15 Pro Max 256GB,New,992.76,993.425,1001.8032643090856,8.378264309085694,0.8433715991731326
2026-04-27,Flipkart,iPhone,iPhone 15 Pro Max 256GB,New,987.43,1004.19,1002.5514559867208,1.6385440132792155,0.1631707160277652
2026-04-28,Flipkart,iPhone,iPhone 15 Pro Max 256GB,New,979.57,1008.36,987.3114344914964,21.048565508503657,2.0874058380443152
2026-05-01,Flipkart,iPhone,iPhone 15 Pro Max 256GB,New,993.425,1002.645,1000.8907259642449,1.7542740357550883,0.17496462214992228
2026-05-02,Flipkart,iPhone,iPhone 15 Pro Max 256GB,New,1003.0799999999999,984.96,993.1282628537755,8.168262853775445,0.8292989414570586
2026-05-05,Flipkart,iPhone,iPhone 15 Pro Max 256GB,New,1008.36,1002.93,1007.3670727344809,4.437072734480921,0.442411009191162
2026-05-09,Flipkart,iPhone,iPhone 15 Pro Max 256GB,New,984.96,998.0999999999999,996.4901342114242,1.6098657885756893,0.16129303562525693
2026-05-12,Flipkart,iPhone,iPhone 15 Pro Max 256GB,New,1002.93,1004.55,997.0391772928018,7.510822707198145,0.7476803252399726
2026-05-16,Flipkart,iPhone,iPhone 15 Pro Max 256GB,New,998.0999999999999,1005.83,1004.6530364522041,1.1769635477959355,0.11701416221388658
2026-05-27,Flipkart,iPhone,iPhone 15 Pro Max 256GB,New,987.8,1004.08,993.1755450655171,10.904454934482942,1.086014554067698
2026-06-02,Flipkart,iPhone,iPhone 15 Pro Max 256GB,New,990.17,990.48,990.9966192476563,0.5166192476563083,0.05215847343271023
2026-06-03,Flipkart,iPhone,iPhone 15 Pro Max 256GB,New,1004.08,1008.86,991.9184353962679,16.941564603732104,1.6792780567900505
2026-06-08,Flipkart,iPhone,iPhone 15 Pro Max 256GB,New,988.63,997.905,996.9874184411428,0.9175815588571368,0.0919507927966226
2026-06-09,Flipkart,iPhone,iPhone 15 Pro Max 256GB,New,990.48,1009.78,987.8493406947664,21.930659305233576,2.1718254773548273
2026-06-16,Flipkart,iPhone,iPhone 15 Pro Max 256GB,New,1009.78,994.1500000000001,1001.7479444800979,7.597944480097794,0.7642654006033087
2026-06-18,Flipkart,iPhone,iPhone 15 Pro Max 256GB,New,985.08,984.96,992.7481176082907,7.78811760829069,0.7907039482101497
2026-06-25,Flipkart,iPhone,iPhone 15 Pro Max 256GB,New,984.96,998.33,989.4696527779838,8.86034722201623,0.8875168753835134
2026-06-27,Flipkart,iPhone,iPhone 15 Pro Max 256GB,New,989.78,982.03,979.6363444949035,2.39365550509649,0.24374566002021222
2026-07-01,Flipkart,iPhone,iPhone 15 Pro Max 256GB,New,1003.375,993.78,979.3160656653434,14.463934334656528,1.45544630951081
2026-07-04,Flipkart,iPhone,iPhone 15 Pro Max 256GB,New,982.03,1011.78,982.1735988440618,29.606401155938215,2.926169834938249
2026-07-10,Flipkart,iPhone,iPhone 15 Pro Max 256GB,New,1010.0150000000001,999.345,989.8597763347677,9.485223665232297,0.949144055879831
2026-07-17,Flipkart,iPhone,iPhone 15 Pro Max 256GB,New,999.345,995.9549999999999,990.9514519452937,5.003548054706243,0.5023869607267641
2026-07-24,Flipkart,iPhone,iPhone 15 Pro Max 256GB,New,995.9549999999999,1018.87,1006.392936818744,12.477063181255971,1.2245981510159267
2026-01-30,Flipkart,iPhone,iPhone 15 Pro Max 256GB,Renewed/Refurbished,768.43,793.2,765.4683375557449,27.731662444255107,3.496175295544012
2026-02-04,Flipkart,iPhone,iPhone 15 Pro Max 256GB,Renewed/Refurbished,806.23,806.93,779.4299252087403,27.500074791259635,3.407987655838751
2026-02-20,Flipkart,iPhone,iPhone 15 Pro Max 256GB,Renewed/Refurbished,801.39,802.18,776.8690560461021,25.31094395389789,3.155269883803871
2026-02-27,Flipkart,iPhone,iPhone 15 Pro Max 256GB,Renewed/Refurbished,802.18,730.96,767.7998640725847,36.839864072584646,5.039928870606413
2026-03-01,Flipkart,iPhone,iPhone 15 Pro Max 256GB,Renewed/Refurbished,783.35,705.85,766.1519768875762,60.30197688757619,8.543171621105927
2026-03-08,Flipkart,iPhone,iPhone 15 Pro Max 256GB,Renewed/Refurbished,705.85,788.91,725.9169169845462,62.99308301545375,7.984825013683912
2026-03-15,Flipkart,iPhone,iPhone 15 Pro Max 256GB,Renewed/Refurbished,788.91,774.21,771.1939235965611,3.0160764034388876,0.3895682571187259
2026-04-07,Flipkart,iPhone,iPhone 15 Pro Max 256GB,Renewed/Refurbished,749.76,750.52,765.2164169626558,14.696416962655803,1.958164600897485
2026-05-07,Flipkart,iPhone,iPhone 15 Pro Max 256GB,Renewed/Refurbished,799.42,810.24,770.7765275862113,39.463472413788736,4.87059049340797
2026-05-14,Flipkart,iPhone,iPhone 15 Pro Max 256GB,Renewed/Refurbished,810.24,770.21,775.3473010997031,5.137301099703109,0.6670000518953414
2026-05-21,Flipkart,iPhone,iPhone 15 Pro Max 256GB,Renewed/Refurbished,770.21,823.41,770.7483212541043,52.66167874589564,6.395559775311892
2026-05-23,Flipkart,iPhone,iPhone 15 Pro Max 256GB,Renewed/Refurbished,766.55,767.385,741.9755409277883,25.40945907221169,3.3111748434243164
2026-05-26,Flipkart,iPhone,iPhone 15 Pro Max 256GB,Renewed/Refurbished,766.19,787.44,761.3166641210736,26.12333587892647,3.3175017625376495
2026-05-30,Flipkart,iPhone,iPhone 15 Pro Max 256GB,Renewed/Refurbished,767.385,774.54,761.2495656694458,13.290434330554149,1.715913229859549
2026-07-06,Flipkart,iPhone,iPhone 15 Pro Max 256GB,Renewed/Refurbished,781.05,823.53,783.1959127960749,40.33408720392504,4.897707090685833
2026-07-14,Flipkart,iPhone,iPhone 15 Pro Max 256GB,Renewed/Refurbished,773.97,819.52,773.6389782065861,45.88102179341388,5.598523744803529
2026-01-25,Flipkart,iPhone,iPhone 16 128GB,New,697.815,710.52,702.8445135505372,7.675486449462824,1.0802632507829228
2026-01-28,Flipkart,iPhone,iPhone 16 128GB,New,698.4300000000001,695.015,702.4898271258085,7.474827125808474,1.0754914823145507
2026-01-30,Flipkart,iPhone,iPhone 16 128GB,New,695.615,710.83,696.2806432058454,14.549356794154619,2.0468124297166153
2026-02-01,Flipkart,iPhone,iPhone 16 128GB,New,710.52,705.5450000000001,697.6027019213227,7.942298078677368,1.1256968837816677
2026-02-03,Flipkart,iPhone,iPhone 16 128GB,New,707.76,695.73,703.3740394511573,7.644039451157255,1.098707753173969
2026-02-04,Flipkart,iPhone,iPhone 16 128GB,New,695.015,699.11,700.4650426566893,1.3550426566893066,0.19382395569929003
2026-02-07,Flipkart,iPhone,iPhone 16 128GB,New,699.98,694.3499999999999,701.0008276481161,6.650827648116206,0.9578494488537778
2026-02-08,Flipkart,iPhone,iPhone 16 128GB,New,705.5450000000001,702.35,702.7682906529186,0.4182906529185857,0.05955586999623915
2026-02-10,Flipkart,iPhone,iPhone 16 128GB,New,695.73,700.7950000000001,698.9270439996665,1.8679560003336064,0.26654813466614435
2026-02-11,Flipkart,iPhone,iPhone 16 128GB,New,699.11,707.51,699.0315180018314,8.478481998168604,1.1983550759944883
2026-02-14,Flipkart,iPhone,iPhone 16 128GB,New,694.3499999999999,700.505,700.1146339772419,0.390366022758144,0.05572637208273232
2026-02-15,Flipkart,iPhone,iPhone 16 128GB,New,702.35,706.4549999999999,702.2018606111109,4.253139388889053,0.6020396754059428
2026-02-17,Flipkart,iPhone,iPhone 16 128GB,New,700.7950000000001,708.28,701.0921869489187,7.187813051081321,1.0148264882647147
2026-02-21,Flipkart,iPhone,iPhone 16 128GB,New,700.505,697.725,697.9011977272771,0.17619772727709915,0.025253176721071934
2026-02-22,Flipkart,iPhone,iPhone 16 128GB,New,706.4549999999999,690.51,702.8684110707177,12.358411070717693,1.7897512086309675
2026-02-24,Flipkart,iPhone,iPhone 16 128GB,New,708.28,699.395,701.152527710592,1.7575277105920577,0.25129257581081615
2026-02-27,Flipkart,iPhone,iPhone 16 128GB,New,700.015,698.99,702.344227388397,3.354227388397021,0.4798677217695562
2026-02-28,Flipkart,iPhone,iPhone 16 128GB,New,697.725,689.96,702.7093550994738,12.749355099473746,1.8478397442567316
2026-03-01,Flipkart,iPhone,iPhone 16 128GB,New,690.51,687.72,700.6866560395417,12.966656039541704,1.885455714468345
2026-03-04,Flipkart,iPhone,iPhone 16 128GB,New,710.72,694.56,700.8144310578474,6.254431057847455,0.9004882310883805
2026-03-06,Flipkart,iPhone,iPhone 16 128GB,New,698.99,693.85,700.205018459113,6.355018459113012,0.9159066742254106
2026-03-07,Flipkart,iPhone,iPhone 16 128GB,New,689.96,700.13,698.7454951335031,1.3845048664968544,0.1977496845581327
2026-03-08,Flipkart,iPhone,iPhone 16 128GB,New,687.72,711.91,702.7347189385716,9.175281061428336,1.2888259838221596
2026-03-09,Flipkart,iPhone,iPhone 16 128GB,New,689.54,699.61,696.3908919752132,3.219108024786806,0.4601289325176607
2026-03-11,Flipkart,iPhone,iPhone 16 128GB,New,694.56,685.34,696.9557166984371,11.61571669843704,1.6948838092679603
2026-03-13,Flipkart,iPhone,iPhone 16 128GB,New,693.85,701.75,700.7880145534446,0.9619854465554454,0.13708378290779416
2026-03-14,Flipkart,iPhone,iPhone 16 128GB,New,700.13,697.8050000000001,703.6979094065204,5.892909406520289,0.8444922874614381
2026-03-15,Flipkart,iPhone,iPhone 16 128GB,New,711.91,700.74,700.8231089106001,0.08310891060011727,0.011860163627039596
2026-03-16,Flipkart,iPhone,iPhone 16 128GB,New,699.61,697.24,704.1304614919466,6.890461491946553,0.9882481630351893
2026-03-17,Flipkart,iPhone,iPhone 16 128GB,New,709.24,698.81,700.4785142339468,1.668514233946894,0.23876507690887278
2026-03-18,Flipkart,iPhone,iPhone 16 128GB,New,685.34,708.39,689.983184704577,18.40681529542303,2.5984013460696835
2026-03-20,Flipkart,iPhone,iPhone 16 128GB,New,701.75,702.68,699.264058035646,3.4159419643539195,0.48613052375959465
2026-03-21,Flipkart,iPhone,iPhone 16 128GB,New,697.8050000000001,687.065,698.3723413717171,11.30734137171703,1.645745507589097
2026-03-24,Flipkart,iPhone,iPhone 16 128GB,New,698.81,695.7149999999999,702.7554589156963,7.040458915696377,1.0119745751775335
2026-03-25,Flipkart,iPhone,iPhone 16 128GB,New,708.39,711.25,701.8043656831385,9.445634316861515,1.3280329443742025
2026-03-26,Flipkart,iPhone,iPhone 16 128GB,New,702.895,685.88,700.2656122895129,14.385612289512892,2.0973949217812
2026-03-27,Flipkart,iPhone,iPhone 16 128GB,New,702.68,703.86,701.2452254516297,2.614774548370292,0.371490715251654
2026-03-28,Flipkart,iPhone,iPhone 16 128GB,New,687.065,696.04,697.947751734028,1.907751734028011,0.27408650853801664
2026-03-31,Flipkart,iPhone,iPhone 16 128GB,New,695.7149999999999,702.4,702.224608309001,0.1753916909989357,0.024970343251556903
2026-04-01,Flipkart,iPhone,iPhone 16 128GB,New,711.25,690.75,696.0049654296599,5.254965429659933,0.760762277185658
2026-04-04,Flipkart,iPhone,iPhone 16 128GB,New,696.04,700.925,700.5437502801676,0.3812497198323399,0.05439237005847129
2026-04-05,Flipkart,iPhone,iPhone 16 128GB,New,698.695,709.29,697.1866763289933,12.103323671006706,1.7063998746643414
2026-04-08,Flipkart,iPhone,iPhone 16 128GB,New,690.75,703.7,695.8773270435506,7.8226729564494235,1.111648849857812
2026-04-12,Flipkart,iPhone,iPhone 16 128GB,New,709.29,710.85,696.3344616559586,14.515538344041374,2.04199737554215
2026-04-13,Flipkart,iPhone,iPhone 16 128GB,New,696.1400000000001,708.69,702.5331173287085,6.156882671291555,0.8687695143562848
2026-04-15,Flipkart,iPhone,iPhone 16 128GB,New,703.7,698.335,695.3509747044559,2.984025295544143,0.42730570507623744
2026-04-16,Flipkart,iPhone,iPhone 16 128GB,New,707.61,685.6,702.1008338007283,16.500833800728287,2.4067727247269963
2026-04-17,Flipkart,iPhone,iPhone 16 128GB,New,694.57,706.31,699.7134462714129,6.596553728587082,0.9339459626208156
2026-04-19,Flipkart,iPhone,iPhone 16 128GB,New,710.85,697.16,695.3442635907156,1.8157364092843409,0.26044758868614676
2026-04-20,Flipkart,iPhone,iPhone 16 128GB,New,708.69,688.05,701.620786683417,13.570786683417055,1.9723547247172524
2026-04-21,Flipkart,iPhone,iPhone 16 128GB,New,706.91,695.12,701.5465142603215,6.426514260321483,0.9245186817127233
2026-04-22,Flipkart,iPhone,iPhone 16 128GB,New,698.335,696.26,696.0874433767372,0.17255662326283527,0.02478336013311626
2026-04-23,Flipkart,iPhone,iPhone 16 128GB,New,685.6,691.66,688.5549802631457,3.105019736854274,0.4489228431388651
2026-04-24,Flipkart,iPhone,iPhone 16 128GB,New,706.31,694.55,697.763721864077,3.2137218640770016,0.4627056171732779
2026-04-25,Flipkart,iPhone,iPhone 16 128GB,New,694.03,711.28,691.8074543050988,19.472545694901214,2.7376765401671936
2026-04-26,Flipkart,iPhone,iPhone 16 128GB,New,697.16,704.075,696.7924467089756,7.282553291024442,1.034343399641294
2026-04-27,Flipkart,iPhone,iPhone 16 128GB,New,688.05,697.42,699.4421184358965,2.022118435896573,0.289942708252785
2026-04-30,Flipkart,iPhone,iPhone 16 128GB,New,691.66,703.09,695.129639289574,7.960360710426016,1.1321965481554306
2026-05-01,Flipkart,iPhone,iPhone 16 128GB,New,694.55,697.32,699.0079633824837,1.6879633824836446,0.24206438686451623
2026-05-04,Flipkart,iPhone,iPhone 16 128GB,New,697.42,691.47,695.2287256894152,3.7587256894152006,0.543584781612391
2026-05-07,Flipkart,iPhone,iPhone 16 128GB,New,703.09,698.47,696.400053002957,2.0699469970430755,0.2963544600402416
2026-05-08,Flipkart,iPhone,iPhone 16 128GB,New,697.32,711.96,695.3884285786796,16.571571421320414,2.3275986602225425
2026-05-11,Flipkart,iPhone,iPhone 16 128GB,New,691.47,707.04,697.141468396725,9.898531603274932,1.399995983717319
2026-05-13,Flipkart,iPhone,iPhone 16 128GB,New,697.27,702.66,695.1378299577073,7.522170042292714,1.0705277150104908
2026-05-14,Flipkart,iPhone,iPhone 16 128GB,New,698.47,686.43,699.1793113050853,12.74931130508537,1.8573359709053174
2026-05-15,Flipkart,iPhone,iPhone 16 128GB,New,711.96,693.52,701.1290004588521,7.609000458852165,1.0971566009418856
2026-05-16,Flipkart,iPhone,iPhone 16 128GB,New,697.84,704.825,698.9650248854788,5.859975114521262,0.8314085219056166
2026-05-17,Flipkart,iPhone,iPhone 16 128GB,New,687.62,702.48,702.4046443297514,0.07535567024865486,0.010727091198134447
2026-05-18,Flipkart,iPhone,iPhone 16 128GB,New,707.04,694.45,695.4874026935164,1.0374026935163556,0.1493847927880129
2026-05-21,Flipkart,iPhone,iPhone 16 128GB,New,686.43,706.55,683.9766928270766,22.573307172923364,3.1948633745557093
2026-05-22,Flipkart,iPhone,iPhone 16 128GB,New,693.52,697.78,697.0778309474796,0.7021690525203894,0.10062900233890187
2026-05-24,Flipkart,iPhone,iPhone 16 128GB,New,702.48,694.88,695.0783964286632,0.19839642866315899,0.02855117842838461
2026-05-25,Flipkart,iPhone,iPhone 16 128GB,New,694.45,688.12,696.6253634759568,8.505363475956756,1.2360291048010166
2026-05-26,Flipkart,iPhone,iPhone 16 128GB,New,694.5,704.06,701.1013128121078,2.95868718789211,0.4202322512132646
2026-05-31,Flipkart,iPhone,iPhone 16 128GB,New,694.88,696.98,694.4040569902943,2.5759430097057248,0.3695863596811565
2026-06-01,Flipkart,iPhone,iPhone 16 128GB,New,688.12,690.14,701.4176651081394,11.277665108139445,1.6341126594806046
2026-06-06,Flipkart,iPhone,iPhone 16 128GB,New,690.1,698.175,697.2001911495747,0.9748088504252337,0.13962242280592024
2026-06-07,Flipkart,iPhone,iPhone 16 128GB,New,696.98,688.36,698.7914464046945,10.431446404694498,1.5154056605111421
2026-06-11,Flipkart,iPhone,iPhone 16 128GB,New,712.24,687.76,696.7270917743505,8.967091774350479,1.3038111804045711
2026-06-13,Flipkart,iPhone,iPhone 16 128GB,New,698.175,690.625,700.0616708367238,9.436670836723806,1.3663957772631756
2026-06-14,Flipkart,iPhone,iPhone 16 128GB,New,688.36,702.49,700.2419023625272,2.2480976374728243,0.32001845399547674
2026-06-18,Flipkart,iPhone,iPhone 16 128GB,New,687.76,704.56,694.919853047404,9.640146952595956,1.3682506745480807
2026-06-21,Flipkart,iPhone,iPhone 16 128GB,New,702.49,693.08,695.8455888689565,2.7655888689564563,0.3990288089335223
2026-06-22,Flipkart,iPhone,iPhone 16 128GB,New,709.83,698.19,700.3899675619178,2.199967561917788,0.31509582805794806
2026-06-23,Flipkart,iPhone,iPhone 16 128GB,New,708.61,694.8050000000001,701.8615736038308,7.0565736038307705,1.0156192894165659
2026-06-24,Flipkart,iPhone,iPhone 16 128GB,New,693.9849999999999,704.14,699.8045719272037,4.335428072796276,0.6157054098327429
2026-06-25,Flipkart,iPhone,iPhone 16 128GB,New,704.56,691.81,695.2381751442397,3.428175144239731,0.495537090276193
2026-06-26,Flipkart,iPhone,iPhone 16 128GB,New,699.61,694.5899999999999,696.4809200630827,1.890920063082831,0.2722354285381061
2026-06-28,Flipkart,iPhone,iPhone 16 128GB,New,693.08,694.375,694.530213942053,0.15521394205302386,0.02235304295993143
2026-06-29,Flipkart,iPhone,iPhone 16 128GB,New,698.19,696.745,700.4699606749471,3.724960674947056,0.5346232373317434
2026-06-30,Flipkart,iPhone,iPhone 16 128GB,New,694.8050000000001,697.18,700.6726742238284,3.4926742238284305,0.5009716606656001
2026-07-01,Flipkart,iPhone,iPhone 16 128GB,New,704.14,693.67,699.0783039696589,5.408303969658959,0.7796652543225107
2026-07-02,Flipkart,iPhone,iPhone 16 128GB,New,691.81,697.56,694.7420678276978,2.8179321723021076,0.4039698624207391
2026-07-03,Flipkart,iPhone,iPhone 16 128GB,New,694.5899999999999,699.05,700.0992940146992,1.049294014699285,0.15010285597586512
2026-07-04,Flipkart,iPhone,iPhone 16 128GB,New,698.9449999999999,694.6600000000001,701.4985068841049,6.838506884104845,0.9844394213147214
2026-07-06,Flipkart,iPhone,iPhone 16 128GB,New,696.745,700.0550000000001,702.916020377446,2.861020377445925,0.40868508580696156
2026-07-07,Flipkart,iPhone,iPhone 16 128GB,New,697.18,698.23,696.3679979759561,1.8620020240439317,0.2666745949105498
2026-07-09,Flipkart,iPhone,iPhone 16 128GB,New,697.56,700.52,692.2422433222305,8.277756677769503,1.1816588645248534
2026-07-11,Flipkart,iPhone,iPhone 16 128GB,New,694.6600000000001,706.6,696.4766736826995,10.123326317300553,1.4326813355930585
2026-07-14,Flipkart,iPhone,iPhone 16 128GB,New,698.23,699.4649999999999,693.7310348520691,5.733965147930803,0.8197644125053869
2026-07-18,Flipkart,iPhone,iPhone 16 128GB,New,706.6,699.33,695.8063606004512,3.5236393995488697,0.5038593224298785
2026-07-19,Flipkart,iPhone,iPhone 16 128GB,New,703.14,694.48,694.4633551251492,0.016644874850840097,0.002396739265470582
2026-07-21,Flipkart,iPhone,iPhone 16 128GB,New,699.4649999999999,696.62,701.9302807558219,5.31028075582185,0.7622923194599422
2026-07-22,Flipkart,iPhone,iPhone 16 128GB,New,698.075,706.24,695.6366875691368,10.603312430863184,1.5013752309219506
2026-07-24,Flipkart,iPhone,iPhone 16 128GB,New,700.79,694.35,699.8521911839982,5.502191183998207,0.7924233000645505
2026-01-29,Flipkart,iPhone,iPhone 16 128GB,Renewed/Refurbished,556.63,540.0450000000001,541.0525424076411,1.00754240764104,0.18656638014258808
2026-02-02,Flipkart,iPhone,iPhone 16 128GB,Renewed/Refurbished,599.45,518.16,559.1333217210675,40.97332172106758,7.9074652078639
2026-03-07,Flipkart,iPhone,iPhone 16 128GB,Renewed/Refurbished,506.995,554.3299999999999,520.6016533635745,33.728346636425385,6.084524856389766
2026-03-12,Flipkart,iPhone,iPhone 16 128GB,Renewed/Refurbished,509.2,592.53,519.463655973923,73.06634402607699,12.331248042474979
2026-03-18,Flipkart,iPhone,iPhone 16 128GB,Renewed/Refurbished,537.73,532.25,530.1192944832138,2.130705516786179,0.40032043528157424
2026-03-19,Flipkart,iPhone,iPhone 16 128GB,Renewed/Refurbished,592.53,552.025,532.7939876585793,19.231012341420637,3.483721270127374
2026-03-25,Flipkart,iPhone,iPhone 16 128GB,Renewed/Refurbished,532.25,507.08,544.0340259232016,36.95402592320164,7.287612590360819
2026-04-01,Flipkart,iPhone,iPhone 16 128GB,Renewed/Refurbished,507.08,512.44,536.4646066065316,24.024606606531506,4.688276989800075
2026-04-03,Flipkart,iPhone,iPhone 16 128GB,Renewed/Refurbished,591.34,505.43,555.4942905125693,50.064290512569244,9.905286689070543
2026-04-10,Flipkart,iPhone,iPhone 16 128GB,Renewed/Refurbished,505.43,542.65,526.7864192979225,15.863580702077456,2.9233540407403407
2026-04-16,Flipkart,iPhone,iPhone 16 128GB,Renewed/Refurbished,579.53,504.82,535.1814822168823,30.36148221688228,6.01431841386678
2026-04-23,Flipkart,iPhone,iPhone 16 128GB,Renewed/Refurbished,504.82,539.0799999999999,524.7191436627973,14.360856337202677,2.6639564326635523
2026-05-09,Flipkart,iPhone,iPhone 16 128GB,Renewed/Refurbished,576.98,535.95,551.0693311489226,15.119331148922583,2.821033892886012
2026-05-14,Flipkart,iPhone,iPhone 16 128GB,Renewed/Refurbished,553.95,507.09,541.1358303771389,34.045830377138884,6.7139620929497505
2026-05-18,Flipkart,iPhone,iPhone 16 128GB,Renewed/Refurbished,545.62,551.9849999999999,545.8351117251308,6.149888274869113,1.1141404702789233
2026-05-21,Flipkart,iPhone,iPhone 16 128GB,Renewed/Refurbished,507.09,567.83,534.2621810669709,33.567818933029116,5.9115965928234
2026-05-25,Flipkart,iPhone,iPhone 16 128GB,Renewed/Refurbished,551.9849999999999,580.87,543.476566609912,37.393433390088035,6.437487456761071
2026-05-28,Flipkart,iPhone,iPhone 16 128GB,Renewed/Refurbished,567.83,595.08,552.6297841906329,42.45021580936714,7.133530921786504
2026-06-09,Flipkart,iPhone,iPhone 16 128GB,Renewed/Refurbished,555.8,573.32,529.1011941004217,44.21880589957834,7.712761790898336
2026-06-20,Flipkart,iPhone,iPhone 16 128GB,Renewed/Refurbished,488.31,549.07,530.4353508947995,18.634649105200538,3.393856722312371
2026-06-27,Flipkart,iPhone,iPhone 16 128GB,Renewed/Refurbished,549.07,505.52,533.918134237404,28.398134237404065,5.6176084501907075
2026-07-16,Flipkart,iPhone,iPhone 16 128GB,Renewed/Refurbished,558.05,498.22,531.1088284729394,32.888828472939394,6.6012662022679525
2026-07-18,Flipkart,iPhone,iPhone 16 128GB,Renewed/Refurbished,588.73,526.44,545.4396100978556,18.999610097855566,3.609074177086765
2026-07-23,Flipkart,iPhone,iPhone 16 128GB,Renewed/Refurbished,498.22,550.995,510.78466136051054,40.210338639489464,7.297768335373182
2026-01-25,Flipkart,iPhone,iPhone 16 Pro 256GB,New,997.63,997.115,1002.1702407846232,5.055240784623152,0.5069867351933479
2026-01-26,Flipkart,iPhone,iPhone 16 Pro 256GB,New,1004.4549999999999,1015.69,993.7286451686691,21.961354831330937,2.162210401926861
2026-01-30,Flipkart,iPhone,iPhone 16 Pro 256GB,New,1009.59,1012.2,1003.2148921971201,8.985107802879952,0.8876810712191218
2026-01-31,Flipkart,iPhone,iPhone 16 Pro 256GB,New,1005.405,980.09,995.9131561702291,15.823156170229026,1.6144595057830429
2026-02-01,Flipkart,iPhone,iPhone 16 Pro 256GB,New,997.115,1011.58,1001.0429723608291,10.537027639170901,1.0416405661609462
2026-02-02,Flipkart,iPhone,iPhone 16 Pro 256GB,New,1015.69,996.64,1006.820777750396,10.180777750396032,1.0215100488035833
2026-02-04,Flipkart,iPhone,iPhone 16 Pro 256GB,New,1003.3299999999999,990.2850000000001,996.0493430969885,5.764343096988455,0.582089307319454
2026-02-06,Flipkart,iPhone,iPhone 16 Pro 256GB,New,1012.2,1007.07,1002.3637659255357,4.706234074464305,0.467319458872204
2026-02-07,Flipkart,iPhone,iPhone 16 Pro 256GB,New,980.09,1007.885,999.3031304129861,8.581869587013898,0.8514730933602443
2026-02-08,Flipkart,iPhone,iPhone 16 Pro 256GB,New,1011.58,1004.98,992.8343086377167,12.145691362283287,1.2085505544670825
2026-02-09,Flipkart,iPhone,iPhone 16 Pro 256GB,New,996.64,1002.605,1017.1143988222661,14.509398822266121,1.4471700043652407
2026-02-10,Flipkart,iPhone,iPhone 16 Pro 256GB,New,997.89,985.365,1004.005663519394,18.640663519394025,1.8917521445752614
2026-02-11,Flipkart,iPhone,iPhone 16 Pro 256GB,New,990.2850000000001,989.625,1005.9568490836463,16.33184908364626,1.6503068418488076
2026-02-15,Flipkart,iPhone,iPhone 16 Pro 256GB,New,1004.98,1001.18,1008.0647309766642,6.884730976664287,0.6876616569112733
2026-02-16,Flipkart,iPhone,iPhone 16 Pro 256GB,New,1002.605,991.23,1003.4847650913534,12.25476509135342,1.236319027002151
2026-02-17,Flipkart,iPhone,iPhone 16 Pro 256GB,New,985.365,1003.78,1001.2738145525846,2.506185447415419,0.24967477409546102
2026-02-18,Flipkart,iPhone,iPhone 16 Pro 256GB,New,989.625,1012.92,1002.9448811496273,9.97511885037261,0.9847884186680697
2026-02-22,Flipkart,iPhone,iPhone 16 Pro 256GB,New,1001.18,987.09,996.8732998525816,9.783299852581536,0.9911254143575089
2026-02-23,Flipkart,iPhone,iPhone 16 Pro 256GB,New,991.23,1005.42,1009.3688217066485,3.948821706648573,0.39275344698221376
2026-02-24,Flipkart,iPhone,iPhone 16 Pro 256GB,New,1003.78,1000.595,997.6365456853707,2.958454314629307,0.2956695081056079
2026-02-25,Flipkart,iPhone,iPhone 16 Pro 256GB,New,1012.92,1011.85,1008.5055665986918,3.3444334013082653,0.3305265999217537
2026-02-26,Flipkart,iPhone,iPhone 16 Pro 256GB,New,985.685,1009.6,1004.639803766693,4.960196233306988,0.49130311344165883
2026-02-27,Flipkart,iPhone,iPhone 16 Pro 256GB,New,987.68,1018.4,993.13297622151,25.267023778489943,2.4810510387362474
2026-03-01,Flipkart,iPhone,iPhone 16 Pro 256GB,New,987.09,989.93,990.4008193736244,0.4708193736244084,0.04756087537749219
2026-03-02,Flipkart,iPhone,iPhone 16 Pro 256GB,New,1005.42,991.39,995.0773911005572,3.6873911005571927,0.37194152659974306
2026-03-05,Flipkart,iPhone,iPhone 16 Pro 256GB,New,1009.6,1013.88,998.0751944244982,15.804805575501746,1.5588438055294263
2026-03-06,Flipkart,iPhone,iPhone 16 Pro 256GB,New,1018.4,994.02,1007.7386593556024,13.718659355602426,1.3801190474640779
2026-03-08,Flipkart,iPhone,iPhone 16 Pro 256GB,New,989.93,1005.32,1002.4525220607036,2.8674779392964638,0.2852303683699184
2026-03-09,Flipkart,iPhone,iPhone 16 Pro 256GB,New,991.39,998.905,994.7805905293783,4.124409470621686,0.4128930649683089
2026-03-12,Flipkart,iPhone,iPhone 16 Pro 256GB,New,1013.88,1015.52,997.4983085442403,18.02169145575965,1.7746269355364397
2026-03-13,Flipkart,iPhone,iPhone 16 Pro 256GB,New,994.02,1018.82,1008.4538614642045,10.366138535795585,1.0174651592818738
2026-03-15,Flipkart,iPhone,iPhone 16 Pro 256GB,New,1005.32,989.96,1017.6351910189857,27.67519101898563,2.795586793303328
2026-03-16,Flipkart,iPhone,iPhone 16 Pro 256GB,New,998.905,1005.8499999999999,1004.6940490791989,1.1559509208010468,0.11492279373674474
2026-03-17,Flipkart,iPhone,iPhone 16 Pro 256GB,New,984.56,992.915,999.5098352819605,6.594835281960513,0.6641893094535296
2026-03-18,Flipkart,iPhone,iPhone 16 Pro 256GB,New,996.66,1018.2,1003.1379863589367,15.062013641063345,1.4792784954884448
2026-03-19,Flipkart,iPhone,iPhone 16 Pro 256GB,New,1015.52,984.3,1006.761134047428,22.461134047428004,2.2819398605534906
2026-03-20,Flipkart,iPhone,iPhone 16 Pro 256GB,New,1018.82,1010.32,1014.8647610646385,4.544761064638465,0.4498338214267227
2026-03-22,Flipkart,iPhone,iPhone 16 Pro 256GB,New,989.96,991.18,1022.2253735027557,31.04537350275575,3.1321630281841593
2026-03-23,Flipkart,iPhone,iPhone 16 Pro 256GB,New,1005.8499999999999,992.03,1010.580389170613,18.550389170613016,1.8699423576517864
2026-03-28,Flipkart,iPhone,iPhone 16 Pro 256GB,New,996.26,1012.13,1017.9549925176351,5.82499251763511,0.5755182158057868
2026-03-30,Flipkart,iPhone,iPhone 16 Pro 256GB,New,992.03,995.97,1022.8813337617977,26.911333761797664,2.702022526963429
2026-04-04,Flipkart,iPhone,iPhone 16 Pro 256GB,New,1012.13,995.54,1007.2694817763042,11.729481776304283,1.178202962844716
2026-04-06,Flipkart,iPhone,iPhone 16 Pro 256GB,New,995.97,1008.39,1005.1474153802034,3.2425846197966166,0.3215605688073679
2026-04-07,Flipkart,iPhone,iPhone 16 Pro 256GB,New,982.19,1015.7,998.1973365645744,17.50266343542569,1.7232119164542374
2026-04-08,Flipkart,iPhone,iPhone 16 Pro 256GB,New,1003.54,1006.95,998.6034121842974,8.346587815702605,0.8288979408811367
2026-04-10,Flipkart,iPhone,iPhone 16 Pro 256GB,New,1007.19,1018.75,991.0591594528222,27.6908405471778,2.718119317514385
2026-04-11,Flipkart,iPhone,iPhone 16 Pro 256GB,New,995.54,1003.6,1006.7771040676821,3.1771040676820803,0.31657075206078916
2026-04-12,Flipkart,iPhone,iPhone 16 Pro 256GB,New,994.6800000000001,1001.08,1013.9112323095146,12.831232309514576,1.2817389528823446
2026-04-13,Flipkart,iPhone,iPhone 16 Pro 256GB,New,1008.39,990.15,1001.069823429641,10.919823429641042,1.1028453698571976
2026-04-14,Flipkart,iPhone,iPhone 16 Pro 256GB,New,1015.7,1006.76,1003.4349319885246,3.325068011475423,0.3302741479076864
2026-04-18,Flipkart,iPhone,iPhone 16 Pro 256GB,New,1003.6,1000.18,1012.44812649051,12.268126490510099,1.226591862515757
2026-04-19,Flipkart,iPhone,iPhone 16 Pro 256GB,New,1001.08,1005.8,1004.6249237626888,1.1750762373111456,0.11683000967499957
2026-04-20,Flipkart,iPhone,iPhone 16 Pro 256GB,New,990.15,997.31,999.5899248132315,2.2799248132315597,0.22860743532417804
2026-04-21,Flipkart,iPhone,iPhone 16 Pro 256GB,New,1006.76,1004.96,1006.5154181091925,1.5554181091924875,0.1547741312283561
2026-04-23,Flipkart,iPhone,iPhone 16 Pro 256GB,New,994.3199999999999,996.495,1000.7901784585302,4.295178458530245,0.43102860109987956
2026-04-26,Flipkart,iPhone,iPhone 16 Pro 256GB,New,1005.8,997.11,1003.2791647925749,6.169164792574861,0.6187045353646901
2026-04-27,Flipkart,iPhone,iPhone 16 Pro 256GB,New,997.31,1007.2149999999999,1007.3461598329076,0.13115983290765598,0.013022029349012474
2026-04-30,Flipkart,iPhone,iPhone 16 Pro 256GB,New,996.495,995.435,1006.9365682336278,11.501568233627836,1.1554313675556753
2026-05-01,Flipkart,iPhone,iPhone 16 Pro 256GB,New,1009.64,994.5550000000001,1004.5552680007906,10.000268000790584,1.0055017571467222
2026-05-03,Flipkart,iPhone,iPhone 16 Pro 256GB,New,997.11,1010.4300000000001,1005.3523977980351,5.0776022019649645,0.5025189475733068
2026-05-08,Flipkart,iPhone,iPhone 16 Pro 256GB,New,994.5550000000001,981.15,996.7910034718957,15.641003471895715,1.5941500761245186
2026-05-10,Flipkart,iPhone,iPhone 16 Pro 256GB,New,1010.4300000000001,986.29,992.3347946426908,6.0447946426908175,0.6128820775523242
2026-05-15,Flipkart,iPhone,iPhone 16 Pro 256GB,New,981.15,999.28,993.7103990681935,5.5696009318064625,0.5573613933838827
2026-05-17,Flipkart,iPhone,iPhone 16 Pro 256GB,New,986.29,1006.35,994.6758647155157,11.67413528448435,1.1600472285471606
2026-05-18,Flipkart,iPhone,iPhone 16 Pro 256GB,New,992.46,991.8900000000001,984.0813192304839,7.808680769516172,0.7872526963187623
2026-05-22,Flipkart,iPhone,iPhone 16 Pro 256GB,New,999.28,1005.42,1006.8146465617946,1.394646561794616,0.1387128326266253
2026-05-24,Flipkart,iPhone,iPhone 16 Pro 256GB,New,1006.35,1012.55,997.9943450423441,14.555654957655861,1.4375245625061341
2026-05-25,Flipkart,iPhone,iPhone 16 Pro 256GB,New,991.8900000000001,990.8,1004.8289762628907,14.028976262890751,1.4159241282691515
2026-05-29,Flipkart,iPhone,iPhone 16 Pro 256GB,New,1005.42,994.05,995.0367360175069,0.986736017506928,0.09926422388279543
2026-05-31,Flipkart,iPhone,iPhone 16 Pro 256GB,New,1012.55,1007.525,1005.1573542955731,2.3676457044268773,0.23499622385815513
2026-06-05,Flipkart,iPhone,iPhone 16 Pro 256GB,New,994.05,1003.04,1000.8814544421234,2.1585455578765504,0.21520034673358496
2026-06-07,Flipkart,iPhone,iPhone 16 Pro 256GB,New,1007.525,991.59,989.9526791120807,1.6373208879193726,0.16512075433590218
2026-06-12,Flipkart,iPhone,iPhone 16 Pro 256GB,New,1003.04,1009.185,1002.3061850238221,6.878814976177864,0.6816208104735866
2026-06-14,Flipkart,iPhone,iPhone 16 Pro 256GB,New,991.59,1013.94,1005.6072644867619,8.332735513238163,0.8218174165372865
2026-06-15,Flipkart,iPhone,iPhone 16 Pro 256GB,New,996.67,1001.52,998.2406117591212,3.279388240878802,0.3274411135952155
2026-06-20,Flipkart,iPhone,iPhone 16 Pro 256GB,New,989.06,982.56,1006.5231197769515,23.963119776951544,2.4388454422072487
2026-06-21,Flipkart,iPhone,iPhone 16 Pro 256GB,New,1013.94,1001.57,995.495814009369,6.074185990631008,0.6064664467417163
2026-06-22,Flipkart,iPhone,iPhone 16 Pro 256GB,New,1001.52,982.72,995.6517532382983,12.931753238298256,1.3159143233370907
2026-06-24,Flipkart,iPhone,iPhone 16 Pro 256GB,New,1005.915,1011.75,996.4409550922387,15.30904490776129,1.5131252688669425
2026-06-25,Flipkart,iPhone,iPhone 16 Pro 256GB,New,984.85,997.63,1003.9313000895118,6.301300089511756,0.6316269648578888
2026-06-27,Flipkart,iPhone,iPhone 16 Pro 256GB,New,982.56,997.25,999.8862470050938,2.6362470050937645,0.26435166759526346
2026-06-28,Flipkart,iPhone,iPhone 16 Pro 256GB,New,1001.57,983.9,996.1086223904857,12.208622390485743,1.2408397591712312
2026-06-29,Flipkart,iPhone,iPhone 16 Pro 256GB,New,982.72,1002.74,1004.3845931650228,1.6445931650227976,0.1640099292960087
2026-07-01,Flipkart,iPhone,iPhone 16 Pro 256GB,New,1011.75,1010.78,992.3643325907292,18.41566740927078,1.8219263746087955
2026-07-04,Flipkart,iPhone,iPhone 16 Pro 256GB,New,997.25,1009.885,992.6690274167091,17.215972583290863,1.7047458456448865
2026-07-05,Flipkart,iPhone,iPhone 16 Pro 256GB,New,983.9,998.14,997.7504563869757,0.3895436130243297,0.039026951432096675
2026-07-06,Flipkart,iPhone,iPhone 16 Pro 256GB,New,1002.74,1016.08,996.3104747488371,19.769525251162918,1.945666212420569
2026-07-11,Flipkart,iPhone,iPhone 16 Pro 256GB,New,1009.885,1013.36,991.0601591139509,22.299840886049083,2.2005842825895123
2026-07-12,Flipkart,iPhone,iPhone 16 Pro 256GB,New,998.14,1018.96,1000.5300586970524,18.429941302947668,1.8087011563699917
2026-07-14,Flipkart,iPhone,iPhone 16 Pro 256GB,New,987.34,1001.87,1000.169591994224,1.700408005776012,0.16972341778634076
2026-07-18,Flipkart,iPhone,iPhone 16 Pro 256GB,New,1013.36,1007.3299999999999,993.0938546281872,14.236145371812768,1.413255375280471
2026-07-19,Flipkart,iPhone,iPhone 16 Pro 256GB,New,1018.96,996.3,1002.638505901007,6.338505901007011,0.6362045469243212
2026-07-21,Flipkart,iPhone,iPhone 16 Pro 256GB,New,1001.87,991.52,1004.4930099602673,12.97300996026729,1.3083961957668317
2026-07-22,Flipkart,iPhone,iPhone 16 Pro 256GB,New,1010.49,979.28,1002.9207260635961,23.640726063596162,2.414092605138077
2026-07-23,Flipkart,iPhone,iPhone 16 Pro 256GB,New,992.25,997.19,1006.3062129436009,9.116212943600885,0.9141901687342318
2026-01-26,Flipkart,iPhone,iPhone 16 Pro 256GB,Renewed/Refurbished,778.27,718.73,784.4122293767614,65.68222937676137,9.138651423589021
2026-02-05,Flipkart,iPhone,iPhone 16 Pro 256GB,Renewed/Refurbished,731.67,741.44,748.803228814597,7.363228814596937,0.9930984050761945
2026-03-10,Flipkart,iPhone,iPhone 16 Pro 256GB,Renewed/Refurbished,726.89,732.37,743.7411906949054,11.371190694905408,1.552656539031556
2026-03-12,Flipkart,iPhone,iPhone 16 Pro 256GB,Renewed/Refurbished,827.72,818.63,769.724830673848,48.90516932615196,5.974026034490791
2026-03-17,Flipkart,iPhone,iPhone 16 Pro 256GB,Renewed/Refurbished,732.37,801.17,751.3907170752626,49.779282924737345,6.213323380148701
2026-03-19,Flipkart,iPhone,iPhone 16 Pro 256GB,Renewed/Refurbished,818.63,845.93,767.845604621058,78.08439537894196,9.230597730183582
2026-03-21,Flipkart,iPhone,iPhone 16 Pro 256GB,Renewed/Refurbished,791.97,812.8,774.2953772936726,38.50462270632738,4.737281336900515
2026-03-26,Flipkart,iPhone,iPhone 16 Pro 256GB,Renewed/Refurbished,845.93,809.48,769.4164540715769,40.06354592842308,4.949294105897994
2026-03-28,Flipkart,iPhone,iPhone 16 Pro 256GB,Renewed/Refurbished,812.8,768.44,771.1342055079564,2.694205507956326,0.3506071401744217
2026-04-04,Flipkart,iPhone,iPhone 16 Pro 256GB,Renewed/Refurbished,768.44,777.02,785.0988651955573,8.078865195557341,1.0397242278908319
2026-04-05,Flipkart,iPhone,iPhone 16 Pro 256GB,Renewed/Refurbished,797.56,805.28,789.9906437539847,15.289356246015245,1.8986385165427235
2026-04-20,Flipkart,iPhone,iPhone 16 Pro 256GB,Renewed/Refurbished,827.74,789.64,780.3586625145834,9.281337485416543,1.1753884663158582
2026-04-27,Flipkart,iPhone,iPhone 16 Pro 256GB,Renewed/Refurbished,789.64,807.47,780.3561840971524,27.11381590284759,3.3578728501179724
2026-04-28,Flipkart,iPhone,iPhone 16 Pro 256GB,Renewed/Refurbished,788.98,779.52,781.0691813907562,1.549181390756189,0.19873529745948648
2026-05-04,Flipkart,iPhone,iPhone 16 Pro 256GB,Renewed/Refurbished,807.47,819.89,778.1226339180339,41.76736608196609,5.094264606467464
2026-05-05,Flipkart,iPhone,iPhone 16 Pro 256GB,Renewed/Refurbished,779.52,851.07,777.3016828561439,73.76831714385617,8.667714423473528
2026-05-11,Flipkart,iPhone,iPhone 16 Pro 256GB,Renewed/Refurbished,819.89,812.8,777.4910493912787,35.30895060872126,4.344113017805274
2026-05-15,Flipkart,iPhone,iPhone 16 Pro 256GB,Renewed/Refurbished,742.52,787.7,763.8749378510596,23.825062148940447,3.024636555660841
2026-05-18,Flipkart,iPhone,iPhone 16 Pro 256GB,Renewed/Refurbished,812.8,781.98,779.6963362724047,2.2836637275953535,0.29203607862034237
2026-05-21,Flipkart,iPhone,iPhone 16 Pro 256GB,Renewed/Refurbished,827.6,705.85,779.9172550523513,74.06725505235124,10.493342077261634
2026-05-28,Flipkart,iPhone,iPhone 16 Pro 256GB,Renewed/Refurbished,705.85,742.22,734.7805055220172,7.439494477982862,1.0023301013153596
2026-05-30,Flipkart,iPhone,iPhone 16 Pro 256GB,Renewed/Refurbished,784.655,728.18,779.3887547839071,51.208754783907125,7.032430825332628
2026-06-10,Flipkart,iPhone,iPhone 16 Pro 256GB,Renewed/Refurbished,789.81,830.855,777.5436913584555,53.31130864154454,6.41643952814204
2026-06-12,Flipkart,iPhone,iPhone 16 Pro 256GB,Renewed/Refurbished,826.93,764.21,775.6639123764629,11.453912376462881,1.4987912192280761
2026-06-19,Flipkart,iPhone,iPhone 16 Pro 256GB,Renewed/Refurbished,764.21,853.07,780.0479112288036,73.02208877119642,8.559917564935635
2026-06-22,Flipkart,iPhone,iPhone 16 Pro 256GB,Renewed/Refurbished,835.42,733.87,774.904769604311,41.03476960431101,5.591558396488616
2026-06-26,Flipkart,iPhone,iPhone 16 Pro 256GB,Renewed/Refurbished,853.07,743.52,767.3303754151653,23.810375415165367,3.2023853312843458
2026-06-29,Flipkart,iPhone,iPhone 16 Pro 256GB,Renewed/Refurbished,733.87,823.59,776.7406397856287,46.84936021437136,5.688432377077351
2026-01-25,Flipkart,iPhone,iPhone 17 128GB,New,847.28,857.55,834.030552906722,23.519447093277904,2.742632743662516
2026-01-26,Flipkart,iPhone,iPhone 17 128GB,New,856.2149999999999,846.52,830.9793698464354,15.54063015356462,1.8358255154709422
2026-01-27,Flipkart,iPhone,iPhone 17 128GB,New,850.0350000000001,852.48,831.8088639406337,20.67113605936629,2.4248235805375247
2026-01-29,Flipkart,iPhone,iPhone 17 128GB,New,841.355,852.39,833.3977939610103,18.992206038989707,2.228112253662022
2026-01-30,Flipkart,iPhone,iPhone 17 128GB,New,848.855,848.69,824.899778294251,23.790221705749104,2.803169791767206
2026-01-31,Flipkart,iPhone,iPhone 17 128GB,New,855.4000000000001,847.075,833.4662345241688,13.608765475831206,1.6065596878471453
2026-02-01,Flipkart,iPhone,iPhone 17 128GB,New,857.55,851.09,831.2860094008997,19.803990599100302,2.326897343300979
2026-02-02,Flipkart,iPhone,iPhone 17 128GB,New,846.52,852.75,831.337400082773,21.412599917227,2.511005560507417
2026-02-03,Flipkart,iPhone,iPhone 17 128GB,New,852.48,848.4,817.5713957616812,30.828604238318803,3.633734587260585
2026-02-05,Flipkart,iPhone,iPhone 17 128GB,New,852.39,843.11,819.1638775756529,23.946122424347095,2.8402133083876473
2026-02-06,Flipkart,iPhone,iPhone 17 128GB,New,848.69,854.63,827.4051484895809,27.224851510419057,3.1855717106138397
2026-02-07,Flipkart,iPhone,iPhone 17 128GB,New,847.075,854.2,833.9923307276224,20.207669272377643,2.365683595455121
2026-02-08,Flipkart,iPhone,iPhone 17 128GB,New,851.09,850.735,834.8636543952409,15.871345604759085,1.86560393127814
2026-02-09,Flipkart,iPhone,iPhone 17 128GB,New,852.75,843.82,822.2261515833152,21.593848416684864,2.5590586163737363
2026-02-10,Flipkart,iPhone,iPhone 17 128GB,New,848.4,864.72,828.6895392377752,36.030460762224834,4.166719951224077
2026-02-11,Flipkart,iPhone,iPhone 17 128GB,New,851.28,852.3,826.6764086817861,25.623591318213812,3.0064051763714437
2026-02-12,Flipkart,iPhone,iPhone 17 128GB,New,843.11,859.33,830.6853818034009,28.64461819659914,3.3333664827946348
2026-02-13,Flipkart,iPhone,iPhone 17 128GB,New,854.63,844.54,826.8011980405621,17.738801959437865,2.1004099224948334
2026-02-14,Flipkart,iPhone,iPhone 17 128GB,New,854.2,851.61,833.3914353392158,18.218564660784182,2.1393084464466345
2026-02-15,Flipkart,iPhone,iPhone 17 128GB,New,850.735,849.65,837.1955515390484,12.45444846095154,1.465832808915617
2026-02-16,Flipkart,iPhone,iPhone 17 128GB,New,843.82,837.325,832.6796273763653,4.645372623634785,0.5547872837470259
2026-02-17,Flipkart,iPhone,iPhone 17 128GB,New,864.72,853.0799999999999,826.5087788958695,26.571221104130473,3.114739661477291
2026-02-18,Flipkart,iPhone,iPhone 17 128GB,New,852.3,853.91,825.9679348182231,27.94206518177691,3.2722494386735033
2026-02-19,Flipkart,iPhone,iPhone 17 128GB,New,859.33,851.1,825.0331497874221,26.066850212577947,3.0627247341767063
2026-02-20,Flipkart,iPhone,iPhone 17 128GB,New,844.54,852.825,830.8571546532614,21.967845346738613,2.5758913430936725
2026-02-21,Flipkart,iPhone,iPhone 17 128GB,New,851.61,857.485,838.2327714887937,19.25222851120634,2.245197118457622
2026-02-22,Flipkart,iPhone,iPhone 17 128GB,New,849.65,840.0,839.0323800668934,0.9676199331065618,0.1151928491793526
2026-02-23,Flipkart,iPhone,iPhone 17 128GB,New,837.325,849.89,830.4510050322426,19.438994967757367,2.28723657976413
2026-02-24,Flipkart,iPhone,iPhone 17 128GB,New,853.0799999999999,843.58,824.6152074398752,18.964792560124806,2.248132075218095
2026-02-25,Flipkart,iPhone,iPhone 17 128GB,New,853.91,844.33,831.6349509548849,12.695049045115184,1.5035648437358833
2026-02-26,Flipkart,iPhone,iPhone 17 128GB,New,851.1,836.365,831.0526866322477,5.312313367752267,0.6351668670678792
2026-02-27,Flipkart,iPhone,iPhone 17 128GB,New,852.825,843.67,829.8770781581849,13.792921841815087,1.6348716727885415
2026-03-01,Flipkart,iPhone,iPhone 17 128GB,New,840.0,848.4649999999999,832.1548176875167,16.31018231248322,1.9223164553026022
2026-03-02,Flipkart,iPhone,iPhone 17 128GB,New,849.89,849.74,828.3396788950685,21.40032110493155,2.5184551868726377
2026-03-03,Flipkart,iPhone,iPhone 17 128GB,New,843.58,854.57,836.009852846007,18.560147153993057,2.1718697302728924
2026-03-04,Flipkart,iPhone,iPhone 17 128GB,New,844.33,865.31,834.7768582586374,30.533141741362556,3.528578398650491
2026-03-05,Flipkart,iPhone,iPhone 17 128GB,New,836.365,854.355,831.6893677220725,22.665632277927557,2.6529524937441176
2026-03-06,Flipkart,iPhone,iPhone 17 128GB,New,843.67,843.54,826.7028132201797,16.837186779820286,1.9960152191739915
2026-03-08,Flipkart,iPhone,iPhone 17 128GB,New,848.4649999999999,840.2149999999999,828.6227195014241,11.59228049857586,1.379680260240041
2026-03-09,Flipkart,iPhone,iPhone 17 128GB,New,849.74,846.78,825.442283577011,21.337716422988933,2.519865422304369
2026-03-10,Flipkart,iPhone,iPhone 17 128GB,New,854.57,844.385,824.989688636416,19.395311363584028,2.2969748827352485
2026-03-11,Flipkart,iPhone,iPhone 17 128GB,New,865.31,856.0699999999999,828.2930533079757,27.77694669202424,3.2447050699153386
2026-03-12,Flipkart,iPhone,iPhone 17 128GB,New,854.355,851.4300000000001,827.2974803423879,24.132519657612193,2.8343515800021364
2026-03-13,Flipkart,iPhone,iPhone 17 128GB,New,843.54,840.13,833.0622412367316,7.0677587632684435,0.8412696562756292
2026-03-14,Flipkart,iPhone,iPhone 17 128GB,New,837.86,847.895,834.851273330072,13.043726669927992,1.5383657964639479
2026-03-15,Flipkart,iPhone,iPhone 17 128GB,New,840.2149999999999,834.64,834.3147928265054,0.3252071734946185,0.03896376563483879
2026-03-16,Flipkart,iPhone,iPhone 17 128GB,New,846.78,860.83,837.6314526079184,23.19854739208165,2.6949046143932773
2026-03-17,Flipkart,iPhone,iPhone 17 128GB,New,844.385,850.925,833.073238643069,17.85176135693098,2.0979241833217945
2026-03-18,Flipkart,iPhone,iPhone 17 128GB,New,856.0699999999999,855.27,834.3171962567809,20.95280374321908,2.449846685049058
2026-03-19,Flipkart,iPhone,iPhone 17 128GB,New,851.4300000000001,852.8299999999999,827.9215853532115,24.9084146467884,2.920677584839699
2026-03-20,Flipkart,iPhone,iPhone 17 128GB,New,840.13,842.21,829.5983575161096,12.611642483890478,1.497446300078422
2026-03-22,Flipkart,iPhone,iPhone 17 128GB,New,834.64,863.515,830.6944807649121,32.820519235087886,3.800804761363484
2026-03-23,Flipkart,iPhone,iPhone 17 128GB,New,860.83,840.825,823.6884345900478,17.136565409952254,2.0380656390987726
2026-03-24,Flipkart,iPhone,iPhone 17 128GB,New,850.925,845.975,827.5259794616455,18.44902053835449,2.180799732658115
2026-03-25,Flipkart,iPhone,iPhone 17 128GB,New,855.27,853.25,829.5150410430208,23.7349589569792,2.7817121543485728
2026-03-27,Flipkart,iPhone,iPhone 17 128GB,New,842.21,854.62,829.4945001264184,25.12549987358159,2.9399616055769333
2026-03-29,Flipkart,iPhone,iPhone 17 128GB,New,863.515,852.14,837.7270385687173,14.412961431282724,1.6913842128385856
2026-03-30,Flipkart,iPhone,iPhone 17 128GB,New,840.825,853.5,835.1362234334557,18.36377656654429,2.1515848349788267
2026-03-31,Flipkart,iPhone,iPhone 17 128GB,New,845.975,854.715,830.414553991514,24.300446008486006,2.8431051296029675
2026-04-01,Flipkart,iPhone,iPhone 17 128GB,New,853.25,852.925,831.9000098650062,21.0249901349938,2.4650455942777856
2026-04-03,Flipkart,iPhone,iPhone 17 128GB,New,854.62,855.615,832.742139858936,22.872860141064052,2.6732654454473157
2026-04-04,Flipkart,iPhone,iPhone 17 128GB,New,850.33,851.725,838.8527477483694,12.872252251630584,1.5113155363093234
2026-04-05,Flipkart,iPhone,iPhone 17 128GB,New,852.14,857.4549999999999,835.8495201709874,21.605479829012552,2.519721714727018
2026-04-06,Flipkart,iPhone,iPhone 17 128GB,New,853.5,843.01,831.8595073243579,11.150492675642113,1.3226999294957489
2026-04-07,Flipkart,iPhone,iPhone 17 128GB,New,854.715,842.75,829.8076637389197,12.9423362610803,1.5357266402943102
2026-04-08,Flipkart,iPhone,iPhone 17 128GB,New,852.925,858.99,826.5626199975309,32.427380002469135,3.775059081301195
2026-04-09,Flipkart,iPhone,iPhone 17 128GB,New,840.85,843.085,825.1936475964266,17.891352403573478,2.122129133310814
2026-04-10,Flipkart,iPhone,iPhone 17 128GB,New,855.615,862.13,829.5124649581379,32.617535041862084,3.783366202528863
2026-04-11,Flipkart,iPhone,iPhone 17 128GB,New,851.725,848.13,831.7506890975762,16.379310902423754,1.9312264514194468
2026-04-12,Flipkart,iPhone,iPhone 17 128GB,New,857.4549999999999,856.555,834.6691472761477,21.88585272385228,2.5551018584740364
2026-04-13,Flipkart,iPhone,iPhone 17 128GB,New,843.01,845.04,833.1007555532939,11.939244446706084,1.4128614558726316
2026-04-14,Flipkart,iPhone,iPhone 17 128GB,New,842.75,848.96,830.227847994783,18.732152005217017,2.2064822848210772
2026-04-15,Flipkart,iPhone,iPhone 17 128GB,New,858.99,838.36,825.1675531161701,13.192446883829916,1.5736016608413945
2026-04-16,Flipkart,iPhone,iPhone 17 128GB,New,843.085,851.7,826.4324892312693,25.267510768730745,2.9667148959411462
2026-04-17,Flipkart,iPhone,iPhone 17 128GB,New,862.13,856.01,826.1926343944481,29.817365605551913,3.4832964107372475
2026-04-18,Flipkart,iPhone,iPhone 17 128GB,New,848.13,865.67,834.3827681005538,31.28723189944617,3.61422157397694
2026-04-19,Flipkart,iPhone,iPhone 17 128GB,New,856.555,853.815,840.376051338244,13.438948661756058,1.573988353654604
2026-04-20,Flipkart,iPhone,iPhone 17 128GB,New,845.04,844.145,827.274082961636,16.870917038363928,1.9985804616936578
2026-04-21,Flipkart,iPhone,iPhone 17 128GB,New,848.96,846.0899999999999,822.3699508916148,23.72004910838507,2.803490067059659
2026-04-22,Flipkart,iPhone,iPhone 17 128GB,New,838.36,846.5550000000001,832.8268538360031,13.72814616399694,1.6216484651318506
2026-04-23,Flipkart,iPhone,iPhone 17 128GB,New,851.7,835.11,825.4926677780661,9.617332221933907,1.1516246029785187
2026-04-24,Flipkart,iPhone,iPhone 17 128GB,New,856.01,835.05,830.8216695743923,4.2283304256076235,0.5063565565663881
2026-04-25,Flipkart,iPhone,iPhone 17 128GB,New,865.67,847.2750000000001,839.1710648525136,8.103935147486482,0.9564704667889978
2026-04-26,Flipkart,iPhone,iPhone 17 128GB,New,853.815,843.075,828.8170029073638,14.257997092636288,1.6911896441759378
2026-04-27,Flipkart,iPhone,iPhone 17 128GB,New,844.145,863.49,827.2305061621594,36.25949383784064,4.1991793579358925
2026-04-28,Flipkart,iPhone,iPhone 17 128GB,New,846.0899999999999,864.63,828.5492877635323,36.08071223646766,4.172965573305074
2026-04-29,Flipkart,iPhone,iPhone 17 128GB,New,846.5550000000001,858.24,828.4950353572215,29.74496464277854,3.4658096386533535
2026-04-30,Flipkart,iPhone,iPhone 17 128GB,New,835.11,848.21,827.8712839947129,20.338716005287097,2.397839686550158
2026-05-01,Flipkart,iPhone,iPhone 17 128GB,New,835.05,851.21,836.9668214529069,14.24317854709318,1.6732860923970794
2026-05-02,Flipkart,iPhone,iPhone 17 128GB,New,847.2750000000001,841.6700000000001,833.0935374015701,8.576462598429998,1.0189816196882386
2026-05-03,Flipkart,iPhone,iPhone 17 128GB,New,843.075,842.155,826.2854205050897,15.869579494910226,1.8844012675707238
2026-05-04,Flipkart,iPhone,iPhone 17 128GB,New,863.49,856.36,828.3287001453984,28.03129985460157,3.273307937619876
2026-05-05,Flipkart,iPhone,iPhone 17 128GB,New,864.63,854.69,828.368836282295,26.321163717705076,3.079615266085373
2026-05-06,Flipkart,iPhone,iPhone 17 128GB,New,858.24,850.025,830.9137880353713,19.111211964628637,2.248311751375388
2026-05-07,Flipkart,iPhone,iPhone 17 128GB,New,848.21,861.18,824.5249246072623,36.65507539273767,4.256377922471223
2026-05-08,Flipkart,iPhone,iPhone 17 128GB,New,851.21,847.78,825.0951281568396,22.68487184316041,2.675797004312488
2026-05-09,Flipkart,iPhone,iPhone 17 128GB,New,841.6700000000001,862.015,833.1201890854422,28.894810914557752,3.3520079017833506
2026-05-10,Flipkart,iPhone,iPhone 17 128GB,New,842.155,835.69,841.8244320956811,6.134432095681063,0.7340559412797883
2026-05-11,Flipkart,iPhone,iPhone 17 128GB,New,856.36,849.43,832.1516642904788,17.278335709521116,2.0341094274420635
2026-05-12,Flipkart,iPhone,iPhone 17 128GB,New,854.69,855.55,827.8237597381458,27.726240261854173,3.240750425089612
2026-05-13,Flipkart,iPhone,iPhone 17 128GB,New,850.025,835.84,829.3580672334685,6.481932766531486,0.7754992302990388
2026-05-14,Flipkart,iPhone,iPhone 17 128GB,New,861.18,850.165,825.8896002448436,24.2753997551564,2.855375104262867
2026-05-15,Flipkart,iPhone,iPhone 17 128GB,New,847.78,854.4,821.1942621869499,33.205737813050064,3.886439350778331
2026-05-16,Flipkart,iPhone,iPhone 17 128GB,New,862.015,845.1600000000001,833.1270331089349,12.032966891065143,1.4237501645919284
2026-05-17,Flipkart,iPhone,iPhone 17 128GB,New,835.69,837.03,825.4896208503691,11.540379149630894,1.3787294540973316
2026-05-18,Flipkart,iPhone,iPhone 17 128GB,New,849.43,852.085,826.6129129643105,25.472087035689583,2.989383340358014
2026-05-19,Flipkart,iPhone,iPhone 17 128GB,New,855.55,856.645,828.9664317404781,27.678568259521853,3.2310429944168066
2026-05-20,Flipkart,iPhone,iPhone 17 128GB,New,835.84,841.69,838.4805549522717,3.209445047728309,0.3813096327303768
2026-05-21,Flipkart,iPhone,iPhone 17 128GB,New,850.165,854.355,829.8292556741039,24.525744325896085,2.8706737042442643
2026-05-22,Flipkart,iPhone,iPhone 17 128GB,New,854.4,845.14,827.9688168578742,17.171183142125756,2.031756057236169
2026-05-23,Flipkart,iPhone,iPhone 17 128GB,New,845.1600000000001,838.62,833.4226214564975,5.197378543502509,0.6197537076986609
2026-05-24,Flipkart,iPhone,iPhone 17 128GB,New,837.03,849.165,834.6409494530337,14.524050546966237,1.7103920377036546
2026-05-25,Flipkart,iPhone,iPhone 17 128GB,New,852.085,838.47,818.1197654150415,20.35023458495857,2.4270677048622575
2026-05-26,Flipkart,iPhone,iPhone 17 128GB,New,856.645,845.54,827.8868526341275,17.653147365872428,2.0877956531769555
2026-05-27,Flipkart,iPhone,iPhone 17 128GB,New,841.69,847.7,820.6418058125556,27.05819418744443,3.191954015270075
2026-05-28,Flipkart,iPhone,iPhone 17 128GB,New,854.355,856.33,828.0990534344631,28.230946565536897,3.2967368380807507
2026-05-29,Flipkart,iPhone,iPhone 17 128GB,New,845.14,844.89,829.773697414271,15.116302585728931,1.7891444549857298
2026-05-30,Flipkart,iPhone,iPhone 17 128GB,New,838.62,836.71,832.1915147695838,4.518485230416218,0.5400300259846563
2026-05-31,Flipkart,iPhone,iPhone 17 128GB,New,849.165,844.4649999999999,827.175669408553,17.28933059144697,2.0473708906167776
2026-06-01,Flipkart,iPhone,iPhone 17 128GB,New,838.47,860.78,830.2914280723629,30.488571927637054,3.5419702975948626
2026-06-02,Flipkart,iPhone,iPhone 17 128GB,New,845.54,841.57,827.3617328104615,14.20826718953856,1.688304857532773
2026-06-03,Flipkart,iPhone,iPhone 17 128GB,New,847.7,837.1949999999999,824.2427502726433,12.952249727356616,1.5471007026268213
2026-06-04,Flipkart,iPhone,iPhone 17 128GB,New,856.33,852.05,827.0742249489934,24.975775051006508,2.931256974474093
2026-06-05,Flipkart,iPhone,iPhone 17 128GB,New,844.89,854.9649999999999,825.2502506364034,29.714749363596525,3.475551556332309
2026-06-06,Flipkart,iPhone,iPhone 17 128GB,New,836.71,834.78,834.4932253618839,0.2867746381160714,0.03435331921177693
2026-06-07,Flipkart,iPhone,iPhone 17 128GB,New,844.4649999999999,845.33,835.5855256098084,9.744474390191613,1.1527420522389615
2026-06-08,Flipkart,iPhone,iPhone 17 128GB,New,860.78,833.7,829.0850574458859,4.614942554114123,0.5535495446940294
2026-06-10,Flipkart,iPhone,iPhone 17 128GB,New,837.1949999999999,840.86,826.8559634708488,14.004036529151222,1.6654421103573984
2026-06-11,Flipkart,iPhone,iPhone 17 128GB,New,852.05,857.81,822.1027105954435,35.70728940455649,4.16261053200085
2026-06-12,Flipkart,iPhone,iPhone 17 128GB,New,854.9649999999999,844.13,827.5887509821245,16.541249017875543,1.9595617994711174
2026-06-13,Flipkart,iPhone,iPhone 17 128GB,New,834.78,851.82,834.8047632735343,17.015236726465787,1.9975155228177062
2026-06-14,Flipkart,iPhone,iPhone 17 128GB,New,845.33,852.04,834.785219268656,17.254780731344,2.0251139302549173
2026-06-15,Flipkart,iPhone,iPhone 17 128GB,New,833.7,860.9549999999999,831.3628883088531,29.592111691146783,3.4371264109212194
2026-06-18,Flipkart,iPhone,iPhone 17 128GB,New,857.81,852.74,826.7779164874647,25.962083512535287,3.044548574305801
2026-06-19,Flipkart,iPhone,iPhone 17 128GB,New,844.13,848.545,828.9291308174141,19.61586918258581,2.311706413046546
2026-06-20,Flipkart,iPhone,iPhone 17 128GB,New,851.82,847.655,830.7385165357819,16.916483464218118,1.9956802548463843
2026-06-21,Flipkart,iPhone,iPhone 17 128GB,New,852.04,847.01,833.2627570083197,13.74724299168031,1.6230319584987556
2026-06-23,Flipkart,iPhone,iPhone 17 128GB,New,851.25,847.4100000000001,831.618705064548,15.791294935452129,1.8634775298205268
2026-06-25,Flipkart,iPhone,iPhone 17 128GB,New,852.74,846.0,823.7424985740537,22.257501425946316,2.6309103340362077
2026-06-26,Flipkart,iPhone,iPhone 17 128GB,New,848.545,843.415,831.9435497873341,11.4714502126659,1.3601193022018698
2026-06-27,Flipkart,iPhone,iPhone 17 128GB,New,847.655,852.27,830.2202977365288,22.049702263471204,2.5871733445353238
2026-06-28,Flipkart,iPhone,iPhone 17 128GB,New,847.01,851.41,836.5977162998653,14.812283700134685,1.7397356972709606
2026-06-30,Flipkart,iPhone,iPhone 17 128GB,New,847.4100000000001,849.95,825.8675515097266,24.082448490273464,2.8333959044971424
2026-07-01,Flipkart,iPhone,iPhone 17 128GB,New,857.04,842.56,831.2411499488335,11.318850051166464,1.3433880140484316
2026-07-02,Flipkart,iPhone,iPhone 17 128GB,New,846.0,848.64,825.474578263022,23.165421736978033,2.7297112717969965
2026-07-03,Flipkart,iPhone,iPhone 17 128GB,New,843.415,843.415,832.2043244734997,11.210675526500268,1.3292003967797903
2026-07-04,Flipkart,iPhone,iPhone 17 128GB,New,852.27,854.375,831.7297594687024,22.645240531297645,2.65050364667712
2026-07-05,Flipkart,iPhone,iPhone 17 128GB,New,851.41,840.75,838.6720029523128,2.0779970476871767,0.24715992241298562
2026-07-06,Flipkart,iPhone,iPhone 17 128GB,New,854.55,845.08,827.8861722594056,17.19382774059443,2.034579890731579
2026-07-07,Flipkart,iPhone,iPhone 17 128GB,New,849.95,835.4649999999999,827.4880006057708,7.976999394229097,0.9547975551613889
2026-07-08,Flipkart,iPhone,iPhone 17 128GB,New,842.56,845.54,835.5845282598063,9.955471740193616,1.177409908483764
2026-07-09,Flipkart,iPhone,iPhone 17 128GB,New,848.64,855.925,829.6741347120472,26.250865287952706,3.0669585872538723
2026-07-10,Flipkart,iPhone,iPhone 17 128GB,New,843.415,857.015,827.6732891518959,29.34171084810407,3.4237103023989164
2026-07-11,Flipkart,iPhone,iPhone 17 128GB,New,854.375,845.755,838.1011345829886,7.653865417011389,0.9049743030796612
2026-07-12,Flipkart,iPhone,iPhone 17 128GB,New,840.75,851.745,833.5551132416394,18.189886758360558,2.1356024113273993
2026-07-13,Flipkart,iPhone,iPhone 17 128GB,New,845.08,847.03,827.0809480571581,19.949051942841834,2.355176551343144
2026-07-14,Flipkart,iPhone,iPhone 17 128GB,New,835.4649999999999,857.83,828.2193806919572,29.61061930804283,3.451805055552129
2026-07-15,Flipkart,iPhone,iPhone 17 128GB,New,845.54,847.21,826.4037950854699,20.8062049145301,2.4558497792200398
2026-07-16,Flipkart,iPhone,iPhone 17 128GB,New,855.925,854.67,831.8697547996887,22.800245200311224,2.667724993308672
2026-07-17,Flipkart,iPhone,iPhone 17 128GB,New,857.015,848.75,825.75976960321,22.990230396790025,2.708716394319885
2026-07-18,Flipkart,iPhone,iPhone 17 128GB,New,845.755,861.335,832.7274713310533,28.60752866894677,3.321301081338477
2026-07-19,Flipkart,iPhone,iPhone 17 128GB,New,851.745,848.57,837.2333109241914,11.336689075808636,1.3359757092294844
2026-07-20,Flipkart,iPhone,iPhone 17 128GB,New,847.03,855.79,828.1154798126584,27.674520187341614,3.2337980330854084
2026-07-21,Flipkart,iPhone,iPhone 17 128GB,New,857.83,842.39,829.6597606152081,12.730239384791844,1.5112049507700522
2026-07-22,Flipkart,iPhone,iPhone 17 128GB,New,847.21,840.645,826.9052303447853,13.739769655214673,1.6344318535427764
2026-07-23,Flipkart,iPhone,iPhone 17 128GB,New,854.67,845.43,833.7628594419358,11.667140558064148,1.3800244323083104
2026-07-24,Flipkart,iPhone,iPhone 17 128GB,New,848.75,840.44,830.7040816859959,9.735918314004152,1.1584310972828697
2026-01-25,Flipkart,iPhone,iPhone 17 128GB,Renewed/Refurbished,644.51,642.32,655.8085615822604,13.488561582260331,2.0999753366328826
2026-01-26,Flipkart,iPhone,iPhone 17 128GB,Renewed/Refurbished,677.565,657.625,653.4517621854267,4.173237814573326,0.6345923306707206
2026-01-27,Flipkart,iPhone,iPhone 17 128GB,Renewed/Refurbished,647.575,655.26,660.387132187419,5.127132187418965,0.7824576790005441
2026-02-05,Flipkart,iPhone,iPhone 17 128GB,Renewed/Refurbished,669.235,697.665,649.8191811641507,47.845818835849286,6.85799328271438
2026-02-11,Flipkart,iPhone,iPhone 17 128GB,Renewed/Refurbished,668.255,591.42,644.6069202236341,53.18692022363416,8.993087860341916
2026-02-12,Flipkart,iPhone,iPhone 17 128GB,Renewed/Refurbished,697.665,666.015,665.0519947928577,0.9630052071422597,0.14459211986851042
2026-02-14,Flipkart,iPhone,iPhone 17 128GB,Renewed/Refurbished,690.15,712.33,673.2198737951584,39.11012620484166,5.490450522207637
2026-02-19,Flipkart,iPhone,iPhone 17 128GB,Renewed/Refurbished,666.015,671.44,646.2536933015803,25.1863066984198,3.751088213156767
2026-02-20,Flipkart,iPhone,iPhone 17 128GB,Renewed/Refurbished,607.53,674.735,641.5964863234468,33.1385136765532,4.911337588320333
2026-02-21,Flipkart,iPhone,iPhone 17 128GB,Renewed/Refurbished,712.33,634.7,644.4304979413062,9.730497941306112,1.5330861732008998
2026-02-22,Flipkart,iPhone,iPhone 17 128GB,Renewed/Refurbished,715.08,622.33,670.3350602520875,48.005060252087446,7.713762835165819
2026-02-26,Flipkart,iPhone,iPhone 17 128GB,Renewed/Refurbished,671.44,634.85,643.9548280439594,9.104828043959401,1.4341699683325826
2026-02-28,Flipkart,iPhone,iPhone 17 128GB,Renewed/Refurbished,634.7,664.2149999999999,647.2151027022499,16.999897297750067,2.5593967763073806
2026-03-03,Flipkart,iPhone,iPhone 17 128GB,Renewed/Refurbished,634.62,708.73,652.4681987907966,56.26180120920344,7.938397021320311
2026-03-04,Flipkart,iPhone,iPhone 17 128GB,Renewed/Refurbished,614.88,729.77,669.0503498572972,60.71965014270279,8.32038178367195
2026-03-10,Flipkart,iPhone,iPhone 17 128GB,Renewed/Refurbished,708.73,627.3,639.5793002118384,12.279300211838404,1.9574844909673847
2026-03-13,Flipkart,iPhone,iPhone 17 128GB,Renewed/Refurbished,651.54,658.435,644.1393886991066,14.29561130089337,2.1711499693809366
2026-03-15,Flipkart,iPhone,iPhone 17 128GB,Renewed/Refurbished,654.9100000000001,688.09,669.9680237116877,18.12197628831234,2.6336636614850293
2026-03-17,Flipkart,iPhone,iPhone 17 128GB,Renewed/Refurbished,627.3,651.82,642.9551696693868,8.864830330613245,1.360012017215373
2026-03-19,Flipkart,iPhone,iPhone 17 128GB,Renewed/Refurbished,603.95,705.96,635.5714221574218,70.38857784257823,9.970618426338351
2026-03-22,Flipkart,iPhone,iPhone 17 128GB,Renewed/Refurbished,688.09,655.22,662.5697012537997,7.349701253799708,1.1217150352247653
2026-03-23,Flipkart,iPhone,iPhone 17 128GB,Renewed/Refurbished,602.35,637.02,658.1257851522276,21.105785152227668,3.313206045685798
2026-03-24,Flipkart,iPhone,iPhone 17 128GB,Renewed/Refurbished,651.82,626.77,645.8043562763484,19.034356276348376,3.036896513290103
2026-03-25,Flipkart,iPhone,iPhone 17 128GB,Renewed/Refurbished,710.26,642.18,651.7872408631943,9.607240863194306,1.496035513904872
2026-03-26,Flipkart,iPhone,iPhone 17 128GB,Renewed/Refurbished,705.96,688.19,666.4343596719312,21.755640328068807,3.161283995418243
2026-03-28,Flipkart,iPhone,iPhone 17 128GB,Renewed/Refurbished,669.06,626.24,653.6433019901872,27.403301990187174,4.3758466386987696
2026-03-29,Flipkart,iPhone,iPhone 17 128GB,Renewed/Refurbished,655.22,622.28,667.661267235449,45.38126723544906,7.292740765483233
2026-03-30,Flipkart,iPhone,iPhone 17 128GB,Renewed/Refurbished,637.02,614.77,639.5367816310505,24.76678163105055,4.028625604868577
2026-03-31,Flipkart,iPhone,iPhone 17 128GB,Renewed/Refurbished,626.77,648.43,634.7047912909736,13.725208709026333,2.1166831745949963
2026-04-01,Flipkart,iPhone,iPhone 17 128GB,Renewed/Refurbished,642.18,620.57,647.5485757370648,26.978575737064716,4.347386392681682
2026-04-02,Flipkart,iPhone,iPhone 17 128GB,Renewed/Refurbished,688.19,655.13,655.4256424314347,0.29564243143465774,0.045127292512120915
2026-04-05,Flipkart,iPhone,iPhone 17 128GB,Renewed/Refurbished,622.28,643.59,633.7575451190244,9.83245488097566,1.5277513449518576
2026-04-06,Flipkart,iPhone,iPhone 17 128GB,Renewed/Refurbished,614.77,640.075,638.67453242703,1.4004675729700011,0.21879741795414617
2026-04-07,Flipkart,iPhone,iPhone 17 128GB,Renewed/Refurbished,648.43,603.45,649.6609235245575,46.210923524557415,7.657788304674358
2026-04-08,Flipkart,iPhone,iPhone 17 128GB,Renewed/Refurbished,620.57,661.69,636.7183140175906,24.97168598240944,3.773925249347797
2026-04-09,Flipkart,iPhone,iPhone 17 128GB,Renewed/Refurbished,655.13,675.45,641.5537468524155,33.8962531475845,5.0183215852519805
2026-04-12,Flipkart,iPhone,iPhone 17 128GB,Renewed/Refurbished,643.59,699.49,643.3354942320782,56.15450576792182,8.027921166553034
2026-04-13,Flipkart,iPhone,iPhone 17 128GB,Renewed/Refurbished,640.075,648.75,643.9360124631612,4.813987536838795,0.7420404681061726
2026-04-15,Flipkart,iPhone,iPhone 17 128GB,Renewed/Refurbished,661.69,631.235,620.777239131905,10.457760868094965,1.656714356475
2026-04-16,Flipkart,iPhone,iPhone 17 128GB,Renewed/Refurbished,675.45,629.595,669.5245849947019,39.92958499470183,6.342106432659381
2026-04-19,Flipkart,iPhone,iPhone 17 128GB,Renewed/Refurbished,699.49,635.98,671.0102763327848,35.03027633278475,5.508078293780425
2026-04-22,Flipkart,iPhone,iPhone 17 128GB,Renewed/Refurbished,631.235,684.13,651.0711078438995,33.058892156100455,4.832252957201184
2026-04-23,Flipkart,iPhone,iPhone 17 128GB,Renewed/Refurbished,629.595,644.54,636.8887992046377,7.651200795362229,1.1870792806283905
2026-04-25,Flipkart,iPhone,iPhone 17 128GB,Renewed/Refurbished,680.625,658.8,657.9992818771182,0.8007181228817899,0.12154191300573618
2026-04-26,Flipkart,iPhone,iPhone 17 128GB,Renewed/Refurbished,635.98,650.51,637.8773388994471,12.632661100552923,1.9419626294066077
2026-04-30,Flipkart,iPhone,iPhone 17 128GB,Renewed/Refurbished,644.54,724.52,654.3980689638245,70.12193103617551,9.678398254868812
2026-05-01,Flipkart,iPhone,iPhone 17 128GB,Renewed/Refurbished,683.6600000000001,713.76,657.5794204146031,56.18057958539691,7.871074252605485
2026-05-05,Flipkart,iPhone,iPhone 17 128GB,Renewed/Refurbished,713.81,624.86,658.0189831581092,33.15898315810921,5.306625989519125
2026-05-13,Flipkart,iPhone,iPhone 17 128GB,Renewed/Refurbished,710.85,616.04,660.2575118545764,44.2175118545764,7.1777014243517305
2026-05-16,Flipkart,iPhone,iPhone 17 128GB,Renewed/Refurbished,700.595,654.45,662.4401818233132,7.990181823313151,1.2209002709623578
2026-05-23,Flipkart,iPhone,iPhone 17 128GB,Renewed/Refurbished,654.45,670.98,642.4940506544294,28.48594934557059,4.245424505286385
2026-05-24,Flipkart,iPhone,iPhone 17 128GB,Renewed/Refurbished,660.345,724.73,661.1003672916551,63.62963270834496,8.779770770955384
2026-05-25,Flipkart,iPhone,iPhone 17 128GB,Renewed/Refurbished,668.75,717.69,643.3985727551451,74.29142724485496,10.351464733360498
2026-05-30,Flipkart,iPhone,iPhone 17 128GB,Renewed/Refurbished,670.98,673.92,654.3289634478405,19.591036552159494,2.907027028751112
2026-06-01,Flipkart,iPhone,iPhone 17 128GB,Renewed/Refurbished,717.69,689.95,688.0299932298872,1.9200067701128773,0.2782820161044825
2026-06-03,Flipkart,iPhone,iPhone 17 128GB,Renewed/Refurbished,695.56,687.2,669.2467563891892,17.953243610810887,2.6125208979643313
2026-06-14,Flipkart,iPhone,iPhone 17 128GB,Renewed/Refurbished,639.76,671.7,661.0139415704311,10.686058429568902,1.590897488397931
2026-06-18,Flipkart,iPhone,iPhone 17 128GB,Renewed/Refurbished,596.45,715.37,646.9702760581091,68.3997239418909,9.561447075204565
2026-06-22,Flipkart,iPhone,iPhone 17 128GB,Renewed/Refurbished,592.54,678.73,632.2527050479256,46.47729495207443,6.8476853759336445
2026-06-23,Flipkart,iPhone,iPhone 17 128GB,Renewed/Refurbished,584.64,653.45,626.8258411075735,26.62415889242652,4.074398789873214
2026-06-24,Flipkart,iPhone,iPhone 17 128GB,Renewed/Refurbished,707.5050000000001,645.9449999999999,671.0086293191778,25.063629319177835,3.8801491333128735
2026-06-25,Flipkart,iPhone,iPhone 17 128GB,Renewed/Refurbished,715.37,655.63,667.6438341748385,12.013834174838507,1.832410685117903
2026-06-26,Flipkart,iPhone,iPhone 17 128GB,Renewed/Refurbished,705.0,663.36,662.7017029970742,0.6582970029257922,0.09923676479223834
2026-06-29,Flipkart,iPhone,iPhone 17 128GB,Renewed/Refurbished,678.73,628.39,687.6240290697983,59.23402906979834,9.42631631149419
2026-07-02,Flipkart,iPhone,iPhone 17 128GB,Renewed/Refurbished,655.63,622.9449999999999,668.4981560340266,45.55315603402664,7.312548625324331
2026-07-03,Flipkart,iPhone,iPhone 17 128GB,Renewed/Refurbished,663.36,639.28,659.3730681037148,20.093068103714813,3.1430778537909543
2026-07-04,Flipkart,iPhone,iPhone 17 128GB,Renewed/Refurbished,668.27,721.9,655.7288849408744,66.17111505912555,9.166243947794094
2026-07-05,Flipkart,iPhone,iPhone 17 128GB,Renewed/Refurbished,625.18,650.61,659.6853526137104,9.075352613710379,1.3948990353222943
2026-07-06,Flipkart,iPhone,iPhone 17 128GB,Renewed/Refurbished,628.39,624.5,654.717659650978,30.21765965097802,4.838696501357569
2026-07-10,Flipkart,iPhone,iPhone 17 128GB,Renewed/Refurbished,639.28,610.9,653.9881931910061,43.0881931910061,7.0532318204298745
2026-07-11,Flipkart,iPhone,iPhone 17 128GB,Renewed/Refurbished,721.9,679.625,686.4437662174291,6.818766217429129,1.0033130354870892
2026-07-12,Flipkart,iPhone,iPhone 17 128GB,Renewed/Refurbished,650.61,671.04,658.7302145016113,12.309785498388692,1.8344339381242092
2026-07-14,Flipkart,iPhone,iPhone 17 128GB,Renewed/Refurbished,657.76,639.905,646.1937253989521,6.288725398952124,0.9827592219082715
2026-07-15,Flipkart,iPhone,iPhone 17 128GB,Renewed/Refurbished,679.935,683.47,662.8618672201341,20.60813277986597,3.015221264995679
2026-07-17,Flipkart,iPhone,iPhone 17 128GB,Renewed/Refurbished,610.9,670.21,643.4315789767038,26.778421023296232,3.995526927872791
2026-07-19,Flipkart,iPhone,iPhone 17 128GB,Renewed/Refurbished,671.04,691.81,648.4769346866499,43.33306531335006,6.263723466464791
2026-07-22,Flipkart,iPhone,iPhone 17 128GB,Renewed/Refurbished,683.47,665.575,657.5674506366865,8.007549363313501,1.203102484815911
2026-07-23,Flipkart,iPhone,iPhone 17 128GB,Renewed/Refurbished,660.78,693.365,642.109037000868,51.25596299913195,7.392349339688613
2026-07-24,Flipkart,iPhone,iPhone 17 128GB,Renewed/Refurbished,670.21,684.63,645.2560657876089,39.37393421239108,5.75112604069221
